Workbook

Sheet 使用说明
A1: 动作要素工时与员工负荷表模板
A3: 用途 | B3: 用于录入单个工序下的多个动作要素测量时间，自动计算动作平均ST、工序总ST、宽放ST，并生成动作堆叠山积图和员工负荷表。
A4: 容量 | B4: 无宏稳定模板，预置 140 个工序，每个工序 5 行动作要素，共 700 行。
A5: 动作序号 | B5: 动作序号按 ST1、ST2、ST3、ST4、ST5 填充，表示一个工序内的五个动作段。
A6: 山积分析 | B6: 山积图柱形展示真实动作平均ST堆叠，并显示每段时间标签；TT基准用折线显示。
A7: 员工负荷表 | B7: 横向自动抓取工序号、工序名称、动作名称、动作时间、总工时、目标节拍和实际节拍。

Sheet 参数设置
A1: 参数设置
A2: 参数 | B2: 数值 | C2: 说明
A3: 计划单班产量(pcs/班) | C3: 由用户自行填写，用于计算目标节拍 TT
A4: 班次工时(h/班) | B4: 11 | C4: 单班可用工时
A5: 稼动率 | B5: 1 | C5: 有效生产时间比例
A6: 宽放率 | B6: 0.05 | C6: 用于补充计算宽放ST，不参与山积图柱形
A7: 目标节拍TT(s) | B7: =IFERROR(B4*3600*B5/B3,"") | C7: 单班可用秒数除以计划单班产量

Sheet 动作要素测量
A1: 动作要素测量
A2: 工序号 | B2: 工序名称 | C2: 动作序号 | D2: 动作单元描述 | E2: ST1 | F2: ST2 | G2: ST3 | H2: ST4 | I2: ST5 | J2: 平均ST | K2: 工序总ST | L2: 宽放ST | M2: TT基准 | N2: 状态 | O2: 备注
A3: 1 | C3: ST1 | J3: =IF(COUNT(E3:I3)=0,"",AVERAGE(E3:I3)) | K3: =IF(C3<>"ST1","",IF(COUNTIFS($A:$A,A3,$J:$J,"<>")=0,"",SUMIFS($J:$J,$A:$A,A3))) -> 0 | L3: =IF(C3<>"ST1","",IF(K3="","",K3*(1+参数设置!$B$6))) -> 0 | M3: =IF(A3="","",参数设置!$B$7) | N3: =IF(K3="","",IF(M3="","",IF(K3>M3,"超节拍",IF(K3>=M3*0.9,"接近上限","正常"))))
A4: 1 | C4: ST2 | J4: =IF(COUNT(E4:I4)=0,"",AVERAGE(E4:I4)) | K4: =IF(C4<>"ST1","",IF(COUNTIFS($A:$A,A4,$J:$J,"<>")=0,"",SUMIFS($J:$J,$A:$A,A4))) | L4: =IF(C4<>"ST1","",IF(K4="","",K4*(1+参数设置!$B$6))) | M4: =IF(A4="","",参数设置!$B$7) | N4: =IF(K4="","",IF(M4="","",IF(K4>M4,"超节拍",IF(K4>=M4*0.9,"接近上限","正常"))))
A5: 1 | C5: ST3 | J5: =IF(COUNT(E5:I5)=0,"",AVERAGE(E5:I5)) | K5: =IF(C5<>"ST1","",IF(COUNTIFS($A:$A,A5,$J:$J,"<>")=0,"",SUMIFS($J:$J,$A:$A,A5))) | L5: =IF(C5<>"ST1","",IF(K5="","",K5*(1+参数设置!$B$6))) | M5: =IF(A5="","",参数设置!$B$7) | N5: =IF(K5="","",IF(M5="","",IF(K5>M5,"超节拍",IF(K5>=M5*0.9,"接近上限","正常"))))
A6: 1 | C6: ST4 | J6: =IF(COUNT(E6:I6)=0,"",AVERAGE(E6:I6)) | K6: =IF(C6<>"ST1","",IF(COUNTIFS($A:$A,A6,$J:$J,"<>")=0,"",SUMIFS($J:$J,$A:$A,A6))) | L6: =IF(C6<>"ST1","",IF(K6="","",K6*(1+参数设置!$B$6))) | M6: =IF(A6="","",参数设置!$B$7) | N6: =IF(K6="","",IF(M6="","",IF(K6>M6,"超节拍",IF(K6>=M6*0.9,"接近上限","正常"))))
A7: 1 | C7: ST5 | J7: =IF(COUNT(E7:I7)=0,"",AVERAGE(E7:I7)) | K7: =IF(C7<>"ST1","",IF(COUNTIFS($A:$A,A7,$J:$J,"<>")=0,"",SUMIFS($J:$J,$A:$A,A7))) | L7: =IF(C7<>"ST1","",IF(K7="","",K7*(1+参数设置!$B$6))) | M7: =IF(A7="","",参数设置!$B$7) | N7: =IF(K7="","",IF(M7="","",IF(K7>M7,"超节拍",IF(K7>=M7*0.9,"接近上限","正常"))))
A8: 2 | C8: ST1 | J8: =IF(COUNT(E8:I8)=0,"",AVERAGE(E8:I8)) | K8: =IF(C8<>"ST1","",IF(COUNTIFS($A:$A,A8,$J:$J,"<>")=0,"",SUMIFS($J:$J,$A:$A,A8))) -> 0 | L8: =IF(C8<>"ST1","",IF(K8="","",K8*(1+参数设置!$B$6))) -> 0 | M8: =IF(A8="","",参数设置!$B$7) | N8: =IF(K8="","",IF(M8="","",IF(K8>M8,"超节拍",IF(K8>=M8*0.9,"接近上限","正常"))))
A9: 2 | C9: ST2 | J9: =IF(COUNT(E9:I9)=0,"",AVERAGE(E9:I9)) | K9: =IF(C9<>"ST1","",IF(COUNTIFS($A:$A,A9,$J:$J,"<>")=0,"",SUMIFS($J:$J,$A:$A,A9))) | L9: =IF(C9<>"ST1","",IF(K9="","",K9*(1+参数设置!$B$6))) | M9: =IF(A9="","",参数设置!$B$7) | N9: =IF(K9="","",IF(M9="","",IF(K9>M9,"超节拍",IF(K9>=M9*0.9,"接近上限","正常"))))
A10: 2 | C10: ST3 | J10: =IF(COUNT(E10:I10)=0,"",AVERAGE(E10:I10)) | K10: =IF(C10<>"ST1","",IF(COUNTIFS($A:$A,A10,$J:$J,"<>")=0,"",SUMIFS($J:$J,$A:$A,A10))) | L10: =IF(C10<>"ST1","",IF(K10="","",K10*(1+参数设置!$B$6))) | M10: =IF(A10="","",参数设置!$B$7) | N10: =IF(K10="","",IF(M10="","",IF(K10>M10,"超节拍",IF(K10>=M10*0.9,"接近上限","正常"))))
A11: 2 | C11: ST4 | J11: =IF(COUNT(E11:I11)=0,"",AVERAGE(E11:I11)) | K11: =IF(C11<>"ST1","",IF(COUNTIFS($A:$A,A11,$J:$J,"<>")=0,"",SUMIFS($J:$J,$A:$A,A11))) | L11: =IF(C11<>"ST1","",IF(K11="","",K11*(1+参数设置!$B$6))) | M11: =IF(A11="","",参数设置!$B$7) | N11: =IF(K11="","",IF(M11="","",IF(K11>M11,"超节拍",IF(K11>=M11*0.9,"接近上限","正常"))))
A12: 2 | C12: ST5 | J12: =IF(COUNT(E12:I12)=0,"",AVERAGE(E12:I12)) | K12: =IF(C12<>"ST1","",IF(COUNTIFS($A:$A,A12,$J:$J,"<>")=0,"",SUMIFS($J:$J,$A:$A,A12))) | L12: =IF(C12<>"ST1","",IF(K12="","",K12*(1+参数设置!$B$6))) | M12: =IF(A12="","",参数设置!$B$7) | N12: =IF(K12="","",IF(M12="","",IF(K12>M12,"超节拍",IF(K12>=M12*0.9,"接近上限","正常"))))
A13: 3 | C13: ST1 | J13: =IF(COUNT(E13:I13)=0,"",AVERAGE(E13:I13)) | K13: =IF(C13<>"ST1","",IF(COUNTIFS($A:$A,A13,$J:$J,"<>")=0,"",SUMIFS($J:$J,$A:$A,A13))) -> 0 | L13: =IF(C13<>"ST1","",IF(K13="","",K13*(1+参数设置!$B$6))) -> 0 | M13: =IF(A13="","",参数设置!$B$7) | N13: =IF(K13="","",IF(M13="","",IF(K13>M13,"超节拍",IF(K13>=M13*0.9,"接近上限","正常"))))
A14: 3 | C14: ST2 | J14: =IF(COUNT(E14:I14)=0,"",AVERAGE(E14:I14)) | K14: =IF(C14<>"ST1","",IF(COUNTIFS($A:$A,A14,$J:$J,"<>")=0,"",SUMIFS($J:$J,$A:$A,A14))) | L14: =IF(C14<>"ST1","",IF(K14="","",K14*(1+参数设置!$B$6))) | M14: =IF(A14="","",参数设置!$B$7) | N14: =IF(K14="","",IF(M14="","",IF(K14>M14,"超节拍",IF(K14>=M14*0.9,"接近上限","正常"))))
... A702: 140 | C702: ST5 | J702: =IF(COUNT(E702:I702)=0,"",AVERAGE(E702:I702)) | K702: =IF(C702<>"ST1","",IF(COUNTIFS($A:$A,A702,$J:$J,"<>")=0,"",SUMIFS($J:$J,$A:$A,A702))) | L702: =IF(C702<>"ST1","",IF(K702="","",K702*(1+参数设置!$B$6))) | M702: =IF(A702="","",参数设置!$B$7) | N702: =IF(K702="","",IF(M702="","",IF(K702>M702,"超节拍",IF(K702>=M702*0.9,"接近上限","正常"))))

Sheet 员工负荷表
A1: 工序序号 | B1: =动作要素测量!A3 -> 1 | C1: =动作要素测量!A8 -> 2 | D1: =动作要素测量!A13 -> 3 | E1: =动作要素测量!A18 -> 4 | F1: =动作要素测量!A23 -> 5 | G1: =动作要素测量!A28 -> 6 | H1: =动作要素测量!A33 -> 7 | I1: =动作要素测量!A38 -> 8 | J1: =动作要素测量!A43 -> 9 | K1: =动作要素测量!A48 -> 10 | L1: =动作要素测量!A53 -> 11 | M1: =动作要素测量!A58 -> 12 | N1: =动作要素测量!A63 -> 13 | O1: =动作要素测量!A68 -> 14 | P1: =动作要素测量!A73 -> 15 | Q1: =动作要素测量!A78 -> 16 | R1: =动作要素测量!A83 -> 17 | S1: =动作要素测量!A88 -> 18 | T1: =动作要素测量!A93 -> 19 | U1: =动作要素测量!A98 -> 20 | V1: =动作要素测量!A103 -> 21 | W1: =动作要素测量!A108 -> 22 | X1: =动作要素测量!A113 -> 23 | Y1: =动作要素测量!A118 -> 24 | Z1: =动作要素测量!A123 -> 25 | AA1: =动作要素测量!A128 -> 26 | AB1: =动作要素测量!A133 -> 27 | AC1: =动作要素测量!A138 -> 28 | AD1: =动作要素测量!A143 -> 29 | AE1: =动作要素测量!A148 -> 30 | AF1: =动作要素测量!A153 -> 31 | AG1: =动作要素测量!A158 -> 32 | AH1: =动作要素测量!A163 -> 33 | AI1: =动作要素测量!A168 -> 34 | AJ1: =动作要素测量!A173 -> 35 | AK1: =动作要素测量!A178 -> 36 | AL1: =动作要素测量!A183 -> 37 | AM1: =动作要素测量!A188 -> 38 | AN1: =动作要素测量!A193 -> 39 | AO1: =动作要素测量!A198 -> 40 | AP1: =动作要素测量!A203 -> 41 | AQ1: =动作要素测量!A208 -> 42 | AR1: =动作要素测量!A213 -> 43 | AS1: =动作要素测量!A218 -> 44 | AT1: =动作要素测量!A223 -> 45 | AU1: =动作要素测量!A228 -> 46 | AV1: =动作要素测量!A233 -> 47 | AW1: =动作要素测量!A238 -> 48 | AX1: =动作要素测量!A243 -> 49 | AY1: =动作要素测量!A248 -> 50 | AZ1: =动作要素测量!A253 -> 51 | BA1: =动作要素测量!A258 -> 52 | BB1: =动作要素测量!A263 -> 53 | BC1: =动作要素测量!A268 -> 54 | BD1: =动作要素测量!A273 -> 55 | BE1: =动作要素测量!A278 -> 56 | BF1: =动作要素测量!A283 -> 57 | BG1: =动作要素测量!A288 -> 58 | BH1: =动作要素测量!A293 -> 59 | BI1: =动作要素测量!A298 -> 60 | BJ1: =动作要素测量!A303 -> 61 | BK1: =动作要素测量!A308 -> 62 | BL1: =动作要素测量!A313 -> 63 | BM1: =动作要素测量!A318 -> 64 | BN1: =动作要素测量!A323 -> 65 | BO1: =动作要素测量!A328 -> 66 | BP1: =动作要素测量!A333 -> 67 | BQ1: =动作要素测量!A338 -> 68 | BR1: =动作要素测量!A343 -> 69 | BS1: =动作要素测量!A348 -> 70 | BT1: =动作要素测量!A353 -> 71 | BU1: =动作要素测量!A358 -> 72 | BV1: =动作要素测量!A363 -> 73 | BW1: =动作要素测量!A368 -> 74 | BX1: =动作要素测量!A373 -> 75 | BY1: =动作要素测量!A378 -> 76 | BZ1: =动作要素测量!A383 -> 77 | CA1: =动作要素测量!A388 -> 78 | CB1: =动作要素测量!A393 -> 79 | CC1: =动作要素测量!A398 -> 80 | CD1: =动作要素测量!A403 -> 81 | CE1: =动作要素测量!A408 -> 82 | CF1: =动作要素测量!A413 -> 83 | CG1: =动作要素测量!A418 -> 84 | CH1: =动作要素测量!A423 -> 85 | CI1: =动作要素测量!A428 -> 86 | CJ1: =动作要素测量!A433 -> 87 | CK1: =动作要素测量!A438 -> 88 | CL1: =动作要素测量!A443 -> 89 | CM1: =动作要素测量!A448 -> 90 | CN1: =动作要素测量!A453 -> 91 | CO1: =动作要素测量!A458 -> 92 | CP1: =动作要素测量!A463 -> 93 | CQ1: =动作要素测量!A468 -> 94 | CR1: =动作要素测量!A473 -> 95 | CS1: =动作要素测量!A478 -> 96 | CT1: =动作要素测量!A483 -> 97 | CU1: =动作要素测量!A488 -> 98 | CV1: =动作要素测量!A493 -> 99 | CW1: =动作要素测量!A498 -> 100 | CX1: =动作要素测量!A503 -> 101 | CY1: =动作要素测量!A508 -> 102 | CZ1: =动作要素测量!A513 -> 103 | DA1: =动作要素测量!A518 -> 104 | DB1: =动作要素测量!A523 -> 105 | DC1: =动作要素测量!A528 -> 106 | DD1: =动作要素测量!A533 -> 107 | DE1: =动作要素测量!A538 -> 108 | DF1: =动作要素测量!A543 -> 109 | DG1: =动作要素测量!A548 -> 110 | DH1: =动作要素测量!A553 -> 111 | DI1: =动作要素测量!A558 -> 112 | DJ1: =动作要素测量!A563 -> 113 | DK1: =动作要素测量!A568 -> 114 | DL1: =动作要素测量!A573 -> 115 | DM1: =动作要素测量!A578 -> 116 | DN1: =动作要素测量!A583 -> 117 | DO1: =动作要素测量!A588 -> 118 | DP1: =动作要素测量!A593 -> 119 | DQ1: =动作要素测量!A598 -> 120 | DR1: =动作要素测量!A603 -> 121 | DS1: =动作要素测量!A608 -> 122 | DT1: =动作要素测量!A613 -> 123 | DU1: =动作要素测量!A618 -> 124 | DV1: =动作要素测量!A623 -> 125 | DW1: =动作要素测量!A628 -> 126 | DX1: =动作要素测量!A633 -> 127 | DY1: =动作要素测量!A638 -> 128 | DZ1: =动作要素测量!A643 -> 129 | EA1: =动作要素测量!A648 -> 130 | EB1: =动作要素测量!A653 -> 131 | EC1: =动作要素测量!A658 -> 132 | ED1: =动作要素测量!A663 -> 133 | EE1: =动作要素测量!A668 -> 134 | EF1: =动作要素测量!A673 -> 135 | EG1: =动作要素测量!A678 -> 136 | EH1: =动作要素测量!A683 -> 137 | EI1: =动作要素测量!A688 -> 138 | EJ1: =动作要素测量!A693 -> 139 | EK1: =动作要素测量!A698 -> 140
A2: 工序名称 | B2: =IF(动作要素测量!B3="","",动作要素测量!B3) | C2: =IF(动作要素测量!B8="","",动作要素测量!B8) | D2: =IF(动作要素测量!B13="","",动作要素测量!B13) | E2: =IF(动作要素测量!B18="","",动作要素测量!B18) | F2: =IF(动作要素测量!B23="","",动作要素测量!B23) | G2: =IF(动作要素测量!B28="","",动作要素测量!B28) | H2: =IF(动作要素测量!B33="","",动作要素测量!B33) | I2: =IF(动作要素测量!B38="","",动作要素测量!B38) | J2: =IF(动作要素测量!B43="","",动作要素测量!B43) | K2: =IF(动作要素测量!B48="","",动作要素测量!B48) | L2: =IF(动作要素测量!B53="","",动作要素测量!B53) | M2: =IF(动作要素测量!B58="","",动作要素测量!B58) | N2: =IF(动作要素测量!B63="","",动作要素测量!B63) | O2: =IF(动作要素测量!B68="","",动作要素测量!B68) | P2: =IF(动作要素测量!B73="","",动作要素测量!B73) | Q2: =IF(动作要素测量!B78="","",动作要素测量!B78) | R2: =IF(动作要素测量!B83="","",动作要素测量!B83) | S2: =IF(动作要素测量!B88="","",动作要素测量!B88) | T2: =IF(动作要素测量!B93="","",动作要素测量!B93) | U2: =IF(动作要素测量!B98="","",动作要素测量!B98) | V2: =IF(动作要素测量!B103="","",动作要素测量!B103) | W2: =IF(动作要素测量!B108="","",动作要素测量!B108) | X2: =IF(动作要素测量!B113="","",动作要素测量!B113) | Y2: =IF(动作要素测量!B118="","",动作要素测量!B118) | Z2: =IF(动作要素测量!B123="","",动作要素测量!B123) | AA2: =IF(动作要素测量!B128="","",动作要素测量!B128) | AB2: =IF(动作要素测量!B133="","",动作要素测量!B133) | AC2: =IF(动作要素测量!B138="","",动作要素测量!B138) | AD2: =IF(动作要素测量!B143="","",动作要素测量!B143) | AE2: =IF(动作要素测量!B148="","",动作要素测量!B148) | AF2: =IF(动作要素测量!B153="","",动作要素测量!B153) | AG2: =IF(动作要素测量!B158="","",动作要素测量!B158) | AH2: =IF(动作要素测量!B163="","",动作要素测量!B163) | AI2: =IF(动作要素测量!B168="","",动作要素测量!B168) | AJ2: =IF(动作要素测量!B173="","",动作要素测量!B173) | AK2: =IF(动作要素测量!B178="","",动作要素测量!B178) | AL2: =IF(动作要素测量!B183="","",动作要素测量!B183) | AM2: =IF(动作要素测量!B188="","",动作要素测量!B188) | AN2: =IF(动作要素测量!B193="","",动作要素测量!B193) | AO2: =IF(动作要素测量!B198="","",动作要素测量!B198) | AP2: =IF(动作要素测量!B203="","",动作要素测量!B203) | AQ2: =IF(动作要素测量!B208="","",动作要素测量!B208) | AR2: =IF(动作要素测量!B213="","",动作要素测量!B213) | AS2: =IF(动作要素测量!B218="","",动作要素测量!B218) | AT2: =IF(动作要素测量!B223="","",动作要素测量!B223) | AU2: =IF(动作要素测量!B228="","",动作要素测量!B228) | AV2: =IF(动作要素测量!B233="","",动作要素测量!B233) | AW2: =IF(动作要素测量!B238="","",动作要素测量!B238) | AX2: =IF(动作要素测量!B243="","",动作要素测量!B243) | AY2: =IF(动作要素测量!B248="","",动作要素测量!B248) | AZ2: =IF(动作要素测量!B253="","",动作要素测量!B253) | BA2: =IF(动作要素测量!B258="","",动作要素测量!B258) | BB2: =IF(动作要素测量!B263="","",动作要素测量!B263) | BC2: =IF(动作要素测量!B268="","",动作要素测量!B268) | BD2: =IF(动作要素测量!B273="","",动作要素测量!B273) | BE2: =IF(动作要素测量!B278="","",动作要素测量!B278) | BF2: =IF(动作要素测量!B283="","",动作要素测量!B283) | BG2: =IF(动作要素测量!B288="","",动作要素测量!B288) | BH2: =IF(动作要素测量!B293="","",动作要素测量!B293) | BI2: =IF(动作要素测量!B298="","",动作要素测量!B298) | BJ2: =IF(动作要素测量!B303="","",动作要素测量!B303) | BK2: =IF(动作要素测量!B308="","",动作要素测量!B308) | BL2: =IF(动作要素测量!B313="","",动作要素测量!B313) | BM2: =IF(动作要素测量!B318="","",动作要素测量!B318) | BN2: =IF(动作要素测量!B323="","",动作要素测量!B323) | BO2: =IF(动作要素测量!B328="","",动作要素测量!B328) | BP2: =IF(动作要素测量!B333="","",动作要素测量!B333) | BQ2: =IF(动作要素测量!B338="","",动作要素测量!B338) | BR2: =IF(动作要素测量!B343="","",动作要素测量!B343) | BS2: =IF(动作要素测量!B348="","",动作要素测量!B348) | BT2: =IF(动作要素测量!B353="","",动作要素测量!B353) | BU2: =IF(动作要素测量!B358="","",动作要素测量!B358) | BV2: =IF(动作要素测量!B363="","",动作要素测量!B363) | BW2: =IF(动作要素测量!B368="","",动作要素测量!B368) | BX2: =IF(动作要素测量!B373="","",动作要素测量!B373) | BY2: =IF(动作要素测量!B378="","",动作要素测量!B378) | BZ2: =IF(动作要素测量!B383="","",动作要素测量!B383) | CA2: =IF(动作要素测量!B388="","",动作要素测量!B388) | CB2: =IF(动作要素测量!B393="","",动作要素测量!B393) | CC2: =IF(动作要素测量!B398="","",动作要素测量!B398) | CD2: =IF(动作要素测量!B403="","",动作要素测量!B403) | CE2: =IF(动作要素测量!B408="","",动作要素测量!B408) | CF2: =IF(动作要素测量!B413="","",动作要素测量!B413) | CG2: =IF(动作要素测量!B418="","",动作要素测量!B418) | CH2: =IF(动作要素测量!B423="","",动作要素测量!B423) | CI2: =IF(动作要素测量!B428="","",动作要素测量!B428) | CJ2: =IF(动作要素测量!B433="","",动作要素测量!B433) | CK2: =IF(动作要素测量!B438="","",动作要素测量!B438) | CL2: =IF(动作要素测量!B443="","",动作要素测量!B443) | CM2: =IF(动作要素测量!B448="","",动作要素测量!B448) | CN2: =IF(动作要素测量!B453="","",动作要素测量!B453) | CO2: =IF(动作要素测量!B458="","",动作要素测量!B458) | CP2: =IF(动作要素测量!B463="","",动作要素测量!B463) | CQ2: =IF(动作要素测量!B468="","",动作要素测量!B468) | CR2: =IF(动作要素测量!B473="","",动作要素测量!B473) | CS2: =IF(动作要素测量!B478="","",动作要素测量!B478) | CT2: =IF(动作要素测量!B483="","",动作要素测量!B483) | CU2: =IF(动作要素测量!B488="","",动作要素测量!B488) | CV2: =IF(动作要素测量!B493="","",动作要素测量!B493) | CW2: =IF(动作要素测量!B498="","",动作要素测量!B498) | CX2: =IF(动作要素测量!B503="","",动作要素测量!B503) | CY2: =IF(动作要素测量!B508="","",动作要素测量!B508) | CZ2: =IF(动作要素测量!B513="","",动作要素测量!B513) | DA2: =IF(动作要素测量!B518="","",动作要素测量!B518) | DB2: =IF(动作要素测量!B523="","",动作要素测量!B523) | DC2: =IF(动作要素测量!B528="","",动作要素测量!B528) | DD2: =IF(动作要素测量!B533="","",动作要素测量!B533) | DE2: =IF(动作要素测量!B538="","",动作要素测量!B538) | DF2: =IF(动作要素测量!B543="","",动作要素测量!B543) | DG2: =IF(动作要素测量!B548="","",动作要素测量!B548) | DH2: =IF(动作要素测量!B553="","",动作要素测量!B553) | DI2: =IF(动作要素测量!B558="","",动作要素测量!B558) | DJ2: =IF(动作要素测量!B563="","",动作要素测量!B563) | DK2: =IF(动作要素测量!B568="","",动作要素测量!B568) | DL2: =IF(动作要素测量!B573="","",动作要素测量!B573) | DM2: =IF(动作要素测量!B578="","",动作要素测量!B578) | DN2: =IF(动作要素测量!B583="","",动作要素测量!B583) | DO2: =IF(动作要素测量!B588="","",动作要素测量!B588) | DP2: =IF(动作要素测量!B593="","",动作要素测量!B593) | DQ2: =IF(动作要素测量!B598="","",动作要素测量!B598) | DR2: =IF(动作要素测量!B603="","",动作要素测量!B603) | DS2: =IF(动作要素测量!B608="","",动作要素测量!B608) | DT2: =IF(动作要素测量!B613="","",动作要素测量!B613) | DU2: =IF(动作要素测量!B618="","",动作要素测量!B618) | DV2: =IF(动作要素测量!B623="","",动作要素测量!B623) | DW2: =IF(动作要素测量!B628="","",动作要素测量!B628) | DX2: =IF(动作要素测量!B633="","",动作要素测量!B633) | DY2: =IF(动作要素测量!B638="","",动作要素测量!B638) | DZ2: =IF(动作要素测量!B643="","",动作要素测量!B643) | EA2: =IF(动作要素测量!B648="","",动作要素测量!B648) | EB2: =IF(动作要素测量!B653="","",动作要素测量!B653) | EC2: =IF(动作要素测量!B658="","",动作要素测量!B658) | ED2: =IF(动作要素测量!B663="","",动作要素测量!B663) | EE2: =IF(动作要素测量!B668="","",动作要素测量!B668) | EF2: =IF(动作要素测量!B673="","",动作要素测量!B673) | EG2: =IF(动作要素测量!B678="","",动作要素测量!B678) | EH2: =IF(动作要素测量!B683="","",动作要素测量!B683) | EI2: =IF(动作要素测量!B688="","",动作要素测量!B688) | EJ2: =IF(动作要素测量!B693="","",动作要素测量!B693) | EK2: =IF(动作要素测量!B698="","",动作要素测量!B698)
A3: ST1动作 | B3: =IF(动作要素测量!D3="","",动作要素测量!D3) | C3: =IF(动作要素测量!D8="","",动作要素测量!D8) | D3: =IF(动作要素测量!D13="","",动作要素测量!D13) | E3: =IF(动作要素测量!D18="","",动作要素测量!D18) | F3: =IF(动作要素测量!D23="","",动作要素测量!D23) | G3: =IF(动作要素测量!D28="","",动作要素测量!D28) | H3: =IF(动作要素测量!D33="","",动作要素测量!D33) | I3: =IF(动作要素测量!D38="","",动作要素测量!D38) | J3: =IF(动作要素测量!D43="","",动作要素测量!D43) | K3: =IF(动作要素测量!D48="","",动作要素测量!D48) | L3: =IF(动作要素测量!D53="","",动作要素测量!D53) | M3: =IF(动作要素测量!D58="","",动作要素测量!D58) | N3: =IF(动作要素测量!D63="","",动作要素测量!D63) | O3: =IF(动作要素测量!D68="","",动作要素测量!D68) | P3: =IF(动作要素测量!D73="","",动作要素测量!D73) | Q3: =IF(动作要素测量!D78="","",动作要素测量!D78) | R3: =IF(动作要素测量!D83="","",动作要素测量!D83) | S3: =IF(动作要素测量!D88="","",动作要素测量!D88) | T3: =IF(动作要素测量!D93="","",动作要素测量!D93) | U3: =IF(动作要素测量!D98="","",动作要素测量!D98) | V3: =IF(动作要素测量!D103="","",动作要素测量!D103) | W3: =IF(动作要素测量!D108="","",动作要素测量!D108) | X3: =IF(动作要素测量!D113="","",动作要素测量!D113) | Y3: =IF(动作要素测量!D118="","",动作要素测量!D118) | Z3: =IF(动作要素测量!D123="","",动作要素测量!D123) | AA3: =IF(动作要素测量!D128="","",动作要素测量!D128) | AB3: =IF(动作要素测量!D133="","",动作要素测量!D133) | AC3: =IF(动作要素测量!D138="","",动作要素测量!D138) | AD3: =IF(动作要素测量!D143="","",动作要素测量!D143) | AE3: =IF(动作要素测量!D148="","",动作要素测量!D148) | AF3: =IF(动作要素测量!D153="","",动作要素测量!D153) | AG3: =IF(动作要素测量!D158="","",动作要素测量!D158) | AH3: =IF(动作要素测量!D163="","",动作要素测量!D163) | AI3: =IF(动作要素测量!D168="","",动作要素测量!D168) | AJ3: =IF(动作要素测量!D173="","",动作要素测量!D173) | AK3: =IF(动作要素测量!D178="","",动作要素测量!D178) | AL3: =IF(动作要素测量!D183="","",动作要素测量!D183) | AM3: =IF(动作要素测量!D188="","",动作要素测量!D188) | AN3: =IF(动作要素测量!D193="","",动作要素测量!D193) | AO3: =IF(动作要素测量!D198="","",动作要素测量!D198) | AP3: =IF(动作要素测量!D203="","",动作要素测量!D203) | AQ3: =IF(动作要素测量!D208="","",动作要素测量!D208) | AR3: =IF(动作要素测量!D213="","",动作要素测量!D213) | AS3: =IF(动作要素测量!D218="","",动作要素测量!D218) | AT3: =IF(动作要素测量!D223="","",动作要素测量!D223) | AU3: =IF(动作要素测量!D228="","",动作要素测量!D228) | AV3: =IF(动作要素测量!D233="","",动作要素测量!D233) | AW3: =IF(动作要素测量!D238="","",动作要素测量!D238) | AX3: =IF(动作要素测量!D243="","",动作要素测量!D243) | AY3: =IF(动作要素测量!D248="","",动作要素测量!D248) | AZ3: =IF(动作要素测量!D253="","",动作要素测量!D253) | BA3: =IF(动作要素测量!D258="","",动作要素测量!D258) | BB3: =IF(动作要素测量!D263="","",动作要素测量!D263) | BC3: =IF(动作要素测量!D268="","",动作要素测量!D268) | BD3: =IF(动作要素测量!D273="","",动作要素测量!D273) | BE3: =IF(动作要素测量!D278="","",动作要素测量!D278) | BF3: =IF(动作要素测量!D283="","",动作要素测量!D283) | BG3: =IF(动作要素测量!D288="","",动作要素测量!D288) | BH3: =IF(动作要素测量!D293="","",动作要素测量!D293) | BI3: =IF(动作要素测量!D298="","",动作要素测量!D298) | BJ3: =IF(动作要素测量!D303="","",动作要素测量!D303) | BK3: =IF(动作要素测量!D308="","",动作要素测量!D308) | BL3: =IF(动作要素测量!D313="","",动作要素测量!D313) | BM3: =IF(动作要素测量!D318="","",动作要素测量!D318) | BN3: =IF(动作要素测量!D323="","",动作要素测量!D323) | BO3: =IF(动作要素测量!D328="","",动作要素测量!D328) | BP3: =IF(动作要素测量!D333="","",动作要素测量!D333) | BQ3: =IF(动作要素测量!D338="","",动作要素测量!D338) | BR3: =IF(动作要素测量!D343="","",动作要素测量!D343) | BS3: =IF(动作要素测量!D348="","",动作要素测量!D348) | BT3: =IF(动作要素测量!D353="","",动作要素测量!D353) | BU3: =IF(动作要素测量!D358="","",动作要素测量!D358) | BV3: =IF(动作要素测量!D363="","",动作要素测量!D363) | BW3: =IF(动作要素测量!D368="","",动作要素测量!D368) | BX3: =IF(动作要素测量!D373="","",动作要素测量!D373) | BY3: =IF(动作要素测量!D378="","",动作要素测量!D378) | BZ3: =IF(动作要素测量!D383="","",动作要素测量!D383) | CA3: =IF(动作要素测量!D388="","",动作要素测量!D388) | CB3: =IF(动作要素测量!D393="","",动作要素测量!D393) | CC3: =IF(动作要素测量!D398="","",动作要素测量!D398) | CD3: =IF(动作要素测量!D403="","",动作要素测量!D403) | CE3: =IF(动作要素测量!D408="","",动作要素测量!D408) | CF3: =IF(动作要素测量!D413="","",动作要素测量!D413) | CG3: =IF(动作要素测量!D418="","",动作要素测量!D418) | CH3: =IF(动作要素测量!D423="","",动作要素测量!D423) | CI3: =IF(动作要素测量!D428="","",动作要素测量!D428) | CJ3: =IF(动作要素测量!D433="","",动作要素测量!D433) | CK3: =IF(动作要素测量!D438="","",动作要素测量!D438) | CL3: =IF(动作要素测量!D443="","",动作要素测量!D443) | CM3: =IF(动作要素测量!D448="","",动作要素测量!D448) | CN3: =IF(动作要素测量!D453="","",动作要素测量!D453) | CO3: =IF(动作要素测量!D458="","",动作要素测量!D458) | CP3: =IF(动作要素测量!D463="","",动作要素测量!D463) | CQ3: =IF(动作要素测量!D468="","",动作要素测量!D468) | CR3: =IF(动作要素测量!D473="","",动作要素测量!D473) | CS3: =IF(动作要素测量!D478="","",动作要素测量!D478) | CT3: =IF(动作要素测量!D483="","",动作要素测量!D483) | CU3: =IF(动作要素测量!D488="","",动作要素测量!D488) | CV3: =IF(动作要素测量!D493="","",动作要素测量!D493) | CW3: =IF(动作要素测量!D498="","",动作要素测量!D498) | CX3: =IF(动作要素测量!D503="","",动作要素测量!D503) | CY3: =IF(动作要素测量!D508="","",动作要素测量!D508) | CZ3: =IF(动作要素测量!D513="","",动作要素测量!D513) | DA3: =IF(动作要素测量!D518="","",动作要素测量!D518) | DB3: =IF(动作要素测量!D523="","",动作要素测量!D523) | DC3: =IF(动作要素测量!D528="","",动作要素测量!D528) | DD3: =IF(动作要素测量!D533="","",动作要素测量!D533) | DE3: =IF(动作要素测量!D538="","",动作要素测量!D538) | DF3: =IF(动作要素测量!D543="","",动作要素测量!D543) | DG3: =IF(动作要素测量!D548="","",动作要素测量!D548) | DH3: =IF(动作要素测量!D553="","",动作要素测量!D553) | DI3: =IF(动作要素测量!D558="","",动作要素测量!D558) | DJ3: =IF(动作要素测量!D563="","",动作要素测量!D563) | DK3: =IF(动作要素测量!D568="","",动作要素测量!D568) | DL3: =IF(动作要素测量!D573="","",动作要素测量!D573) | DM3: =IF(动作要素测量!D578="","",动作要素测量!D578) | DN3: =IF(动作要素测量!D583="","",动作要素测量!D583) | DO3: =IF(动作要素测量!D588="","",动作要素测量!D588) | DP3: =IF(动作要素测量!D593="","",动作要素测量!D593) | DQ3: =IF(动作要素测量!D598="","",动作要素测量!D598) | DR3: =IF(动作要素测量!D603="","",动作要素测量!D603) | DS3: =IF(动作要素测量!D608="","",动作要素测量!D608) | DT3: =IF(动作要素测量!D613="","",动作要素测量!D613) | DU3: =IF(动作要素测量!D618="","",动作要素测量!D618) | DV3: =IF(动作要素测量!D623="","",动作要素测量!D623) | DW3: =IF(动作要素测量!D628="","",动作要素测量!D628) | DX3: =IF(动作要素测量!D633="","",动作要素测量!D633) | DY3: =IF(动作要素测量!D638="","",动作要素测量!D638) | DZ3: =IF(动作要素测量!D643="","",动作要素测量!D643) | EA3: =IF(动作要素测量!D648="","",动作要素测量!D648) | EB3: =IF(动作要素测量!D653="","",动作要素测量!D653) | EC3: =IF(动作要素测量!D658="","",动作要素测量!D658) | ED3: =IF(动作要素测量!D663="","",动作要素测量!D663) | EE3: =IF(动作要素测量!D668="","",动作要素测量!D668) | EF3: =IF(动作要素测量!D673="","",动作要素测量!D673) | EG3: =IF(动作要素测量!D678="","",动作要素测量!D678) | EH3: =IF(动作要素测量!D683="","",动作要素测量!D683) | EI3: =IF(动作要素测量!D688="","",动作要素测量!D688) | EJ3: =IF(动作要素测量!D693="","",动作要素测量!D693) | EK3: =IF(动作要素测量!D698="","",动作要素测量!D698)
A4: ST2动作 | B4: =IF(动作要素测量!D4="","",动作要素测量!D4) | C4: =IF(动作要素测量!D9="","",动作要素测量!D9) | D4: =IF(动作要素测量!D14="","",动作要素测量!D14) | E4: =IF(动作要素测量!D19="","",动作要素测量!D19) | F4: =IF(动作要素测量!D24="","",动作要素测量!D24) | G4: =IF(动作要素测量!D29="","",动作要素测量!D29) | H4: =IF(动作要素测量!D34="","",动作要素测量!D34) | I4: =IF(动作要素测量!D39="","",动作要素测量!D39) | J4: =IF(动作要素测量!D44="","",动作要素测量!D44) | K4: =IF(动作要素测量!D49="","",动作要素测量!D49) | L4: =IF(动作要素测量!D54="","",动作要素测量!D54) | M4: =IF(动作要素测量!D59="","",动作要素测量!D59) | N4: =IF(动作要素测量!D64="","",动作要素测量!D64) | O4: =IF(动作要素测量!D69="","",动作要素测量!D69) | P4: =IF(动作要素测量!D74="","",动作要素测量!D74) | Q4: =IF(动作要素测量!D79="","",动作要素测量!D79) | R4: =IF(动作要素测量!D84="","",动作要素测量!D84) | S4: =IF(动作要素测量!D89="","",动作要素测量!D89) | T4: =IF(动作要素测量!D94="","",动作要素测量!D94) | U4: =IF(动作要素测量!D99="","",动作要素测量!D99) | V4: =IF(动作要素测量!D104="","",动作要素测量!D104) | W4: =IF(动作要素测量!D109="","",动作要素测量!D109) | X4: =IF(动作要素测量!D114="","",动作要素测量!D114) | Y4: =IF(动作要素测量!D119="","",动作要素测量!D119) | Z4: =IF(动作要素测量!D124="","",动作要素测量!D124) | AA4: =IF(动作要素测量!D129="","",动作要素测量!D129) | AB4: =IF(动作要素测量!D134="","",动作要素测量!D134) | AC4: =IF(动作要素测量!D139="","",动作要素测量!D139) | AD4: =IF(动作要素测量!D144="","",动作要素测量!D144) | AE4: =IF(动作要素测量!D149="","",动作要素测量!D149) | AF4: =IF(动作要素测量!D154="","",动作要素测量!D154) | AG4: =IF(动作要素测量!D159="","",动作要素测量!D159) | AH4: =IF(动作要素测量!D164="","",动作要素测量!D164) | AI4: =IF(动作要素测量!D169="","",动作要素测量!D169) | AJ4: =IF(动作要素测量!D174="","",动作要素测量!D174) | AK4: =IF(动作要素测量!D179="","",动作要素测量!D179) | AL4: =IF(动作要素测量!D184="","",动作要素测量!D184) | AM4: =IF(动作要素测量!D189="","",动作要素测量!D189) | AN4: =IF(动作要素测量!D194="","",动作要素测量!D194) | AO4: =IF(动作要素测量!D199="","",动作要素测量!D199) | AP4: =IF(动作要素测量!D204="","",动作要素测量!D204) | AQ4: =IF(动作要素测量!D209="","",动作要素测量!D209) | AR4: =IF(动作要素测量!D214="","",动作要素测量!D214) | AS4: =IF(动作要素测量!D219="","",动作要素测量!D219) | AT4: =IF(动作要素测量!D224="","",动作要素测量!D224) | AU4: =IF(动作要素测量!D229="","",动作要素测量!D229) | AV4: =IF(动作要素测量!D234="","",动作要素测量!D234) | AW4: =IF(动作要素测量!D239="","",动作要素测量!D239) | AX4: =IF(动作要素测量!D244="","",动作要素测量!D244) | AY4: =IF(动作要素测量!D249="","",动作要素测量!D249) | AZ4: =IF(动作要素测量!D254="","",动作要素测量!D254) | BA4: =IF(动作要素测量!D259="","",动作要素测量!D259) | BB4: =IF(动作要素测量!D264="","",动作要素测量!D264) | BC4: =IF(动作要素测量!D269="","",动作要素测量!D269) | BD4: =IF(动作要素测量!D274="","",动作要素测量!D274) | BE4: =IF(动作要素测量!D279="","",动作要素测量!D279) | BF4: =IF(动作要素测量!D284="","",动作要素测量!D284) | BG4: =IF(动作要素测量!D289="","",动作要素测量!D289) | BH4: =IF(动作要素测量!D294="","",动作要素测量!D294) | BI4: =IF(动作要素测量!D299="","",动作要素测量!D299) | BJ4: =IF(动作要素测量!D304="","",动作要素测量!D304) | BK4: =IF(动作要素测量!D309="","",动作要素测量!D309) | BL4: =IF(动作要素测量!D314="","",动作要素测量!D314) | BM4: =IF(动作要素测量!D319="","",动作要素测量!D319) | BN4: =IF(动作要素测量!D324="","",动作要素测量!D324) | BO4: =IF(动作要素测量!D329="","",动作要素测量!D329) | BP4: =IF(动作要素测量!D334="","",动作要素测量!D334) | BQ4: =IF(动作要素测量!D339="","",动作要素测量!D339) | BR4: =IF(动作要素测量!D344="","",动作要素测量!D344) | BS4: =IF(动作要素测量!D349="","",动作要素测量!D349) | BT4: =IF(动作要素测量!D354="","",动作要素测量!D354) | BU4: =IF(动作要素测量!D359="","",动作要素测量!D359) | BV4: =IF(动作要素测量!D364="","",动作要素测量!D364) | BW4: =IF(动作要素测量!D369="","",动作要素测量!D369) | BX4: =IF(动作要素测量!D374="","",动作要素测量!D374) | BY4: =IF(动作要素测量!D379="","",动作要素测量!D379) | BZ4: =IF(动作要素测量!D384="","",动作要素测量!D384) | CA4: =IF(动作要素测量!D389="","",动作要素测量!D389) | CB4: =IF(动作要素测量!D394="","",动作要素测量!D394) | CC4: =IF(动作要素测量!D399="","",动作要素测量!D399) | CD4: =IF(动作要素测量!D404="","",动作要素测量!D404) | CE4: =IF(动作要素测量!D409="","",动作要素测量!D409) | CF4: =IF(动作要素测量!D414="","",动作要素测量!D414) | CG4: =IF(动作要素测量!D419="","",动作要素测量!D419) | CH4: =IF(动作要素测量!D424="","",动作要素测量!D424) | CI4: =IF(动作要素测量!D429="","",动作要素测量!D429) | CJ4: =IF(动作要素测量!D434="","",动作要素测量!D434) | CK4: =IF(动作要素测量!D439="","",动作要素测量!D439) | CL4: =IF(动作要素测量!D444="","",动作要素测量!D444) | CM4: =IF(动作要素测量!D449="","",动作要素测量!D449) | CN4: =IF(动作要素测量!D454="","",动作要素测量!D454) | CO4: =IF(动作要素测量!D459="","",动作要素测量!D459) | CP4: =IF(动作要素测量!D464="","",动作要素测量!D464) | CQ4: =IF(动作要素测量!D469="","",动作要素测量!D469) | CR4: =IF(动作要素测量!D474="","",动作要素测量!D474) | CS4: =IF(动作要素测量!D479="","",动作要素测量!D479) | CT4: =IF(动作要素测量!D484="","",动作要素测量!D484) | CU4: =IF(动作要素测量!D489="","",动作要素测量!D489) | CV4: =IF(动作要素测量!D494="","",动作要素测量!D494) | CW4: =IF(动作要素测量!D499="","",动作要素测量!D499) | CX4: =IF(动作要素测量!D504="","",动作要素测量!D504) | CY4: =IF(动作要素测量!D509="","",动作要素测量!D509) | CZ4: =IF(动作要素测量!D514="","",动作要素测量!D514) | DA4: =IF(动作要素测量!D519="","",动作要素测量!D519) | DB4: =IF(动作要素测量!D524="","",动作要素测量!D524) | DC4: =IF(动作要素测量!D529="","",动作要素测量!D529) | DD4: =IF(动作要素测量!D534="","",动作要素测量!D534) | DE4: =IF(动作要素测量!D539="","",动作要素测量!D539) | DF4: =IF(动作要素测量!D544="","",动作要素测量!D544) | DG4: =IF(动作要素测量!D549="","",动作要素测量!D549) | DH4: =IF(动作要素测量!D554="","",动作要素测量!D554) | DI4: =IF(动作要素测量!D559="","",动作要素测量!D559) | DJ4: =IF(动作要素测量!D564="","",动作要素测量!D564) | DK4: =IF(动作要素测量!D569="","",动作要素测量!D569) | DL4: =IF(动作要素测量!D574="","",动作要素测量!D574) | DM4: =IF(动作要素测量!D579="","",动作要素测量!D579) | DN4: =IF(动作要素测量!D584="","",动作要素测量!D584) | DO4: =IF(动作要素测量!D589="","",动作要素测量!D589) | DP4: =IF(动作要素测量!D594="","",动作要素测量!D594) | DQ4: =IF(动作要素测量!D599="","",动作要素测量!D599) | DR4: =IF(动作要素测量!D604="","",动作要素测量!D604) | DS4: =IF(动作要素测量!D609="","",动作要素测量!D609) | DT4: =IF(动作要素测量!D614="","",动作要素测量!D614) | DU4: =IF(动作要素测量!D619="","",动作要素测量!D619) | DV4: =IF(动作要素测量!D624="","",动作要素测量!D624) | DW4: =IF(动作要素测量!D629="","",动作要素测量!D629) | DX4: =IF(动作要素测量!D634="","",动作要素测量!D634) | DY4: =IF(动作要素测量!D639="","",动作要素测量!D639) | DZ4: =IF(动作要素测量!D644="","",动作要素测量!D644) | EA4: =IF(动作要素测量!D649="","",动作要素测量!D649) | EB4: =IF(动作要素测量!D654="","",动作要素测量!D654) | EC4: =IF(动作要素测量!D659="","",动作要素测量!D659) | ED4: =IF(动作要素测量!D664="","",动作要素测量!D664) | EE4: =IF(动作要素测量!D669="","",动作要素测量!D669) | EF4: =IF(动作要素测量!D674="","",动作要素测量!D674) | EG4: =IF(动作要素测量!D679="","",动作要素测量!D679) | EH4: =IF(动作要素测量!D684="","",动作要素测量!D684) | EI4: =IF(动作要素测量!D689="","",动作要素测量!D689) | EJ4: =IF(动作要素测量!D694="","",动作要素测量!D694) | EK4: =IF(动作要素测量!D699="","",动作要素测量!D699)
A5: ST3动作 | B5: =IF(动作要素测量!D5="","",动作要素测量!D5) | C5: =IF(动作要素测量!D10="","",动作要素测量!D10) | D5: =IF(动作要素测量!D15="","",动作要素测量!D15) | E5: =IF(动作要素测量!D20="","",动作要素测量!D20) | F5: =IF(动作要素测量!D25="","",动作要素测量!D25) | G5: =IF(动作要素测量!D30="","",动作要素测量!D30) | H5: =IF(动作要素测量!D35="","",动作要素测量!D35) | I5: =IF(动作要素测量!D40="","",动作要素测量!D40) | J5: =IF(动作要素测量!D45="","",动作要素测量!D45) | K5: =IF(动作要素测量!D50="","",动作要素测量!D50) | L5: =IF(动作要素测量!D55="","",动作要素测量!D55) | M5: =IF(动作要素测量!D60="","",动作要素测量!D60) | N5: =IF(动作要素测量!D65="","",动作要素测量!D65) | O5: =IF(动作要素测量!D70="","",动作要素测量!D70) | P5: =IF(动作要素测量!D75="","",动作要素测量!D75) | Q5: =IF(动作要素测量!D80="","",动作要素测量!D80) | R5: =IF(动作要素测量!D85="","",动作要素测量!D85) | S5: =IF(动作要素测量!D90="","",动作要素测量!D90) | T5: =IF(动作要素测量!D95="","",动作要素测量!D95) | U5: =IF(动作要素测量!D100="","",动作要素测量!D100) | V5: =IF(动作要素测量!D105="","",动作要素测量!D105) | W5: =IF(动作要素测量!D110="","",动作要素测量!D110) | X5: =IF(动作要素测量!D115="","",动作要素测量!D115) | Y5: =IF(动作要素测量!D120="","",动作要素测量!D120) | Z5: =IF(动作要素测量!D125="","",动作要素测量!D125) | AA5: =IF(动作要素测量!D130="","",动作要素测量!D130) | AB5: =IF(动作要素测量!D135="","",动作要素测量!D135) | AC5: =IF(动作要素测量!D140="","",动作要素测量!D140) | AD5: =IF(动作要素测量!D145="","",动作要素测量!D145) | AE5: =IF(动作要素测量!D150="","",动作要素测量!D150) | AF5: =IF(动作要素测量!D155="","",动作要素测量!D155) | AG5: =IF(动作要素测量!D160="","",动作要素测量!D160) | AH5: =IF(动作要素测量!D165="","",动作要素测量!D165) | AI5: =IF(动作要素测量!D170="","",动作要素测量!D170) | AJ5: =IF(动作要素测量!D175="","",动作要素测量!D175) | AK5: =IF(动作要素测量!D180="","",动作要素测量!D180) | AL5: =IF(动作要素测量!D185="","",动作要素测量!D185) | AM5: =IF(动作要素测量!D190="","",动作要素测量!D190) | AN5: =IF(动作要素测量!D195="","",动作要素测量!D195) | AO5: =IF(动作要素测量!D200="","",动作要素测量!D200) | AP5: =IF(动作要素测量!D205="","",动作要素测量!D205) | AQ5: =IF(动作要素测量!D210="","",动作要素测量!D210) | AR5: =IF(动作要素测量!D215="","",动作要素测量!D215) | AS5: =IF(动作要素测量!D220="","",动作要素测量!D220) | AT5: =IF(动作要素测量!D225="","",动作要素测量!D225) | AU5: =IF(动作要素测量!D230="","",动作要素测量!D230) | AV5: =IF(动作要素测量!D235="","",动作要素测量!D235) | AW5: =IF(动作要素测量!D240="","",动作要素测量!D240) | AX5: =IF(动作要素测量!D245="","",动作要素测量!D245) | AY5: =IF(动作要素测量!D250="","",动作要素测量!D250) | AZ5: =IF(动作要素测量!D255="","",动作要素测量!D255) | BA5: =IF(动作要素测量!D260="","",动作要素测量!D260) | BB5: =IF(动作要素测量!D265="","",动作要素测量!D265) | BC5: =IF(动作要素测量!D270="","",动作要素测量!D270) | BD5: =IF(动作要素测量!D275="","",动作要素测量!D275) | BE5: =IF(动作要素测量!D280="","",动作要素测量!D280) | BF5: =IF(动作要素测量!D285="","",动作要素测量!D285) | BG5: =IF(动作要素测量!D290="","",动作要素测量!D290) | BH5: =IF(动作要素测量!D295="","",动作要素测量!D295) | BI5: =IF(动作要素测量!D300="","",动作要素测量!D300) | BJ5: =IF(动作要素测量!D305="","",动作要素测量!D305) | BK5: =IF(动作要素测量!D310="","",动作要素测量!D310) | BL5: =IF(动作要素测量!D315="","",动作要素测量!D315) | BM5: =IF(动作要素测量!D320="","",动作要素测量!D320) | BN5: =IF(动作要素测量!D325="","",动作要素测量!D325) | BO5: =IF(动作要素测量!D330="","",动作要素测量!D330) | BP5: =IF(动作要素测量!D335="","",动作要素测量!D335) | BQ5: =IF(动作要素测量!D340="","",动作要素测量!D340) | BR5: =IF(动作要素测量!D345="","",动作要素测量!D345) | BS5: =IF(动作要素测量!D350="","",动作要素测量!D350) | BT5: =IF(动作要素测量!D355="","",动作要素测量!D355) | BU5: =IF(动作要素测量!D360="","",动作要素测量!D360) | BV5: =IF(动作要素测量!D365="","",动作要素测量!D365) | BW5: =IF(动作要素测量!D370="","",动作要素测量!D370) | BX5: =IF(动作要素测量!D375="","",动作要素测量!D375) | BY5: =IF(动作要素测量!D380="","",动作要素测量!D380) | BZ5: =IF(动作要素测量!D385="","",动作要素测量!D385) | CA5: =IF(动作要素测量!D390="","",动作要素测量!D390) | CB5: =IF(动作要素测量!D395="","",动作要素测量!D395) | CC5: =IF(动作要素测量!D400="","",动作要素测量!D400) | CD5: =IF(动作要素测量!D405="","",动作要素测量!D405) | CE5: =IF(动作要素测量!D410="","",动作要素测量!D410) | CF5: =IF(动作要素测量!D415="","",动作要素测量!D415) | CG5: =IF(动作要素测量!D420="","",动作要素测量!D420) | CH5: =IF(动作要素测量!D425="","",动作要素测量!D425) | CI5: =IF(动作要素测量!D430="","",动作要素测量!D430) | CJ5: =IF(动作要素测量!D435="","",动作要素测量!D435) | CK5: =IF(动作要素测量!D440="","",动作要素测量!D440) | CL5: =IF(动作要素测量!D445="","",动作要素测量!D445) | CM5: =IF(动作要素测量!D450="","",动作要素测量!D450) | CN5: =IF(动作要素测量!D455="","",动作要素测量!D455) | CO5: =IF(动作要素测量!D460="","",动作要素测量!D460) | CP5: =IF(动作要素测量!D465="","",动作要素测量!D465) | CQ5: =IF(动作要素测量!D470="","",动作要素测量!D470) | CR5: =IF(动作要素测量!D475="","",动作要素测量!D475) | CS5: =IF(动作要素测量!D480="","",动作要素测量!D480) | CT5: =IF(动作要素测量!D485="","",动作要素测量!D485) | CU5: =IF(动作要素测量!D490="","",动作要素测量!D490) | CV5: =IF(动作要素测量!D495="","",动作要素测量!D495) | CW5: =IF(动作要素测量!D500="","",动作要素测量!D500) | CX5: =IF(动作要素测量!D505="","",动作要素测量!D505) | CY5: =IF(动作要素测量!D510="","",动作要素测量!D510) | CZ5: =IF(动作要素测量!D515="","",动作要素测量!D515) | DA5: =IF(动作要素测量!D520="","",动作要素测量!D520) | DB5: =IF(动作要素测量!D525="","",动作要素测量!D525) | DC5: =IF(动作要素测量!D530="","",动作要素测量!D530) | DD5: =IF(动作要素测量!D535="","",动作要素测量!D535) | DE5: =IF(动作要素测量!D540="","",动作要素测量!D540) | DF5: =IF(动作要素测量!D545="","",动作要素测量!D545) | DG5: =IF(动作要素测量!D550="","",动作要素测量!D550) | DH5: =IF(动作要素测量!D555="","",动作要素测量!D555) | DI5: =IF(动作要素测量!D560="","",动作要素测量!D560) | DJ5: =IF(动作要素测量!D565="","",动作要素测量!D565) | DK5: =IF(动作要素测量!D570="","",动作要素测量!D570) | DL5: =IF(动作要素测量!D575="","",动作要素测量!D575) | DM5: =IF(动作要素测量!D580="","",动作要素测量!D580) | DN5: =IF(动作要素测量!D585="","",动作要素测量!D585) | DO5: =IF(动作要素测量!D590="","",动作要素测量!D590) | DP5: =IF(动作要素测量!D595="","",动作要素测量!D595) | DQ5: =IF(动作要素测量!D600="","",动作要素测量!D600) | DR5: =IF(动作要素测量!D605="","",动作要素测量!D605) | DS5: =IF(动作要素测量!D610="","",动作要素测量!D610) | DT5: =IF(动作要素测量!D615="","",动作要素测量!D615) | DU5: =IF(动作要素测量!D620="","",动作要素测量!D620) | DV5: =IF(动作要素测量!D625="","",动作要素测量!D625) | DW5: =IF(动作要素测量!D630="","",动作要素测量!D630) | DX5: =IF(动作要素测量!D635="","",动作要素测量!D635) | DY5: =IF(动作要素测量!D640="","",动作要素测量!D640) | DZ5: =IF(动作要素测量!D645="","",动作要素测量!D645) | EA5: =IF(动作要素测量!D650="","",动作要素测量!D650) | EB5: =IF(动作要素测量!D655="","",动作要素测量!D655) | EC5: =IF(动作要素测量!D660="","",动作要素测量!D660) | ED5: =IF(动作要素测量!D665="","",动作要素测量!D665) | EE5: =IF(动作要素测量!D670="","",动作要素测量!D670) | EF5: =IF(动作要素测量!D675="","",动作要素测量!D675) | EG5: =IF(动作要素测量!D680="","",动作要素测量!D680) | EH5: =IF(动作要素测量!D685="","",动作要素测量!D685) | EI5: =IF(动作要素测量!D690="","",动作要素测量!D690) | EJ5: =IF(动作要素测量!D695="","",动作要素测量!D695) | EK5: =IF(动作要素测量!D700="","",动作要素测量!D700)
A6: ST4动作 | B6: =IF(动作要素测量!D6="","",动作要素测量!D6) | C6: =IF(动作要素测量!D11="","",动作要素测量!D11) | D6: =IF(动作要素测量!D16="","",动作要素测量!D16) | E6: =IF(动作要素测量!D21="","",动作要素测量!D21) | F6: =IF(动作要素测量!D26="","",动作要素测量!D26) | G6: =IF(动作要素测量!D31="","",动作要素测量!D31) | H6: =IF(动作要素测量!D36="","",动作要素测量!D36) | I6: =IF(动作要素测量!D41="","",动作要素测量!D41) | J6: =IF(动作要素测量!D46="","",动作要素测量!D46) | K6: =IF(动作要素测量!D51="","",动作要素测量!D51) | L6: =IF(动作要素测量!D56="","",动作要素测量!D56) | M6: =IF(动作要素测量!D61="","",动作要素测量!D61) | N6: =IF(动作要素测量!D66="","",动作要素测量!D66) | O6: =IF(动作要素测量!D71="","",动作要素测量!D71) | P6: =IF(动作要素测量!D76="","",动作要素测量!D76) | Q6: =IF(动作要素测量!D81="","",动作要素测量!D81) | R6: =IF(动作要素测量!D86="","",动作要素测量!D86) | S6: =IF(动作要素测量!D91="","",动作要素测量!D91) | T6: =IF(动作要素测量!D96="","",动作要素测量!D96) | U6: =IF(动作要素测量!D101="","",动作要素测量!D101) | V6: =IF(动作要素测量!D106="","",动作要素测量!D106) | W6: =IF(动作要素测量!D111="","",动作要素测量!D111) | X6: =IF(动作要素测量!D116="","",动作要素测量!D116) | Y6: =IF(动作要素测量!D121="","",动作要素测量!D121) | Z6: =IF(动作要素测量!D126="","",动作要素测量!D126) | AA6: =IF(动作要素测量!D131="","",动作要素测量!D131) | AB6: =IF(动作要素测量!D136="","",动作要素测量!D136) | AC6: =IF(动作要素测量!D141="","",动作要素测量!D141) | AD6: =IF(动作要素测量!D146="","",动作要素测量!D146) | AE6: =IF(动作要素测量!D151="","",动作要素测量!D151) | AF6: =IF(动作要素测量!D156="","",动作要素测量!D156) | AG6: =IF(动作要素测量!D161="","",动作要素测量!D161) | AH6: =IF(动作要素测量!D166="","",动作要素测量!D166) | AI6: =IF(动作要素测量!D171="","",动作要素测量!D171) | AJ6: =IF(动作要素测量!D176="","",动作要素测量!D176) | AK6: =IF(动作要素测量!D181="","",动作要素测量!D181) | AL6: =IF(动作要素测量!D186="","",动作要素测量!D186) | AM6: =IF(动作要素测量!D191="","",动作要素测量!D191) | AN6: =IF(动作要素测量!D196="","",动作要素测量!D196) | AO6: =IF(动作要素测量!D201="","",动作要素测量!D201) | AP6: =IF(动作要素测量!D206="","",动作要素测量!D206) | AQ6: =IF(动作要素测量!D211="","",动作要素测量!D211) | AR6: =IF(动作要素测量!D216="","",动作要素测量!D216) | AS6: =IF(动作要素测量!D221="","",动作要素测量!D221) | AT6: =IF(动作要素测量!D226="","",动作要素测量!D226) | AU6: =IF(动作要素测量!D231="","",动作要素测量!D231) | AV6: =IF(动作要素测量!D236="","",动作要素测量!D236) | AW6: =IF(动作要素测量!D241="","",动作要素测量!D241) | AX6: =IF(动作要素测量!D246="","",动作要素测量!D246) | AY6: =IF(动作要素测量!D251="","",动作要素测量!D251) | AZ6: =IF(动作要素测量!D256="","",动作要素测量!D256) | BA6: =IF(动作要素测量!D261="","",动作要素测量!D261) | BB6: =IF(动作要素测量!D266="","",动作要素测量!D266) | BC6: =IF(动作要素测量!D271="","",动作要素测量!D271) | BD6: =IF(动作要素测量!D276="","",动作要素测量!D276) | BE6: =IF(动作要素测量!D281="","",动作要素测量!D281) | BF6: =IF(动作要素测量!D286="","",动作要素测量!D286) | BG6: =IF(动作要素测量!D291="","",动作要素测量!D291) | BH6: =IF(动作要素测量!D296="","",动作要素测量!D296) | BI6: =IF(动作要素测量!D301="","",动作要素测量!D301) | BJ6: =IF(动作要素测量!D306="","",动作要素测量!D306) | BK6: =IF(动作要素测量!D311="","",动作要素测量!D311) | BL6: =IF(动作要素测量!D316="","",动作要素测量!D316) | BM6: =IF(动作要素测量!D321="","",动作要素测量!D321) | BN6: =IF(动作要素测量!D326="","",动作要素测量!D326) | BO6: =IF(动作要素测量!D331="","",动作要素测量!D331) | BP6: =IF(动作要素测量!D336="","",动作要素测量!D336) | BQ6: =IF(动作要素测量!D341="","",动作要素测量!D341) | BR6: =IF(动作要素测量!D346="","",动作要素测量!D346) | BS6: =IF(动作要素测量!D351="","",动作要素测量!D351) | BT6: =IF(动作要素测量!D356="","",动作要素测量!D356) | BU6: =IF(动作要素测量!D361="","",动作要素测量!D361) | BV6: =IF(动作要素测量!D366="","",动作要素测量!D366) | BW6: =IF(动作要素测量!D371="","",动作要素测量!D371) | BX6: =IF(动作要素测量!D376="","",动作要素测量!D376) | BY6: =IF(动作要素测量!D381="","",动作要素测量!D381) | BZ6: =IF(动作要素测量!D386="","",动作要素测量!D386) | CA6: =IF(动作要素测量!D391="","",动作要素测量!D391) | CB6: =IF(动作要素测量!D396="","",动作要素测量!D396) | CC6: =IF(动作要素测量!D401="","",动作要素测量!D401) | CD6: =IF(动作要素测量!D406="","",动作要素测量!D406) | CE6: =IF(动作要素测量!D411="","",动作要素测量!D411) | CF6: =IF(动作要素测量!D416="","",动作要素测量!D416) | CG6: =IF(动作要素测量!D421="","",动作要素测量!D421) | CH6: =IF(动作要素测量!D426="","",动作要素测量!D426) | CI6: =IF(动作要素测量!D431="","",动作要素测量!D431) | CJ6: =IF(动作要素测量!D436="","",动作要素测量!D436) | CK6: =IF(动作要素测量!D441="","",动作要素测量!D441) | CL6: =IF(动作要素测量!D446="","",动作要素测量!D446) | CM6: =IF(动作要素测量!D451="","",动作要素测量!D451) | CN6: =IF(动作要素测量!D456="","",动作要素测量!D456) | CO6: =IF(动作要素测量!D461="","",动作要素测量!D461) | CP6: =IF(动作要素测量!D466="","",动作要素测量!D466) | CQ6: =IF(动作要素测量!D471="","",动作要素测量!D471) | CR6: =IF(动作要素测量!D476="","",动作要素测量!D476) | CS6: =IF(动作要素测量!D481="","",动作要素测量!D481) | CT6: =IF(动作要素测量!D486="","",动作要素测量!D486) | CU6: =IF(动作要素测量!D491="","",动作要素测量!D491) | CV6: =IF(动作要素测量!D496="","",动作要素测量!D496) | CW6: =IF(动作要素测量!D501="","",动作要素测量!D501) | CX6: =IF(动作要素测量!D506="","",动作要素测量!D506) | CY6: =IF(动作要素测量!D511="","",动作要素测量!D511) | CZ6: =IF(动作要素测量!D516="","",动作要素测量!D516) | DA6: =IF(动作要素测量!D521="","",动作要素测量!D521) | DB6: =IF(动作要素测量!D526="","",动作要素测量!D526) | DC6: =IF(动作要素测量!D531="","",动作要素测量!D531) | DD6: =IF(动作要素测量!D536="","",动作要素测量!D536) | DE6: =IF(动作要素测量!D541="","",动作要素测量!D541) | DF6: =IF(动作要素测量!D546="","",动作要素测量!D546) | DG6: =IF(动作要素测量!D551="","",动作要素测量!D551) | DH6: =IF(动作要素测量!D556="","",动作要素测量!D556) | DI6: =IF(动作要素测量!D561="","",动作要素测量!D561) | DJ6: =IF(动作要素测量!D566="","",动作要素测量!D566) | DK6: =IF(动作要素测量!D571="","",动作要素测量!D571) | DL6: =IF(动作要素测量!D576="","",动作要素测量!D576) | DM6: =IF(动作要素测量!D581="","",动作要素测量!D581) | DN6: =IF(动作要素测量!D586="","",动作要素测量!D586) | DO6: =IF(动作要素测量!D591="","",动作要素测量!D591) | DP6: =IF(动作要素测量!D596="","",动作要素测量!D596) | DQ6: =IF(动作要素测量!D601="","",动作要素测量!D601) | DR6: =IF(动作要素测量!D606="","",动作要素测量!D606) | DS6: =IF(动作要素测量!D611="","",动作要素测量!D611) | DT6: =IF(动作要素测量!D616="","",动作要素测量!D616) | DU6: =IF(动作要素测量!D621="","",动作要素测量!D621) | DV6: =IF(动作要素测量!D626="","",动作要素测量!D626) | DW6: =IF(动作要素测量!D631="","",动作要素测量!D631) | DX6: =IF(动作要素测量!D636="","",动作要素测量!D636) | DY6: =IF(动作要素测量!D641="","",动作要素测量!D641) | DZ6: =IF(动作要素测量!D646="","",动作要素测量!D646) | EA6: =IF(动作要素测量!D651="","",动作要素测量!D651) | EB6: =IF(动作要素测量!D656="","",动作要素测量!D656) | EC6: =IF(动作要素测量!D661="","",动作要素测量!D661) | ED6: =IF(动作要素测量!D666="","",动作要素测量!D666) | EE6: =IF(动作要素测量!D671="","",动作要素测量!D671) | EF6: =IF(动作要素测量!D676="","",动作要素测量!D676) | EG6: =IF(动作要素测量!D681="","",动作要素测量!D681) | EH6: =IF(动作要素测量!D686="","",动作要素测量!D686) | EI6: =IF(动作要素测量!D691="","",动作要素测量!D691) | EJ6: =IF(动作要素测量!D696="","",动作要素测量!D696) | EK6: =IF(动作要素测量!D701="","",动作要素测量!D701)
A7: ST5动作 | B7: =IF(动作要素测量!D7="","",动作要素测量!D7) | C7: =IF(动作要素测量!D12="","",动作要素测量!D12) | D7: =IF(动作要素测量!D17="","",动作要素测量!D17) | E7: =IF(动作要素测量!D22="","",动作要素测量!D22) | F7: =IF(动作要素测量!D27="","",动作要素测量!D27) | G7: =IF(动作要素测量!D32="","",动作要素测量!D32) | H7: =IF(动作要素测量!D37="","",动作要素测量!D37) | I7: =IF(动作要素测量!D42="","",动作要素测量!D42) | J7: =IF(动作要素测量!D47="","",动作要素测量!D47) | K7: =IF(动作要素测量!D52="","",动作要素测量!D52) | L7: =IF(动作要素测量!D57="","",动作要素测量!D57) | M7: =IF(动作要素测量!D62="","",动作要素测量!D62) | N7: =IF(动作要素测量!D67="","",动作要素测量!D67) | O7: =IF(动作要素测量!D72="","",动作要素测量!D72) | P7: =IF(动作要素测量!D77="","",动作要素测量!D77) | Q7: =IF(动作要素测量!D82="","",动作要素测量!D82) | R7: =IF(动作要素测量!D87="","",动作要素测量!D87) | S7: =IF(动作要素测量!D92="","",动作要素测量!D92) | T7: =IF(动作要素测量!D97="","",动作要素测量!D97) | U7: =IF(动作要素测量!D102="","",动作要素测量!D102) | V7: =IF(动作要素测量!D107="","",动作要素测量!D107) | W7: =IF(动作要素测量!D112="","",动作要素测量!D112) | X7: =IF(动作要素测量!D117="","",动作要素测量!D117) | Y7: =IF(动作要素测量!D122="","",动作要素测量!D122) | Z7: =IF(动作要素测量!D127="","",动作要素测量!D127) | AA7: =IF(动作要素测量!D132="","",动作要素测量!D132) | AB7: =IF(动作要素测量!D137="","",动作要素测量!D137) | AC7: =IF(动作要素测量!D142="","",动作要素测量!D142) | AD7: =IF(动作要素测量!D147="","",动作要素测量!D147) | AE7: =IF(动作要素测量!D152="","",动作要素测量!D152) | AF7: =IF(动作要素测量!D157="","",动作要素测量!D157) | AG7: =IF(动作要素测量!D162="","",动作要素测量!D162) | AH7: =IF(动作要素测量!D167="","",动作要素测量!D167) | AI7: =IF(动作要素测量!D172="","",动作要素测量!D172) | AJ7: =IF(动作要素测量!D177="","",动作要素测量!D177) | AK7: =IF(动作要素测量!D182="","",动作要素测量!D182) | AL7: =IF(动作要素测量!D187="","",动作要素测量!D187) | AM7: =IF(动作要素测量!D192="","",动作要素测量!D192) | AN7: =IF(动作要素测量!D197="","",动作要素测量!D197) | AO7: =IF(动作要素测量!D202="","",动作要素测量!D202) | AP7: =IF(动作要素测量!D207="","",动作要素测量!D207) | AQ7: =IF(动作要素测量!D212="","",动作要素测量!D212) | AR7: =IF(动作要素测量!D217="","",动作要素测量!D217) | AS7: =IF(动作要素测量!D222="","",动作要素测量!D222) | AT7: =IF(动作要素测量!D227="","",动作要素测量!D227) | AU7: =IF(动作要素测量!D232="","",动作要素测量!D232) | AV7: =IF(动作要素测量!D237="","",动作要素测量!D237) | AW7: =IF(动作要素测量!D242="","",动作要素测量!D242) | AX7: =IF(动作要素测量!D247="","",动作要素测量!D247) | AY7: =IF(动作要素测量!D252="","",动作要素测量!D252) | AZ7: =IF(动作要素测量!D257="","",动作要素测量!D257) | BA7: =IF(动作要素测量!D262="","",动作要素测量!D262) | BB7: =IF(动作要素测量!D267="","",动作要素测量!D267) | BC7: =IF(动作要素测量!D272="","",动作要素测量!D272) | BD7: =IF(动作要素测量!D277="","",动作要素测量!D277) | BE7: =IF(动作要素测量!D282="","",动作要素测量!D282) | BF7: =IF(动作要素测量!D287="","",动作要素测量!D287) | BG7: =IF(动作要素测量!D292="","",动作要素测量!D292) | BH7: =IF(动作要素测量!D297="","",动作要素测量!D297) | BI7: =IF(动作要素测量!D302="","",动作要素测量!D302) | BJ7: =IF(动作要素测量!D307="","",动作要素测量!D307) | BK7: =IF(动作要素测量!D312="","",动作要素测量!D312) | BL7: =IF(动作要素测量!D317="","",动作要素测量!D317) | BM7: =IF(动作要素测量!D322="","",动作要素测量!D322) | BN7: =IF(动作要素测量!D327="","",动作要素测量!D327) | BO7: =IF(动作要素测量!D332="","",动作要素测量!D332) | BP7: =IF(动作要素测量!D337="","",动作要素测量!D337) | BQ7: =IF(动作要素测量!D342="","",动作要素测量!D342) | BR7: =IF(动作要素测量!D347="","",动作要素测量!D347) | BS7: =IF(动作要素测量!D352="","",动作要素测量!D352) | BT7: =IF(动作要素测量!D357="","",动作要素测量!D357) | BU7: =IF(动作要素测量!D362="","",动作要素测量!D362) | BV7: =IF(动作要素测量!D367="","",动作要素测量!D367) | BW7: =IF(动作要素测量!D372="","",动作要素测量!D372) | BX7: =IF(动作要素测量!D377="","",动作要素测量!D377) | BY7: =IF(动作要素测量!D382="","",动作要素测量!D382) | BZ7: =IF(动作要素测量!D387="","",动作要素测量!D387) | CA7: =IF(动作要素测量!D392="","",动作要素测量!D392) | CB7: =IF(动作要素测量!D397="","",动作要素测量!D397) | CC7: =IF(动作要素测量!D402="","",动作要素测量!D402) | CD7: =IF(动作要素测量!D407="","",动作要素测量!D407) | CE7: =IF(动作要素测量!D412="","",动作要素测量!D412) | CF7: =IF(动作要素测量!D417="","",动作要素测量!D417) | CG7: =IF(动作要素测量!D422="","",动作要素测量!D422) | CH7: =IF(动作要素测量!D427="","",动作要素测量!D427) | CI7: =IF(动作要素测量!D432="","",动作要素测量!D432) | CJ7: =IF(动作要素测量!D437="","",动作要素测量!D437) | CK7: =IF(动作要素测量!D442="","",动作要素测量!D442) | CL7: =IF(动作要素测量!D447="","",动作要素测量!D447) | CM7: =IF(动作要素测量!D452="","",动作要素测量!D452) | CN7: =IF(动作要素测量!D457="","",动作要素测量!D457) | CO7: =IF(动作要素测量!D462="","",动作要素测量!D462) | CP7: =IF(动作要素测量!D467="","",动作要素测量!D467) | CQ7: =IF(动作要素测量!D472="","",动作要素测量!D472) | CR7: =IF(动作要素测量!D477="","",动作要素测量!D477) | CS7: =IF(动作要素测量!D482="","",动作要素测量!D482) | CT7: =IF(动作要素测量!D487="","",动作要素测量!D487) | CU7: =IF(动作要素测量!D492="","",动作要素测量!D492) | CV7: =IF(动作要素测量!D497="","",动作要素测量!D497) | CW7: =IF(动作要素测量!D502="","",动作要素测量!D502) | CX7: =IF(动作要素测量!D507="","",动作要素测量!D507) | CY7: =IF(动作要素测量!D512="","",动作要素测量!D512) | CZ7: =IF(动作要素测量!D517="","",动作要素测量!D517) | DA7: =IF(动作要素测量!D522="","",动作要素测量!D522) | DB7: =IF(动作要素测量!D527="","",动作要素测量!D527) | DC7: =IF(动作要素测量!D532="","",动作要素测量!D532) | DD7: =IF(动作要素测量!D537="","",动作要素测量!D537) | DE7: =IF(动作要素测量!D542="","",动作要素测量!D542) | DF7: =IF(动作要素测量!D547="","",动作要素测量!D547) | DG7: =IF(动作要素测量!D552="","",动作要素测量!D552) | DH7: =IF(动作要素测量!D557="","",动作要素测量!D557) | DI7: =IF(动作要素测量!D562="","",动作要素测量!D562) | DJ7: =IF(动作要素测量!D567="","",动作要素测量!D567) | DK7: =IF(动作要素测量!D572="","",动作要素测量!D572) | DL7: =IF(动作要素测量!D577="","",动作要素测量!D577) | DM7: =IF(动作要素测量!D582="","",动作要素测量!D582) | DN7: =IF(动作要素测量!D587="","",动作要素测量!D587) | DO7: =IF(动作要素测量!D592="","",动作要素测量!D592) | DP7: =IF(动作要素测量!D597="","",动作要素测量!D597) | DQ7: =IF(动作要素测量!D602="","",动作要素测量!D602) | DR7: =IF(动作要素测量!D607="","",动作要素测量!D607) | DS7: =IF(动作要素测量!D612="","",动作要素测量!D612) | DT7: =IF(动作要素测量!D617="","",动作要素测量!D617) | DU7: =IF(动作要素测量!D622="","",动作要素测量!D622) | DV7: =IF(动作要素测量!D627="","",动作要素测量!D627) | DW7: =IF(动作要素测量!D632="","",动作要素测量!D632) | DX7: =IF(动作要素测量!D637="","",动作要素测量!D637) | DY7: =IF(动作要素测量!D642="","",动作要素测量!D642) | DZ7: =IF(动作要素测量!D647="","",动作要素测量!D647) | EA7: =IF(动作要素测量!D652="","",动作要素测量!D652) | EB7: =IF(动作要素测量!D657="","",动作要素测量!D657) | EC7: =IF(动作要素测量!D662="","",动作要素测量!D662) | ED7: =IF(动作要素测量!D667="","",动作要素测量!D667) | EE7: =IF(动作要素测量!D672="","",动作要素测量!D672) | EF7: =IF(动作要素测量!D677="","",动作要素测量!D677) | EG7: =IF(动作要素测量!D682="","",动作要素测量!D682) | EH7: =IF(动作要素测量!D687="","",动作要素测量!D687) | EI7: =IF(动作要素测量!D692="","",动作要素测量!D692) | EJ7: =IF(动作要素测量!D697="","",动作要素测量!D697) | EK7: =IF(动作要素测量!D702="","",动作要素测量!D702)
A8: ST1时间 | B8: =IF(动作要素测量!J3="","",动作要素测量!J3) | C8: =IF(动作要素测量!J8="","",动作要素测量!J8) | D8: =IF(动作要素测量!J13="","",动作要素测量!J13) | E8: =IF(动作要素测量!J18="","",动作要素测量!J18) | F8: =IF(动作要素测量!J23="","",动作要素测量!J23) | G8: =IF(动作要素测量!J28="","",动作要素测量!J28) | H8: =IF(动作要素测量!J33="","",动作要素测量!J33) | I8: =IF(动作要素测量!J38="","",动作要素测量!J38) | J8: =IF(动作要素测量!J43="","",动作要素测量!J43) | K8: =IF(动作要素测量!J48="","",动作要素测量!J48) | L8: =IF(动作要素测量!J53="","",动作要素测量!J53) | M8: =IF(动作要素测量!J58="","",动作要素测量!J58) | N8: =IF(动作要素测量!J63="","",动作要素测量!J63) | O8: =IF(动作要素测量!J68="","",动作要素测量!J68) | P8: =IF(动作要素测量!J73="","",动作要素测量!J73) | Q8: =IF(动作要素测量!J78="","",动作要素测量!J78) | R8: =IF(动作要素测量!J83="","",动作要素测量!J83) | S8: =IF(动作要素测量!J88="","",动作要素测量!J88) | T8: =IF(动作要素测量!J93="","",动作要素测量!J93) | U8: =IF(动作要素测量!J98="","",动作要素测量!J98) | V8: =IF(动作要素测量!J103="","",动作要素测量!J103) | W8: =IF(动作要素测量!J108="","",动作要素测量!J108) | X8: =IF(动作要素测量!J113="","",动作要素测量!J113) | Y8: =IF(动作要素测量!J118="","",动作要素测量!J118) | Z8: =IF(动作要素测量!J123="","",动作要素测量!J123) | AA8: =IF(动作要素测量!J128="","",动作要素测量!J128) | AB8: =IF(动作要素测量!J133="","",动作要素测量!J133) | AC8: =IF(动作要素测量!J138="","",动作要素测量!J138) | AD8: =IF(动作要素测量!J143="","",动作要素测量!J143) | AE8: =IF(动作要素测量!J148="","",动作要素测量!J148) | AF8: =IF(动作要素测量!J153="","",动作要素测量!J153) | AG8: =IF(动作要素测量!J158="","",动作要素测量!J158) | AH8: =IF(动作要素测量!J163="","",动作要素测量!J163) | AI8: =IF(动作要素测量!J168="","",动作要素测量!J168) | AJ8: =IF(动作要素测量!J173="","",动作要素测量!J173) | AK8: =IF(动作要素测量!J178="","",动作要素测量!J178) | AL8: =IF(动作要素测量!J183="","",动作要素测量!J183) | AM8: =IF(动作要素测量!J188="","",动作要素测量!J188) | AN8: =IF(动作要素测量!J193="","",动作要素测量!J193) | AO8: =IF(动作要素测量!J198="","",动作要素测量!J198) | AP8: =IF(动作要素测量!J203="","",动作要素测量!J203) | AQ8: =IF(动作要素测量!J208="","",动作要素测量!J208) | AR8: =IF(动作要素测量!J213="","",动作要素测量!J213) | AS8: =IF(动作要素测量!J218="","",动作要素测量!J218) | AT8: =IF(动作要素测量!J223="","",动作要素测量!J223) | AU8: =IF(动作要素测量!J228="","",动作要素测量!J228) | AV8: =IF(动作要素测量!J233="","",动作要素测量!J233) | AW8: =IF(动作要素测量!J238="","",动作要素测量!J238) | AX8: =IF(动作要素测量!J243="","",动作要素测量!J243) | AY8: =IF(动作要素测量!J248="","",动作要素测量!J248) | AZ8: =IF(动作要素测量!J253="","",动作要素测量!J253) | BA8: =IF(动作要素测量!J258="","",动作要素测量!J258) | BB8: =IF(动作要素测量!J263="","",动作要素测量!J263) | BC8: =IF(动作要素测量!J268="","",动作要素测量!J268) | BD8: =IF(动作要素测量!J273="","",动作要素测量!J273) | BE8: =IF(动作要素测量!J278="","",动作要素测量!J278) | BF8: =IF(动作要素测量!J283="","",动作要素测量!J283) | BG8: =IF(动作要素测量!J288="","",动作要素测量!J288) | BH8: =IF(动作要素测量!J293="","",动作要素测量!J293) | BI8: =IF(动作要素测量!J298="","",动作要素测量!J298) | BJ8: =IF(动作要素测量!J303="","",动作要素测量!J303) | BK8: =IF(动作要素测量!J308="","",动作要素测量!J308) | BL8: =IF(动作要素测量!J313="","",动作要素测量!J313) | BM8: =IF(动作要素测量!J318="","",动作要素测量!J318) | BN8: =IF(动作要素测量!J323="","",动作要素测量!J323) | BO8: =IF(动作要素测量!J328="","",动作要素测量!J328) | BP8: =IF(动作要素测量!J333="","",动作要素测量!J333) | BQ8: =IF(动作要素测量!J338="","",动作要素测量!J338) | BR8: =IF(动作要素测量!J343="","",动作要素测量!J343) | BS8: =IF(动作要素测量!J348="","",动作要素测量!J348) | BT8: =IF(动作要素测量!J353="","",动作要素测量!J353) | BU8: =IF(动作要素测量!J358="","",动作要素测量!J358) | BV8: =IF(动作要素测量!J363="","",动作要素测量!J363) | BW8: =IF(动作要素测量!J368="","",动作要素测量!J368) | BX8: =IF(动作要素测量!J373="","",动作要素测量!J373) | BY8: =IF(动作要素测量!J378="","",动作要素测量!J378) | BZ8: =IF(动作要素测量!J383="","",动作要素测量!J383) | CA8: =IF(动作要素测量!J388="","",动作要素测量!J388) | CB8: =IF(动作要素测量!J393="","",动作要素测量!J393) | CC8: =IF(动作要素测量!J398="","",动作要素测量!J398) | CD8: =IF(动作要素测量!J403="","",动作要素测量!J403) | CE8: =IF(动作要素测量!J408="","",动作要素测量!J408) | CF8: =IF(动作要素测量!J413="","",动作要素测量!J413) | CG8: =IF(动作要素测量!J418="","",动作要素测量!J418) | CH8: =IF(动作要素测量!J423="","",动作要素测量!J423) | CI8: =IF(动作要素测量!J428="","",动作要素测量!J428) | CJ8: =IF(动作要素测量!J433="","",动作要素测量!J433) | CK8: =IF(动作要素测量!J438="","",动作要素测量!J438) | CL8: =IF(动作要素测量!J443="","",动作要素测量!J443) | CM8: =IF(动作要素测量!J448="","",动作要素测量!J448) | CN8: =IF(动作要素测量!J453="","",动作要素测量!J453) | CO8: =IF(动作要素测量!J458="","",动作要素测量!J458) | CP8: =IF(动作要素测量!J463="","",动作要素测量!J463) | CQ8: =IF(动作要素测量!J468="","",动作要素测量!J468) | CR8: =IF(动作要素测量!J473="","",动作要素测量!J473) | CS8: =IF(动作要素测量!J478="","",动作要素测量!J478) | CT8: =IF(动作要素测量!J483="","",动作要素测量!J483) | CU8: =IF(动作要素测量!J488="","",动作要素测量!J488) | CV8: =IF(动作要素测量!J493="","",动作要素测量!J493) | CW8: =IF(动作要素测量!J498="","",动作要素测量!J498) | CX8: =IF(动作要素测量!J503="","",动作要素测量!J503) | CY8: =IF(动作要素测量!J508="","",动作要素测量!J508) | CZ8: =IF(动作要素测量!J513="","",动作要素测量!J513) | DA8: =IF(动作要素测量!J518="","",动作要素测量!J518) | DB8: =IF(动作要素测量!J523="","",动作要素测量!J523) | DC8: =IF(动作要素测量!J528="","",动作要素测量!J528) | DD8: =IF(动作要素测量!J533="","",动作要素测量!J533) | DE8: =IF(动作要素测量!J538="","",动作要素测量!J538) | DF8: =IF(动作要素测量!J543="","",动作要素测量!J543) | DG8: =IF(动作要素测量!J548="","",动作要素测量!J548) | DH8: =IF(动作要素测量!J553="","",动作要素测量!J553) | DI8: =IF(动作要素测量!J558="","",动作要素测量!J558) | DJ8: =IF(动作要素测量!J563="","",动作要素测量!J563) | DK8: =IF(动作要素测量!J568="","",动作要素测量!J568) | DL8: =IF(动作要素测量!J573="","",动作要素测量!J573) | DM8: =IF(动作要素测量!J578="","",动作要素测量!J578) | DN8: =IF(动作要素测量!J583="","",动作要素测量!J583) | DO8: =IF(动作要素测量!J588="","",动作要素测量!J588) | DP8: =IF(动作要素测量!J593="","",动作要素测量!J593) | DQ8: =IF(动作要素测量!J598="","",动作要素测量!J598) | DR8: =IF(动作要素测量!J603="","",动作要素测量!J603) | DS8: =IF(动作要素测量!J608="","",动作要素测量!J608) | DT8: =IF(动作要素测量!J613="","",动作要素测量!J613) | DU8: =IF(动作要素测量!J618="","",动作要素测量!J618) | DV8: =IF(动作要素测量!J623="","",动作要素测量!J623) | DW8: =IF(动作要素测量!J628="","",动作要素测量!J628) | DX8: =IF(动作要素测量!J633="","",动作要素测量!J633) | DY8: =IF(动作要素测量!J638="","",动作要素测量!J638) | DZ8: =IF(动作要素测量!J643="","",动作要素测量!J643) | EA8: =IF(动作要素测量!J648="","",动作要素测量!J648) | EB8: =IF(动作要素测量!J653="","",动作要素测量!J653) | EC8: =IF(动作要素测量!J658="","",动作要素测量!J658) | ED8: =IF(动作要素测量!J663="","",动作要素测量!J663) | EE8: =IF(动作要素测量!J668="","",动作要素测量!J668) | EF8: =IF(动作要素测量!J673="","",动作要素测量!J673) | EG8: =IF(动作要素测量!J678="","",动作要素测量!J678) | EH8: =IF(动作要素测量!J683="","",动作要素测量!J683) | EI8: =IF(动作要素测量!J688="","",动作要素测量!J688) | EJ8: =IF(动作要素测量!J693="","",动作要素测量!J693) | EK8: =IF(动作要素测量!J698="","",动作要素测量!J698)
A9: ST2时间 | B9: =IF(动作要素测量!J4="","",动作要素测量!J4) | C9: =IF(动作要素测量!J9="","",动作要素测量!J9) | D9: =IF(动作要素测量!J14="","",动作要素测量!J14) | E9: =IF(动作要素测量!J19="","",动作要素测量!J19) | F9: =IF(动作要素测量!J24="","",动作要素测量!J24) | G9: =IF(动作要素测量!J29="","",动作要素测量!J29) | H9: =IF(动作要素测量!J34="","",动作要素测量!J34) | I9: =IF(动作要素测量!J39="","",动作要素测量!J39) | J9: =IF(动作要素测量!J44="","",动作要素测量!J44) | K9: =IF(动作要素测量!J49="","",动作要素测量!J49) | L9: =IF(动作要素测量!J54="","",动作要素测量!J54) | M9: =IF(动作要素测量!J59="","",动作要素测量!J59) | N9: =IF(动作要素测量!J64="","",动作要素测量!J64) | O9: =IF(动作要素测量!J69="","",动作要素测量!J69) | P9: =IF(动作要素测量!J74="","",动作要素测量!J74) | Q9: =IF(动作要素测量!J79="","",动作要素测量!J79) | R9: =IF(动作要素测量!J84="","",动作要素测量!J84) | S9: =IF(动作要素测量!J89="","",动作要素测量!J89) | T9: =IF(动作要素测量!J94="","",动作要素测量!J94) | U9: =IF(动作要素测量!J99="","",动作要素测量!J99) | V9: =IF(动作要素测量!J104="","",动作要素测量!J104) | W9: =IF(动作要素测量!J109="","",动作要素测量!J109) | X9: =IF(动作要素测量!J114="","",动作要素测量!J114) | Y9: =IF(动作要素测量!J119="","",动作要素测量!J119) | Z9: =IF(动作要素测量!J124="","",动作要素测量!J124) | AA9: =IF(动作要素测量!J129="","",动作要素测量!J129) | AB9: =IF(动作要素测量!J134="","",动作要素测量!J134) | AC9: =IF(动作要素测量!J139="","",动作要素测量!J139) | AD9: =IF(动作要素测量!J144="","",动作要素测量!J144) | AE9: =IF(动作要素测量!J149="","",动作要素测量!J149) | AF9: =IF(动作要素测量!J154="","",动作要素测量!J154) | AG9: =IF(动作要素测量!J159="","",动作要素测量!J159) | AH9: =IF(动作要素测量!J164="","",动作要素测量!J164) | AI9: =IF(动作要素测量!J169="","",动作要素测量!J169) | AJ9: =IF(动作要素测量!J174="","",动作要素测量!J174) | AK9: =IF(动作要素测量!J179="","",动作要素测量!J179) | AL9: =IF(动作要素测量!J184="","",动作要素测量!J184) | AM9: =IF(动作要素测量!J189="","",动作要素测量!J189) | AN9: =IF(动作要素测量!J194="","",动作要素测量!J194) | AO9: =IF(动作要素测量!J199="","",动作要素测量!J199) | AP9: =IF(动作要素测量!J204="","",动作要素测量!J204) | AQ9: =IF(动作要素测量!J209="","",动作要素测量!J209) | AR9: =IF(动作要素测量!J214="","",动作要素测量!J214) | AS9: =IF(动作要素测量!J219="","",动作要素测量!J219) | AT9: =IF(动作要素测量!J224="","",动作要素测量!J224) | AU9: =IF(动作要素测量!J229="","",动作要素测量!J229) | AV9: =IF(动作要素测量!J234="","",动作要素测量!J234) | AW9: =IF(动作要素测量!J239="","",动作要素测量!J239) | AX9: =IF(动作要素测量!J244="","",动作要素测量!J244) | AY9: =IF(动作要素测量!J249="","",动作要素测量!J249) | AZ9: =IF(动作要素测量!J254="","",动作要素测量!J254) | BA9: =IF(动作要素测量!J259="","",动作要素测量!J259) | BB9: =IF(动作要素测量!J264="","",动作要素测量!J264) | BC9: =IF(动作要素测量!J269="","",动作要素测量!J269) | BD9: =IF(动作要素测量!J274="","",动作要素测量!J274) | BE9: =IF(动作要素测量!J279="","",动作要素测量!J279) | BF9: =IF(动作要素测量!J284="","",动作要素测量!J284) | BG9: =IF(动作要素测量!J289="","",动作要素测量!J289) | BH9: =IF(动作要素测量!J294="","",动作要素测量!J294) | BI9: =IF(动作要素测量!J299="","",动作要素测量!J299) | BJ9: =IF(动作要素测量!J304="","",动作要素测量!J304) | BK9: =IF(动作要素测量!J309="","",动作要素测量!J309) | BL9: =IF(动作要素测量!J314="","",动作要素测量!J314) | BM9: =IF(动作要素测量!J319="","",动作要素测量!J319) | BN9: =IF(动作要素测量!J324="","",动作要素测量!J324) | BO9: =IF(动作要素测量!J329="","",动作要素测量!J329) | BP9: =IF(动作要素测量!J334="","",动作要素测量!J334) | BQ9: =IF(动作要素测量!J339="","",动作要素测量!J339) | BR9: =IF(动作要素测量!J344="","",动作要素测量!J344) | BS9: =IF(动作要素测量!J349="","",动作要素测量!J349) | BT9: =IF(动作要素测量!J354="","",动作要素测量!J354) | BU9: =IF(动作要素测量!J359="","",动作要素测量!J359) | BV9: =IF(动作要素测量!J364="","",动作要素测量!J364) | BW9: =IF(动作要素测量!J369="","",动作要素测量!J369) | BX9: =IF(动作要素测量!J374="","",动作要素测量!J374) | BY9: =IF(动作要素测量!J379="","",动作要素测量!J379) | BZ9: =IF(动作要素测量!J384="","",动作要素测量!J384) | CA9: =IF(动作要素测量!J389="","",动作要素测量!J389) | CB9: =IF(动作要素测量!J394="","",动作要素测量!J394) | CC9: =IF(动作要素测量!J399="","",动作要素测量!J399) | CD9: =IF(动作要素测量!J404="","",动作要素测量!J404) | CE9: =IF(动作要素测量!J409="","",动作要素测量!J409) | CF9: =IF(动作要素测量!J414="","",动作要素测量!J414) | CG9: =IF(动作要素测量!J419="","",动作要素测量!J419) | CH9: =IF(动作要素测量!J424="","",动作要素测量!J424) | CI9: =IF(动作要素测量!J429="","",动作要素测量!J429) | CJ9: =IF(动作要素测量!J434="","",动作要素测量!J434) | CK9: =IF(动作要素测量!J439="","",动作要素测量!J439) | CL9: =IF(动作要素测量!J444="","",动作要素测量!J444) | CM9: =IF(动作要素测量!J449="","",动作要素测量!J449) | CN9: =IF(动作要素测量!J454="","",动作要素测量!J454) | CO9: =IF(动作要素测量!J459="","",动作要素测量!J459) | CP9: =IF(动作要素测量!J464="","",动作要素测量!J464) | CQ9: =IF(动作要素测量!J469="","",动作要素测量!J469) | CR9: =IF(动作要素测量!J474="","",动作要素测量!J474) | CS9: =IF(动作要素测量!J479="","",动作要素测量!J479) | CT9: =IF(动作要素测量!J484="","",动作要素测量!J484) | CU9: =IF(动作要素测量!J489="","",动作要素测量!J489) | CV9: =IF(动作要素测量!J494="","",动作要素测量!J494) | CW9: =IF(动作要素测量!J499="","",动作要素测量!J499) | CX9: =IF(动作要素测量!J504="","",动作要素测量!J504) | CY9: =IF(动作要素测量!J509="","",动作要素测量!J509) | CZ9: =IF(动作要素测量!J514="","",动作要素测量!J514) | DA9: =IF(动作要素测量!J519="","",动作要素测量!J519) | DB9: =IF(动作要素测量!J524="","",动作要素测量!J524) | DC9: =IF(动作要素测量!J529="","",动作要素测量!J529) | DD9: =IF(动作要素测量!J534="","",动作要素测量!J534) | DE9: =IF(动作要素测量!J539="","",动作要素测量!J539) | DF9: =IF(动作要素测量!J544="","",动作要素测量!J544) | DG9: =IF(动作要素测量!J549="","",动作要素测量!J549) | DH9: =IF(动作要素测量!J554="","",动作要素测量!J554) | DI9: =IF(动作要素测量!J559="","",动作要素测量!J559) | DJ9: =IF(动作要素测量!J564="","",动作要素测量!J564) | DK9: =IF(动作要素测量!J569="","",动作要素测量!J569) | DL9: =IF(动作要素测量!J574="","",动作要素测量!J574) | DM9: =IF(动作要素测量!J579="","",动作要素测量!J579) | DN9: =IF(动作要素测量!J584="","",动作要素测量!J584) | DO9: =IF(动作要素测量!J589="","",动作要素测量!J589) | DP9: =IF(动作要素测量!J594="","",动作要素测量!J594) | DQ9: =IF(动作要素测量!J599="","",动作要素测量!J599) | DR9: =IF(动作要素测量!J604="","",动作要素测量!J604) | DS9: =IF(动作要素测量!J609="","",动作要素测量!J609) | DT9: =IF(动作要素测量!J614="","",动作要素测量!J614) | DU9: =IF(动作要素测量!J619="","",动作要素测量!J619) | DV9: =IF(动作要素测量!J624="","",动作要素测量!J624) | DW9: =IF(动作要素测量!J629="","",动作要素测量!J629) | DX9: =IF(动作要素测量!J634="","",动作要素测量!J634) | DY9: =IF(动作要素测量!J639="","",动作要素测量!J639) | DZ9: =IF(动作要素测量!J644="","",动作要素测量!J644) | EA9: =IF(动作要素测量!J649="","",动作要素测量!J649) | EB9: =IF(动作要素测量!J654="","",动作要素测量!J654) | EC9: =IF(动作要素测量!J659="","",动作要素测量!J659) | ED9: =IF(动作要素测量!J664="","",动作要素测量!J664) | EE9: =IF(动作要素测量!J669="","",动作要素测量!J669) | EF9: =IF(动作要素测量!J674="","",动作要素测量!J674) | EG9: =IF(动作要素测量!J679="","",动作要素测量!J679) | EH9: =IF(动作要素测量!J684="","",动作要素测量!J684) | EI9: =IF(动作要素测量!J689="","",动作要素测量!J689) | EJ9: =IF(动作要素测量!J694="","",动作要素测量!J694) | EK9: =IF(动作要素测量!J699="","",动作要素测量!J699)
A10: ST3时间 | B10: =IF(动作要素测量!J5="","",动作要素测量!J5) | C10: =IF(动作要素测量!J10="","",动作要素测量!J10) | D10: =IF(动作要素测量!J15="","",动作要素测量!J15) | E10: =IF(动作要素测量!J20="","",动作要素测量!J20) | F10: =IF(动作要素测量!J25="","",动作要素测量!J25) | G10: =IF(动作要素测量!J30="","",动作要素测量!J30) | H10: =IF(动作要素测量!J35="","",动作要素测量!J35) | I10: =IF(动作要素测量!J40="","",动作要素测量!J40) | J10: =IF(动作要素测量!J45="","",动作要素测量!J45) | K10: =IF(动作要素测量!J50="","",动作要素测量!J50) | L10: =IF(动作要素测量!J55="","",动作要素测量!J55) | M10: =IF(动作要素测量!J60="","",动作要素测量!J60) | N10: =IF(动作要素测量!J65="","",动作要素测量!J65) | O10: =IF(动作要素测量!J70="","",动作要素测量!J70) | P10: =IF(动作要素测量!J75="","",动作要素测量!J75) | Q10: =IF(动作要素测量!J80="","",动作要素测量!J80) | R10: =IF(动作要素测量!J85="","",动作要素测量!J85) | S10: =IF(动作要素测量!J90="","",动作要素测量!J90) | T10: =IF(动作要素测量!J95="","",动作要素测量!J95) | U10: =IF(动作要素测量!J100="","",动作要素测量!J100) | V10: =IF(动作要素测量!J105="","",动作要素测量!J105) | W10: =IF(动作要素测量!J110="","",动作要素测量!J110) | X10: =IF(动作要素测量!J115="","",动作要素测量!J115) | Y10: =IF(动作要素测量!J120="","",动作要素测量!J120) | Z10: =IF(动作要素测量!J125="","",动作要素测量!J125) | AA10: =IF(动作要素测量!J130="","",动作要素测量!J130) | AB10: =IF(动作要素测量!J135="","",动作要素测量!J135) | AC10: =IF(动作要素测量!J140="","",动作要素测量!J140) | AD10: =IF(动作要素测量!J145="","",动作要素测量!J145) | AE10: =IF(动作要素测量!J150="","",动作要素测量!J150) | AF10: =IF(动作要素测量!J155="","",动作要素测量!J155) | AG10: =IF(动作要素测量!J160="","",动作要素测量!J160) | AH10: =IF(动作要素测量!J165="","",动作要素测量!J165) | AI10: =IF(动作要素测量!J170="","",动作要素测量!J170) | AJ10: =IF(动作要素测量!J175="","",动作要素测量!J175) | AK10: =IF(动作要素测量!J180="","",动作要素测量!J180) | AL10: =IF(动作要素测量!J185="","",动作要素测量!J185) | AM10: =IF(动作要素测量!J190="","",动作要素测量!J190) | AN10: =IF(动作要素测量!J195="","",动作要素测量!J195) | AO10: =IF(动作要素测量!J200="","",动作要素测量!J200) | AP10: =IF(动作要素测量!J205="","",动作要素测量!J205) | AQ10: =IF(动作要素测量!J210="","",动作要素测量!J210) | AR10: =IF(动作要素测量!J215="","",动作要素测量!J215) | AS10: =IF(动作要素测量!J220="","",动作要素测量!J220) | AT10: =IF(动作要素测量!J225="","",动作要素测量!J225) | AU10: =IF(动作要素测量!J230="","",动作要素测量!J230) | AV10: =IF(动作要素测量!J235="","",动作要素测量!J235) | AW10: =IF(动作要素测量!J240="","",动作要素测量!J240) | AX10: =IF(动作要素测量!J245="","",动作要素测量!J245) | AY10: =IF(动作要素测量!J250="","",动作要素测量!J250) | AZ10: =IF(动作要素测量!J255="","",动作要素测量!J255) | BA10: =IF(动作要素测量!J260="","",动作要素测量!J260) | BB10: =IF(动作要素测量!J265="","",动作要素测量!J265) | BC10: =IF(动作要素测量!J270="","",动作要素测量!J270) | BD10: =IF(动作要素测量!J275="","",动作要素测量!J275) | BE10: =IF(动作要素测量!J280="","",动作要素测量!J280) | BF10: =IF(动作要素测量!J285="","",动作要素测量!J285) | BG10: =IF(动作要素测量!J290="","",动作要素测量!J290) | BH10: =IF(动作要素测量!J295="","",动作要素测量!J295) | BI10: =IF(动作要素测量!J300="","",动作要素测量!J300) | BJ10: =IF(动作要素测量!J305="","",动作要素测量!J305) | BK10: =IF(动作要素测量!J310="","",动作要素测量!J310) | BL10: =IF(动作要素测量!J315="","",动作要素测量!J315) | BM10: =IF(动作要素测量!J320="","",动作要素测量!J320) | BN10: =IF(动作要素测量!J325="","",动作要素测量!J325) | BO10: =IF(动作要素测量!J330="","",动作要素测量!J330) | BP10: =IF(动作要素测量!J335="","",动作要素测量!J335) | BQ10: =IF(动作要素测量!J340="","",动作要素测量!J340) | BR10: =IF(动作要素测量!J345="","",动作要素测量!J345) | BS10: =IF(动作要素测量!J350="","",动作要素测量!J350) | BT10: =IF(动作要素测量!J355="","",动作要素测量!J355) | BU10: =IF(动作要素测量!J360="","",动作要素测量!J360) | BV10: =IF(动作要素测量!J365="","",动作要素测量!J365) | BW10: =IF(动作要素测量!J370="","",动作要素测量!J370) | BX10: =IF(动作要素测量!J375="","",动作要素测量!J375) | BY10: =IF(动作要素测量!J380="","",动作要素测量!J380) | BZ10: =IF(动作要素测量!J385="","",动作要素测量!J385) | CA10: =IF(动作要素测量!J390="","",动作要素测量!J390) | CB10: =IF(动作要素测量!J395="","",动作要素测量!J395) | CC10: =IF(动作要素测量!J400="","",动作要素测量!J400) | CD10: =IF(动作要素测量!J405="","",动作要素测量!J405) | CE10: =IF(动作要素测量!J410="","",动作要素测量!J410) | CF10: =IF(动作要素测量!J415="","",动作要素测量!J415) | CG10: =IF(动作要素测量!J420="","",动作要素测量!J420) | CH10: =IF(动作要素测量!J425="","",动作要素测量!J425) | CI10: =IF(动作要素测量!J430="","",动作要素测量!J430) | CJ10: =IF(动作要素测量!J435="","",动作要素测量!J435) | CK10: =IF(动作要素测量!J440="","",动作要素测量!J440) | CL10: =IF(动作要素测量!J445="","",动作要素测量!J445) | CM10: =IF(动作要素测量!J450="","",动作要素测量!J450) | CN10: =IF(动作要素测量!J455="","",动作要素测量!J455) | CO10: =IF(动作要素测量!J460="","",动作要素测量!J460) | CP10: =IF(动作要素测量!J465="","",动作要素测量!J465) | CQ10: =IF(动作要素测量!J470="","",动作要素测量!J470) | CR10: =IF(动作要素测量!J475="","",动作要素测量!J475) | CS10: =IF(动作要素测量!J480="","",动作要素测量!J480) | CT10: =IF(动作要素测量!J485="","",动作要素测量!J485) | CU10: =IF(动作要素测量!J490="","",动作要素测量!J490) | CV10: =IF(动作要素测量!J495="","",动作要素测量!J495) | CW10: =IF(动作要素测量!J500="","",动作要素测量!J500) | CX10: =IF(动作要素测量!J505="","",动作要素测量!J505) | CY10: =IF(动作要素测量!J510="","",动作要素测量!J510) | CZ10: =IF(动作要素测量!J515="","",动作要素测量!J515) | DA10: =IF(动作要素测量!J520="","",动作要素测量!J520) | DB10: =IF(动作要素测量!J525="","",动作要素测量!J525) | DC10: =IF(动作要素测量!J530="","",动作要素测量!J530) | DD10: =IF(动作要素测量!J535="","",动作要素测量!J535) | DE10: =IF(动作要素测量!J540="","",动作要素测量!J540) | DF10: =IF(动作要素测量!J545="","",动作要素测量!J545) | DG10: =IF(动作要素测量!J550="","",动作要素测量!J550) | DH10: =IF(动作要素测量!J555="","",动作要素测量!J555) | DI10: =IF(动作要素测量!J560="","",动作要素测量!J560) | DJ10: =IF(动作要素测量!J565="","",动作要素测量!J565) | DK10: =IF(动作要素测量!J570="","",动作要素测量!J570) | DL10: =IF(动作要素测量!J575="","",动作要素测量!J575) | DM10: =IF(动作要素测量!J580="","",动作要素测量!J580) | DN10: =IF(动作要素测量!J585="","",动作要素测量!J585) | DO10: =IF(动作要素测量!J590="","",动作要素测量!J590) | DP10: =IF(动作要素测量!J595="","",动作要素测量!J595) | DQ10: =IF(动作要素测量!J600="","",动作要素测量!J600) | DR10: =IF(动作要素测量!J605="","",动作要素测量!J605) | DS10: =IF(动作要素测量!J610="","",动作要素测量!J610) | DT10: =IF(动作要素测量!J615="","",动作要素测量!J615) | DU10: =IF(动作要素测量!J620="","",动作要素测量!J620) | DV10: =IF(动作要素测量!J625="","",动作要素测量!J625) | DW10: =IF(动作要素测量!J630="","",动作要素测量!J630) | DX10: =IF(动作要素测量!J635="","",动作要素测量!J635) | DY10: =IF(动作要素测量!J640="","",动作要素测量!J640) | DZ10: =IF(动作要素测量!J645="","",动作要素测量!J645) | EA10: =IF(动作要素测量!J650="","",动作要素测量!J650) | EB10: =IF(动作要素测量!J655="","",动作要素测量!J655) | EC10: =IF(动作要素测量!J660="","",动作要素测量!J660) | ED10: =IF(动作要素测量!J665="","",动作要素测量!J665) | EE10: =IF(动作要素测量!J670="","",动作要素测量!J670) | EF10: =IF(动作要素测量!J675="","",动作要素测量!J675) | EG10: =IF(动作要素测量!J680="","",动作要素测量!J680) | EH10: =IF(动作要素测量!J685="","",动作要素测量!J685) | EI10: =IF(动作要素测量!J690="","",动作要素测量!J690) | EJ10: =IF(动作要素测量!J695="","",动作要素测量!J695) | EK10: =IF(动作要素测量!J700="","",动作要素测量!J700)
A11: ST4时间 | B11: =IF(动作要素测量!J6="","",动作要素测量!J6) | C11: =IF(动作要素测量!J11="","",动作要素测量!J11) | D11: =IF(动作要素测量!J16="","",动作要素测量!J16) | E11: =IF(动作要素测量!J21="","",动作要素测量!J21) | F11: =IF(动作要素测量!J26="","",动作要素测量!J26) | G11: =IF(动作要素测量!J31="","",动作要素测量!J31) | H11: =IF(动作要素测量!J36="","",动作要素测量!J36) | I11: =IF(动作要素测量!J41="","",动作要素测量!J41) | J11: =IF(动作要素测量!J46="","",动作要素测量!J46) | K11: =IF(动作要素测量!J51="","",动作要素测量!J51) | L11: =IF(动作要素测量!J56="","",动作要素测量!J56) | M11: =IF(动作要素测量!J61="","",动作要素测量!J61) | N11: =IF(动作要素测量!J66="","",动作要素测量!J66) | O11: =IF(动作要素测量!J71="","",动作要素测量!J71) | P11: =IF(动作要素测量!J76="","",动作要素测量!J76) | Q11: =IF(动作要素测量!J81="","",动作要素测量!J81) | R11: =IF(动作要素测量!J86="","",动作要素测量!J86) | S11: =IF(动作要素测量!J91="","",动作要素测量!J91) | T11: =IF(动作要素测量!J96="","",动作要素测量!J96) | U11: =IF(动作要素测量!J101="","",动作要素测量!J101) | V11: =IF(动作要素测量!J106="","",动作要素测量!J106) | W11: =IF(动作要素测量!J111="","",动作要素测量!J111) | X11: =IF(动作要素测量!J116="","",动作要素测量!J116) | Y11: =IF(动作要素测量!J121="","",动作要素测量!J121) | Z11: =IF(动作要素测量!J126="","",动作要素测量!J126) | AA11: =IF(动作要素测量!J131="","",动作要素测量!J131) | AB11: =IF(动作要素测量!J136="","",动作要素测量!J136) | AC11: =IF(动作要素测量!J141="","",动作要素测量!J141) | AD11: =IF(动作要素测量!J146="","",动作要素测量!J146) | AE11: =IF(动作要素测量!J151="","",动作要素测量!J151) | AF11: =IF(动作要素测量!J156="","",动作要素测量!J156) | AG11: =IF(动作要素测量!J161="","",动作要素测量!J161) | AH11: =IF(动作要素测量!J166="","",动作要素测量!J166) | AI11: =IF(动作要素测量!J171="","",动作要素测量!J171) | AJ11: =IF(动作要素测量!J176="","",动作要素测量!J176) | AK11: =IF(动作要素测量!J181="","",动作要素测量!J181) | AL11: =IF(动作要素测量!J186="","",动作要素测量!J186) | AM11: =IF(动作要素测量!J191="","",动作要素测量!J191) | AN11: =IF(动作要素测量!J196="","",动作要素测量!J196) | AO11: =IF(动作要素测量!J201="","",动作要素测量!J201) | AP11: =IF(动作要素测量!J206="","",动作要素测量!J206) | AQ11: =IF(动作要素测量!J211="","",动作要素测量!J211) | AR11: =IF(动作要素测量!J216="","",动作要素测量!J216) | AS11: =IF(动作要素测量!J221="","",动作要素测量!J221) | AT11: =IF(动作要素测量!J226="","",动作要素测量!J226) | AU11: =IF(动作要素测量!J231="","",动作要素测量!J231) | AV11: =IF(动作要素测量!J236="","",动作要素测量!J236) | AW11: =IF(动作要素测量!J241="","",动作要素测量!J241) | AX11: =IF(动作要素测量!J246="","",动作要素测量!J246) | AY11: =IF(动作要素测量!J251="","",动作要素测量!J251) | AZ11: =IF(动作要素测量!J256="","",动作要素测量!J256) | BA11: =IF(动作要素测量!J261="","",动作要素测量!J261) | BB11: =IF(动作要素测量!J266="","",动作要素测量!J266) | BC11: =IF(动作要素测量!J271="","",动作要素测量!J271) | BD11: =IF(动作要素测量!J276="","",动作要素测量!J276) | BE11: =IF(动作要素测量!J281="","",动作要素测量!J281) | BF11: =IF(动作要素测量!J286="","",动作要素测量!J286) | BG11: =IF(动作要素测量!J291="","",动作要素测量!J291) | BH11: =IF(动作要素测量!J296="","",动作要素测量!J296) | BI11: =IF(动作要素测量!J301="","",动作要素测量!J301) | BJ11: =IF(动作要素测量!J306="","",动作要素测量!J306) | BK11: =IF(动作要素测量!J311="","",动作要素测量!J311) | BL11: =IF(动作要素测量!J316="","",动作要素测量!J316) | BM11: =IF(动作要素测量!J321="","",动作要素测量!J321) | BN11: =IF(动作要素测量!J326="","",动作要素测量!J326) | BO11: =IF(动作要素测量!J331="","",动作要素测量!J331) | BP11: =IF(动作要素测量!J336="","",动作要素测量!J336) | BQ11: =IF(动作要素测量!J341="","",动作要素测量!J341) | BR11: =IF(动作要素测量!J346="","",动作要素测量!J346) | BS11: =IF(动作要素测量!J351="","",动作要素测量!J351) | BT11: =IF(动作要素测量!J356="","",动作要素测量!J356) | BU11: =IF(动作要素测量!J361="","",动作要素测量!J361) | BV11: =IF(动作要素测量!J366="","",动作要素测量!J366) | BW11: =IF(动作要素测量!J371="","",动作要素测量!J371) | BX11: =IF(动作要素测量!J376="","",动作要素测量!J376) | BY11: =IF(动作要素测量!J381="","",动作要素测量!J381) | BZ11: =IF(动作要素测量!J386="","",动作要素测量!J386) | CA11: =IF(动作要素测量!J391="","",动作要素测量!J391) | CB11: =IF(动作要素测量!J396="","",动作要素测量!J396) | CC11: =IF(动作要素测量!J401="","",动作要素测量!J401) | CD11: =IF(动作要素测量!J406="","",动作要素测量!J406) | CE11: =IF(动作要素测量!J411="","",动作要素测量!J411) | CF11: =IF(动作要素测量!J416="","",动作要素测量!J416) | CG11: =IF(动作要素测量!J421="","",动作要素测量!J421) | CH11: =IF(动作要素测量!J426="","",动作要素测量!J426) | CI11: =IF(动作要素测量!J431="","",动作要素测量!J431) | CJ11: =IF(动作要素测量!J436="","",动作要素测量!J436) | CK11: =IF(动作要素测量!J441="","",动作要素测量!J441) | CL11: =IF(动作要素测量!J446="","",动作要素测量!J446) | CM11: =IF(动作要素测量!J451="","",动作要素测量!J451) | CN11: =IF(动作要素测量!J456="","",动作要素测量!J456) | CO11: =IF(动作要素测量!J461="","",动作要素测量!J461) | CP11: =IF(动作要素测量!J466="","",动作要素测量!J466) | CQ11: =IF(动作要素测量!J471="","",动作要素测量!J471) | CR11: =IF(动作要素测量!J476="","",动作要素测量!J476) | CS11: =IF(动作要素测量!J481="","",动作要素测量!J481) | CT11: =IF(动作要素测量!J486="","",动作要素测量!J486) | CU11: =IF(动作要素测量!J491="","",动作要素测量!J491) | CV11: =IF(动作要素测量!J496="","",动作要素测量!J496) | CW11: =IF(动作要素测量!J501="","",动作要素测量!J501) | CX11: =IF(动作要素测量!J506="","",动作要素测量!J506) | CY11: =IF(动作要素测量!J511="","",动作要素测量!J511) | CZ11: =IF(动作要素测量!J516="","",动作要素测量!J516) | DA11: =IF(动作要素测量!J521="","",动作要素测量!J521) | DB11: =IF(动作要素测量!J526="","",动作要素测量!J526) | DC11: =IF(动作要素测量!J531="","",动作要素测量!J531) | DD11: =IF(动作要素测量!J536="","",动作要素测量!J536) | DE11: =IF(动作要素测量!J541="","",动作要素测量!J541) | DF11: =IF(动作要素测量!J546="","",动作要素测量!J546) | DG11: =IF(动作要素测量!J551="","",动作要素测量!J551) | DH11: =IF(动作要素测量!J556="","",动作要素测量!J556) | DI11: =IF(动作要素测量!J561="","",动作要素测量!J561) | DJ11: =IF(动作要素测量!J566="","",动作要素测量!J566) | DK11: =IF(动作要素测量!J571="","",动作要素测量!J571) | DL11: =IF(动作要素测量!J576="","",动作要素测量!J576) | DM11: =IF(动作要素测量!J581="","",动作要素测量!J581) | DN11: =IF(动作要素测量!J586="","",动作要素测量!J586) | DO11: =IF(动作要素测量!J591="","",动作要素测量!J591) | DP11: =IF(动作要素测量!J596="","",动作要素测量!J596) | DQ11: =IF(动作要素测量!J601="","",动作要素测量!J601) | DR11: =IF(动作要素测量!J606="","",动作要素测量!J606) | DS11: =IF(动作要素测量!J611="","",动作要素测量!J611) | DT11: =IF(动作要素测量!J616="","",动作要素测量!J616) | DU11: =IF(动作要素测量!J621="","",动作要素测量!J621) | DV11: =IF(动作要素测量!J626="","",动作要素测量!J626) | DW11: =IF(动作要素测量!J631="","",动作要素测量!J631) | DX11: =IF(动作要素测量!J636="","",动作要素测量!J636) | DY11: =IF(动作要素测量!J641="","",动作要素测量!J641) | DZ11: =IF(动作要素测量!J646="","",动作要素测量!J646) | EA11: =IF(动作要素测量!J651="","",动作要素测量!J651) | EB11: =IF(动作要素测量!J656="","",动作要素测量!J656) | EC11: =IF(动作要素测量!J661="","",动作要素测量!J661) | ED11: =IF(动作要素测量!J666="","",动作要素测量!J666) | EE11: =IF(动作要素测量!J671="","",动作要素测量!J671) | EF11: =IF(动作要素测量!J676="","",动作要素测量!J676) | EG11: =IF(动作要素测量!J681="","",动作要素测量!J681) | EH11: =IF(动作要素测量!J686="","",动作要素测量!J686) | EI11: =IF(动作要素测量!J691="","",动作要素测量!J691) | EJ11: =IF(动作要素测量!J696="","",动作要素测量!J696) | EK11: =IF(动作要素测量!J701="","",动作要素测量!J701)
A12: ST5时间 | B12: =IF(动作要素测量!J7="","",动作要素测量!J7) | C12: =IF(动作要素测量!J12="","",动作要素测量!J12) | D12: =IF(动作要素测量!J17="","",动作要素测量!J17) | E12: =IF(动作要素测量!J22="","",动作要素测量!J22) | F12: =IF(动作要素测量!J27="","",动作要素测量!J27) | G12: =IF(动作要素测量!J32="","",动作要素测量!J32) | H12: =IF(动作要素测量!J37="","",动作要素测量!J37) | I12: =IF(动作要素测量!J42="","",动作要素测量!J42) | J12: =IF(动作要素测量!J47="","",动作要素测量!J47) | K12: =IF(动作要素测量!J52="","",动作要素测量!J52) | L12: =IF(动作要素测量!J57="","",动作要素测量!J57) | M12: =IF(动作要素测量!J62="","",动作要素测量!J62) | N12: =IF(动作要素测量!J67="","",动作要素测量!J67) | O12: =IF(动作要素测量!J72="","",动作要素测量!J72) | P12: =IF(动作要素测量!J77="","",动作要素测量!J77) | Q12: =IF(动作要素测量!J82="","",动作要素测量!J82) | R12: =IF(动作要素测量!J87="","",动作要素测量!J87) | S12: =IF(动作要素测量!J92="","",动作要素测量!J92) | T12: =IF(动作要素测量!J97="","",动作要素测量!J97) | U12: =IF(动作要素测量!J102="","",动作要素测量!J102) | V12: =IF(动作要素测量!J107="","",动作要素测量!J107) | W12: =IF(动作要素测量!J112="","",动作要素测量!J112) | X12: =IF(动作要素测量!J117="","",动作要素测量!J117) | Y12: =IF(动作要素测量!J122="","",动作要素测量!J122) | Z12: =IF(动作要素测量!J127="","",动作要素测量!J127) | AA12: =IF(动作要素测量!J132="","",动作要素测量!J132) | AB12: =IF(动作要素测量!J137="","",动作要素测量!J137) | AC12: =IF(动作要素测量!J142="","",动作要素测量!J142) | AD12: =IF(动作要素测量!J147="","",动作要素测量!J147) | AE12: =IF(动作要素测量!J152="","",动作要素测量!J152) | AF12: =IF(动作要素测量!J157="","",动作要素测量!J157) | AG12: =IF(动作要素测量!J162="","",动作要素测量!J162) | AH12: =IF(动作要素测量!J167="","",动作要素测量!J167) | AI12: =IF(动作要素测量!J172="","",动作要素测量!J172) | AJ12: =IF(动作要素测量!J177="","",动作要素测量!J177) | AK12: =IF(动作要素测量!J182="","",动作要素测量!J182) | AL12: =IF(动作要素测量!J187="","",动作要素测量!J187) | AM12: =IF(动作要素测量!J192="","",动作要素测量!J192) | AN12: =IF(动作要素测量!J197="","",动作要素测量!J197) | AO12: =IF(动作要素测量!J202="","",动作要素测量!J202) | AP12: =IF(动作要素测量!J207="","",动作要素测量!J207) | AQ12: =IF(动作要素测量!J212="","",动作要素测量!J212) | AR12: =IF(动作要素测量!J217="","",动作要素测量!J217) | AS12: =IF(动作要素测量!J222="","",动作要素测量!J222) | AT12: =IF(动作要素测量!J227="","",动作要素测量!J227) | AU12: =IF(动作要素测量!J232="","",动作要素测量!J232) | AV12: =IF(动作要素测量!J237="","",动作要素测量!J237) | AW12: =IF(动作要素测量!J242="","",动作要素测量!J242) | AX12: =IF(动作要素测量!J247="","",动作要素测量!J247) | AY12: =IF(动作要素测量!J252="","",动作要素测量!J252) | AZ12: =IF(动作要素测量!J257="","",动作要素测量!J257) | BA12: =IF(动作要素测量!J262="","",动作要素测量!J262) | BB12: =IF(动作要素测量!J267="","",动作要素测量!J267) | BC12: =IF(动作要素测量!J272="","",动作要素测量!J272) | BD12: =IF(动作要素测量!J277="","",动作要素测量!J277) | BE12: =IF(动作要素测量!J282="","",动作要素测量!J282) | BF12: =IF(动作要素测量!J287="","",动作要素测量!J287) | BG12: =IF(动作要素测量!J292="","",动作要素测量!J292) | BH12: =IF(动作要素测量!J297="","",动作要素测量!J297) | BI12: =IF(动作要素测量!J302="","",动作要素测量!J302) | BJ12: =IF(动作要素测量!J307="","",动作要素测量!J307) | BK12: =IF(动作要素测量!J312="","",动作要素测量!J312) | BL12: =IF(动作要素测量!J317="","",动作要素测量!J317) | BM12: =IF(动作要素测量!J322="","",动作要素测量!J322) | BN12: =IF(动作要素测量!J327="","",动作要素测量!J327) | BO12: =IF(动作要素测量!J332="","",动作要素测量!J332) | BP12: =IF(动作要素测量!J337="","",动作要素测量!J337) | BQ12: =IF(动作要素测量!J342="","",动作要素测量!J342) | BR12: =IF(动作要素测量!J347="","",动作要素测量!J347) | BS12: =IF(动作要素测量!J352="","",动作要素测量!J352) | BT12: =IF(动作要素测量!J357="","",动作要素测量!J357) | BU12: =IF(动作要素测量!J362="","",动作要素测量!J362) | BV12: =IF(动作要素测量!J367="","",动作要素测量!J367) | BW12: =IF(动作要素测量!J372="","",动作要素测量!J372) | BX12: =IF(动作要素测量!J377="","",动作要素测量!J377) | BY12: =IF(动作要素测量!J382="","",动作要素测量!J382) | BZ12: =IF(动作要素测量!J387="","",动作要素测量!J387) | CA12: =IF(动作要素测量!J392="","",动作要素测量!J392) | CB12: =IF(动作要素测量!J397="","",动作要素测量!J397) | CC12: =IF(动作要素测量!J402="","",动作要素测量!J402) | CD12: =IF(动作要素测量!J407="","",动作要素测量!J407) | CE12: =IF(动作要素测量!J412="","",动作要素测量!J412) | CF12: =IF(动作要素测量!J417="","",动作要素测量!J417) | CG12: =IF(动作要素测量!J422="","",动作要素测量!J422) | CH12: =IF(动作要素测量!J427="","",动作要素测量!J427) | CI12: =IF(动作要素测量!J432="","",动作要素测量!J432) | CJ12: =IF(动作要素测量!J437="","",动作要素测量!J437) | CK12: =IF(动作要素测量!J442="","",动作要素测量!J442) | CL12: =IF(动作要素测量!J447="","",动作要素测量!J447) | CM12: =IF(动作要素测量!J452="","",动作要素测量!J452) | CN12: =IF(动作要素测量!J457="","",动作要素测量!J457) | CO12: =IF(动作要素测量!J462="","",动作要素测量!J462) | CP12: =IF(动作要素测量!J467="","",动作要素测量!J467) | CQ12: =IF(动作要素测量!J472="","",动作要素测量!J472) | CR12: =IF(动作要素测量!J477="","",动作要素测量!J477) | CS12: =IF(动作要素测量!J482="","",动作要素测量!J482) | CT12: =IF(动作要素测量!J487="","",动作要素测量!J487) | CU12: =IF(动作要素测量!J492="","",动作要素测量!J492) | CV12: =IF(动作要素测量!J497="","",动作要素测量!J497) | CW12: =IF(动作要素测量!J502="","",动作要素测量!J502) | CX12: =IF(动作要素测量!J507="","",动作要素测量!J507) | CY12: =IF(动作要素测量!J512="","",动作要素测量!J512) | CZ12: =IF(动作要素测量!J517="","",动作要素测量!J517) | DA12: =IF(动作要素测量!J522="","",动作要素测量!J522) | DB12: =IF(动作要素测量!J527="","",动作要素测量!J527) | DC12: =IF(动作要素测量!J532="","",动作要素测量!J532) | DD12: =IF(动作要素测量!J537="","",动作要素测量!J537) | DE12: =IF(动作要素测量!J542="","",动作要素测量!J542) | DF12: =IF(动作要素测量!J547="","",动作要素测量!J547) | DG12: =IF(动作要素测量!J552="","",动作要素测量!J552) | DH12: =IF(动作要素测量!J557="","",动作要素测量!J557) | DI12: =IF(动作要素测量!J562="","",动作要素测量!J562) | DJ12: =IF(动作要素测量!J567="","",动作要素测量!J567) | DK12: =IF(动作要素测量!J572="","",动作要素测量!J572) | DL12: =IF(动作要素测量!J577="","",动作要素测量!J577) | DM12: =IF(动作要素测量!J582="","",动作要素测量!J582) | DN12: =IF(动作要素测量!J587="","",动作要素测量!J587) | DO12: =IF(动作要素测量!J592="","",动作要素测量!J592) | DP12: =IF(动作要素测量!J597="","",动作要素测量!J597) | DQ12: =IF(动作要素测量!J602="","",动作要素测量!J602) | DR12: =IF(动作要素测量!J607="","",动作要素测量!J607) | DS12: =IF(动作要素测量!J612="","",动作要素测量!J612) | DT12: =IF(动作要素测量!J617="","",动作要素测量!J617) | DU12: =IF(动作要素测量!J622="","",动作要素测量!J622) | DV12: =IF(动作要素测量!J627="","",动作要素测量!J627) | DW12: =IF(动作要素测量!J632="","",动作要素测量!J632) | DX12: =IF(动作要素测量!J637="","",动作要素测量!J637) | DY12: =IF(动作要素测量!J642="","",动作要素测量!J642) | DZ12: =IF(动作要素测量!J647="","",动作要素测量!J647) | EA12: =IF(动作要素测量!J652="","",动作要素测量!J652) | EB12: =IF(动作要素测量!J657="","",动作要素测量!J657) | EC12: =IF(动作要素测量!J662="","",动作要素测量!J662) | ED12: =IF(动作要素测量!J667="","",动作要素测量!J667) | EE12: =IF(动作要素测量!J672="","",动作要素测量!J672) | EF12: =IF(动作要素测量!J677="","",动作要素测量!J677) | EG12: =IF(动作要素测量!J682="","",动作要素测量!J682) | EH12: =IF(动作要素测量!J687="","",动作要素测量!J687) | EI12: =IF(动作要素测量!J692="","",动作要素测量!J692) | EJ12: =IF(动作要素测量!J697="","",动作要素测量!J697) | EK12: =IF(动作要素测量!J702="","",动作要素测量!J702)
A13: 总工时 | B13: =IF(COUNT(B$8:B$12)=0,"",SUM(B$8:B$12)) | C13: =IF(COUNT(C$8:C$12)=0,"",SUM(C$8:C$12)) | D13: =IF(COUNT(D$8:D$12)=0,"",SUM(D$8:D$12)) | E13: =IF(COUNT(E$8:E$12)=0,"",SUM(E$8:E$12)) | F13: =IF(COUNT(F$8:F$12)=0,"",SUM(F$8:F$12)) | G13: =IF(COUNT(G$8:G$12)=0,"",SUM(G$8:G$12)) | H13: =IF(COUNT(H$8:H$12)=0,"",SUM(H$8:H$12)) | I13: =IF(COUNT(I$8:I$12)=0,"",SUM(I$8:I$12)) | ... EK13: =IF(COUNT(EK$8:EK$12)=0,"",SUM(EK$8:EK$12))
A14: 目标节拍 | B14: =IF(B$13="","",参数设置!$B$7) | C14: =IF(C$13="","",参数设置!$B$7) | D14: =IF(D$13="","",参数设置!$B$7) | E14: =IF(E$13="","",参数设置!$B$7) | F14: =IF(F$13="","",参数设置!$B$7) | G14: =IF(G$13="","",参数设置!$B$7) | H14: =IF(H$13="","",参数设置!$B$7) | I14: =IF(I$13="","",参数设置!$B$7) | ... EK14: =IF(EK$13="","",参数设置!$B$7)
A15: 实际节拍 | B15: =B$13 | C15: =C$13 | D15: =D$13 | E15: =E$13 | F15: =F$13 | G15: =G$13 | H15: =H$13 | I15: =I$13 | ... EK15: =EK$13

Sheet 山积分析
A1: 动作要素堆叠山积图
I2: 工序 | J2: ST1 | K2: ST2 | L2: ST3 | M2: ST4 | N2: ST5 | O2: 工序总ST | P2: TT基准 | Q2: 状态
A3: 线平衡率 | B3: =IFERROR(SUM(O3:O142)/(MAX(O3:O142)*COUNT(O3:O142)),"") | D3: 最大工序ST | E3: =IFERROR(MAX(O3:O142),"") -> 0 | G3: 超过TT工序数 | H3: =IFERROR(COUNTIF(Q3:Q142,"超节拍"),"") -> 0 | I3: =IF(动作要素测量!B3<>"",动作要素测量!A3&"-"&动作要素测量!B3,动作要素测量!A3) -> 1 | J3: =IF(动作要素测量!J3="","",动作要素测量!J3) | K3: =IF(动作要素测量!J4="","",动作要素测量!J4) | L3: =IF(动作要素测量!J5="","",动作要素测量!J5) | M3: =IF(动作要素测量!J6="","",动作要素测量!J6) | N3: =IF(动作要素测量!J7="","",动作要素测量!J7) | O3: =IF(COUNT(J3:N3)=0,"",SUM(J3:N3)) | P3: =IF(O3="","",参数设置!B7) | Q3: =IF(O3="","",IF(P3="","",IF(O3>P3,"超节拍",IF(O3>=P3*0.9,"接近上限","正常"))))
A4: 平均工序ST | B4: =IFERROR(AVERAGE(O3:O142),"") | D4: 说明 | E4: 柱形=ST1到ST5平均ST堆叠；折线=TT基准。 | I4: =IF(动作要素测量!B8<>"",动作要素测量!A8&"-"&动作要素测量!B8,动作要素测量!A8) -> 2 | J4: =IF(动作要素测量!J8="","",动作要素测量!J8) | K4: =IF(动作要素测量!J9="","",动作要素测量!J9) | L4: =IF(动作要素测量!J10="","",动作要素测量!J10) | M4: =IF(动作要素测量!J11="","",动作要素测量!J11) | N4: =IF(动作要素测量!J12="","",动作要素测量!J12) | O4: =IF(COUNT(J4:N4)=0,"",SUM(J4:N4)) | P4: =IF(O4="","",参数设置!B7) | Q4: =IF(O4="","",IF(P4="","",IF(O4>P4,"超节拍",IF(O4>=P4*0.9,"接近上限","正常"))))
I5: =IF(动作要素测量!B13<>"",动作要素测量!A13&"-"&动作要素测量!B13,动作要素测量!A13) -> 3 | J5: =IF(动作要素测量!J13="","",动作要素测量!J13) | K5: =IF(动作要素测量!J14="","",动作要素测量!J14) | L5: =IF(动作要素测量!J15="","",动作要素测量!J15) | M5: =IF(动作要素测量!J16="","",动作要素测量!J16) | N5: =IF(动作要素测量!J17="","",动作要素测量!J17) | O5: =IF(COUNT(J5:N5)=0,"",SUM(J5:N5)) | P5: =IF(O5="","",参数设置!B7) | Q5: =IF(O5="","",IF(P5="","",IF(O5>P5,"超节拍",IF(O5>=P5*0.9,"接近上限","正常"))))
I6: =IF(动作要素测量!B18<>"",动作要素测量!A18&"-"&动作要素测量!B18,动作要素测量!A18) -> 4 | J6: =IF(动作要素测量!J18="","",动作要素测量!J18) | K6: =IF(动作要素测量!J19="","",动作要素测量!J19) | L6: =IF(动作要素测量!J20="","",动作要素测量!J20) | M6: =IF(动作要素测量!J21="","",动作要素测量!J21) | N6: =IF(动作要素测量!J22="","",动作要素测量!J22) | O6: =IF(COUNT(J6:N6)=0,"",SUM(J6:N6)) | P6: =IF(O6="","",参数设置!B7) | Q6: =IF(O6="","",IF(P6="","",IF(O6>P6,"超节拍",IF(O6>=P6*0.9,"接近上限","正常"))))
I7: =IF(动作要素测量!B23<>"",动作要素测量!A23&"-"&动作要素测量!B23,动作要素测量!A23) -> 5 | J7: =IF(动作要素测量!J23="","",动作要素测量!J23) | K7: =IF(动作要素测量!J24="","",动作要素测量!J24) | L7: =IF(动作要素测量!J25="","",动作要素测量!J25) | M7: =IF(动作要素测量!J26="","",动作要素测量!J26) | N7: =IF(动作要素测量!J27="","",动作要素测量!J27) | O7: =IF(COUNT(J7:N7)=0,"",SUM(J7:N7)) | P7: =IF(O7="","",参数设置!B7) | Q7: =IF(O7="","",IF(P7="","",IF(O7>P7,"超节拍",IF(O7>=P7*0.9,"接近上限","正常"))))
I8: =IF(动作要素测量!B28<>"",动作要素测量!A28&"-"&动作要素测量!B28,动作要素测量!A28) -> 6 | J8: =IF(动作要素测量!J28="","",动作要素测量!J28) | K8: =IF(动作要素测量!J29="","",动作要素测量!J29) | L8: =IF(动作要素测量!J30="","",动作要素测量!J30) | M8: =IF(动作要素测量!J31="","",动作要素测量!J31) | N8: =IF(动作要素测量!J32="","",动作要素测量!J32) | O8: =IF(COUNT(J8:N8)=0,"",SUM(J8:N8)) | P8: =IF(O8="","",参数设置!B7) | Q8: =IF(O8="","",IF(P8="","",IF(O8>P8,"超节拍",IF(O8>=P8*0.9,"接近上限","正常"))))
I9: =IF(动作要素测量!B33<>"",动作要素测量!A33&"-"&动作要素测量!B33,动作要素测量!A33) -> 7 | J9: =IF(动作要素测量!J33="","",动作要素测量!J33) | K9: =IF(动作要素测量!J34="","",动作要素测量!J34) | L9: =IF(动作要素测量!J35="","",动作要素测量!J35) | M9: =IF(动作要素测量!J36="","",动作要素测量!J36) | N9: =IF(动作要素测量!J37="","",动作要素测量!J37) | O9: =IF(COUNT(J9:N9)=0,"",SUM(J9:N9)) | P9: =IF(O9="","",参数设置!B7) | Q9: =IF(O9="","",IF(P9="","",IF(O9>P9,"超节拍",IF(O9>=P9*0.9,"接近上限","正常"))))
I10: =IF(动作要素测量!B38<>"",动作要素测量!A38&"-"&动作要素测量!B38,动作要素测量!A38) -> 8 | J10: =IF(动作要素测量!J38="","",动作要素测量!J38) | K10: =IF(动作要素测量!J39="","",动作要素测量!J39) | L10: =IF(动作要素测量!J40="","",动作要素测量!J40) | M10: =IF(动作要素测量!J41="","",动作要素测量!J41) | N10: =IF(动作要素测量!J42="","",动作要素测量!J42) | O10: =IF(COUNT(J10:N10)=0,"",SUM(J10:N10)) | P10: =IF(O10="","",参数设置!B7) | Q10: =IF(O10="","",IF(P10="","",IF(O10>P10,"超节拍",IF(O10>=P10*0.9,"接近上限","正常"))))
I11: =IF(动作要素测量!B43<>"",动作要素测量!A43&"-"&动作要素测量!B43,动作要素测量!A43) -> 9 | J11: =IF(动作要素测量!J43="","",动作要素测量!J43) | K11: =IF(动作要素测量!J44="","",动作要素测量!J44) | L11: =IF(动作要素测量!J45="","",动作要素测量!J45) | M11: =IF(动作要素测量!J46="","",动作要素测量!J46) | N11: =IF(动作要素测量!J47="","",动作要素测量!J47) | O11: =IF(COUNT(J11:N11)=0,"",SUM(J11:N11)) | P11: =IF(O11="","",参数设置!B7) | Q11: =IF(O11="","",IF(P11="","",IF(O11>P11,"超节拍",IF(O11>=P11*0.9,"接近上限","正常"))))
I12: =IF(动作要素测量!B48<>"",动作要素测量!A48&"-"&动作要素测量!B48,动作要素测量!A48) -> 10 | J12: =IF(动作要素测量!J48="","",动作要素测量!J48) | K12: =IF(动作要素测量!J49="","",动作要素测量!J49) | L12: =IF(动作要素测量!J50="","",动作要素测量!J50) | M12: =IF(动作要素测量!J51="","",动作要素测量!J51) | N12: =IF(动作要素测量!J52="","",动作要素测量!J52) | O12: =IF(COUNT(J12:N12)=0,"",SUM(J12:N12)) | P12: =IF(O12="","",参数设置!B7) | Q12: =IF(O12="","",IF(P12="","",IF(O12>P12,"超节拍",IF(O12>=P12*0.9,"接近上限","正常"))))
I13: =IF(动作要素测量!B53<>"",动作要素测量!A53&"-"&动作要素测量!B53,动作要素测量!A53) -> 11 | J13: =IF(动作要素测量!J53="","",动作要素测量!J53) | K13: =IF(动作要素测量!J54="","",动作要素测量!J54) | L13: =IF(动作要素测量!J55="","",动作要素测量!J55) | M13: =IF(动作要素测量!J56="","",动作要素测量!J56) | N13: =IF(动作要素测量!J57="","",动作要素测量!J57) | O13: =IF(COUNT(J13:N13)=0,"",SUM(J13:N13)) | P13: =IF(O13="","",参数设置!B7) | Q13: =IF(O13="","",IF(P13="","",IF(O13>P13,"超节拍",IF(O13>=P13*0.9,"接近上限","正常"))))
I14: =IF(动作要素测量!B58<>"",动作要素测量!A58&"-"&动作要素测量!B58,动作要素测量!A58) -> 12 | J14: =IF(动作要素测量!J58="","",动作要素测量!J58) | K14: =IF(动作要素测量!J59="","",动作要素测量!J59) | L14: =IF(动作要素测量!J60="","",动作要素测量!J60) | M14: =IF(动作要素测量!J61="","",动作要素测量!J61) | N14: =IF(动作要素测量!J62="","",动作要素测量!J62) | O14: =IF(COUNT(J14:N14)=0,"",SUM(J14:N14)) | P14: =IF(O14="","",参数设置!B7) | Q14: =IF(O14="","",IF(P14="","",IF(O14>P14,"超节拍",IF(O14>=P14*0.9,"接近上限","正常"))))
I15: =IF(动作要素测量!B63<>"",动作要素测量!A63&"-"&动作要素测量!B63,动作要素测量!A63) -> 13 | J15: =IF(动作要素测量!J63="","",动作要素测量!J63) | K15: =IF(动作要素测量!J64="","",动作要素测量!J64) | L15: =IF(动作要素测量!J65="","",动作要素测量!J65) | M15: =IF(动作要素测量!J66="","",动作要素测量!J66) | N15: =IF(动作要素测量!J67="","",动作要素测量!J67) | O15: =IF(COUNT(J15:N15)=0,"",SUM(J15:N15)) | P15: =IF(O15="","",参数设置!B7) | Q15: =IF(O15="","",IF(P15="","",IF(O15>P15,"超节拍",IF(O15>=P15*0.9,"接近上限","正常"))))
I16: =IF(动作要素测量!B68<>"",动作要素测量!A68&"-"&动作要素测量!B68,动作要素测量!A68) -> 14 | J16: =IF(动作要素测量!J68="","",动作要素测量!J68) | K16: =IF(动作要素测量!J69="","",动作要素测量!J69) | L16: =IF(动作要素测量!J70="","",动作要素测量!J70) | M16: =IF(动作要素测量!J71="","",动作要素测量!J71) | N16: =IF(动作要素测量!J72="","",动作要素测量!J72) | O16: =IF(COUNT(J16:N16)=0,"",SUM(J16:N16)) | P16: =IF(O16="","",参数设置!B7) | Q16: =IF(O16="","",IF(P16="","",IF(O16>P16,"超节拍",IF(O16>=P16*0.9,"接近上限","正常"))))
I17: =IF(动作要素测量!B73<>"",动作要素测量!A73&"-"&动作要素测量!B73,动作要素测量!A73) -> 15 | J17: =IF(动作要素测量!J73="","",动作要素测量!J73) | K17: =IF(动作要素测量!J74="","",动作要素测量!J74) | L17: =IF(动作要素测量!J75="","",动作要素测量!J75) | M17: =IF(动作要素测量!J76="","",动作要素测量!J76) | N17: =IF(动作要素测量!J77="","",动作要素测量!J77) | O17: =IF(COUNT(J17:N17)=0,"",SUM(J17:N17)) | P17: =IF(O17="","",参数设置!B7) | Q17: =IF(O17="","",IF(P17="","",IF(O17>P17,"超节拍",IF(O17>=P17*0.9,"接近上限","正常"))))
I18: =IF(动作要素测量!B78<>"",动作要素测量!A78&"-"&动作要素测量!B78,动作要素测量!A78) -> 16 | J18: =IF(动作要素测量!J78="","",动作要素测量!J78) | K18: =IF(动作要素测量!J79="","",动作要素测量!J79) | L18: =IF(动作要素测量!J80="","",动作要素测量!J80) | M18: =IF(动作要素测量!J81="","",动作要素测量!J81) | N18: =IF(动作要素测量!J82="","",动作要素测量!J82) | O18: =IF(COUNT(J18:N18)=0,"",SUM(J18:N18)) | P18: =IF(O18="","",参数设置!B7) | Q18: =IF(O18="","",IF(P18="","",IF(O18>P18,"超节拍",IF(O18>=P18*0.9,"接近上限","正常"))))
I19: =IF(动作要素测量!B83<>"",动作要素测量!A83&"-"&动作要素测量!B83,动作要素测量!A83) -> 17 | J19: =IF(动作要素测量!J83="","",动作要素测量!J83) | K19: =IF(动作要素测量!J84="","",动作要素测量!J84) | L19: =IF(动作要素测量!J85="","",动作要素测量!J85) | M19: =IF(动作要素测量!J86="","",动作要素测量!J86) | N19: =IF(动作要素测量!J87="","",动作要素测量!J87) | O19: =IF(COUNT(J19:N19)=0,"",SUM(J19:N19)) | P19: =IF(O19="","",参数设置!B7) | Q19: =IF(O19="","",IF(P19="","",IF(O19>P19,"超节拍",IF(O19>=P19*0.9,"接近上限","正常"))))
I20: =IF(动作要素测量!B88<>"",动作要素测量!A88&"-"&动作要素测量!B88,动作要素测量!A88) -> 18 | J20: =IF(动作要素测量!J88="","",动作要素测量!J88) | K20: =IF(动作要素测量!J89="","",动作要素测量!J89) | L20: =IF(动作要素测量!J90="","",动作要素测量!J90) | M20: =IF(动作要素测量!J91="","",动作要素测量!J91) | N20: =IF(动作要素测量!J92="","",动作要素测量!J92) | O20: =IF(COUNT(J20:N20)=0,"",SUM(J20:N20)) | P20: =IF(O20="","",参数设置!B7) | Q20: =IF(O20="","",IF(P20="","",IF(O20>P20,"超节拍",IF(O20>=P20*0.9,"接近上限","正常"))))
I21: =IF(动作要素测量!B93<>"",动作要素测量!A93&"-"&动作要素测量!B93,动作要素测量!A93) -> 19 | J21: =IF(动作要素测量!J93="","",动作要素测量!J93) | K21: =IF(动作要素测量!J94="","",动作要素测量!J94) | L21: =IF(动作要素测量!J95="","",动作要素测量!J95) | M21: =IF(动作要素测量!J96="","",动作要素测量!J96) | N21: =IF(动作要素测量!J97="","",动作要素测量!J97) | O21: =IF(COUNT(J21:N21)=0,"",SUM(J21:N21)) | P21: =IF(O21="","",参数设置!B7) | Q21: =IF(O21="","",IF(P21="","",IF(O21>P21,"超节拍",IF(O21>=P21*0.9,"接近上限","正常"))))
I22: =IF(动作要素测量!B98<>"",动作要素测量!A98&"-"&动作要素测量!B98,动作要素测量!A98) -> 20 | J22: =IF(动作要素测量!J98="","",动作要素测量!J98) | K22: =IF(动作要素测量!J99="","",动作要素测量!J99) | L22: =IF(动作要素测量!J100="","",动作要素测量!J100) | M22: =IF(动作要素测量!J101="","",动作要素测量!J101) | N22: =IF(动作要素测量!J102="","",动作要素测量!J102) | O22: =IF(COUNT(J22:N22)=0,"",SUM(J22:N22)) | P22: =IF(O22="","",参数设置!B7) | Q22: =IF(O22="","",IF(P22="","",IF(O22>P22,"超节拍",IF(O22>=P22*0.9,"接近上限","正常"))))
I23: =IF(动作要素测量!B103<>"",动作要素测量!A103&"-"&动作要素测量!B103,动作要素测量!A103) -> 21 | J23: =IF(动作要素测量!J103="","",动作要素测量!J103) | K23: =IF(动作要素测量!J104="","",动作要素测量!J104) | L23: =IF(动作要素测量!J105="","",动作要素测量!J105) | M23: =IF(动作要素测量!J106="","",动作要素测量!J106) | N23: =IF(动作要素测量!J107="","",动作要素测量!J107) | O23: =IF(COUNT(J23:N23)=0,"",SUM(J23:N23)) | P23: =IF(O23="","",参数设置!B7) | Q23: =IF(O23="","",IF(P23="","",IF(O23>P23,"超节拍",IF(O23>=P23*0.9,"接近上限","正常"))))
I24: =IF(动作要素测量!B108<>"",动作要素测量!A108&"-"&动作要素测量!B108,动作要素测量!A108) -> 22 | J24: =IF(动作要素测量!J108="","",动作要素测量!J108) | K24: =IF(动作要素测量!J109="","",动作要素测量!J109) | L24: =IF(动作要素测量!J110="","",动作要素测量!J110) | M24: =IF(动作要素测量!J111="","",动作要素测量!J111) | N24: =IF(动作要素测量!J112="","",动作要素测量!J112) | O24: =IF(COUNT(J24:N24)=0,"",SUM(J24:N24)) | P24: =IF(O24="","",参数设置!B7) | Q24: =IF(O24="","",IF(P24="","",IF(O24>P24,"超节拍",IF(O24>=P24*0.9,"接近上限","正常"))))
I25: =IF(动作要素测量!B113<>"",动作要素测量!A113&"-"&动作要素测量!B113,动作要素测量!A113) -> 23 | J25: =IF(动作要素测量!J113="","",动作要素测量!J113) | K25: =IF(动作要素测量!J114="","",动作要素测量!J114) | L25: =IF(动作要素测量!J115="","",动作要素测量!J115) | M25: =IF(动作要素测量!J116="","",动作要素测量!J116) | N25: =IF(动作要素测量!J117="","",动作要素测量!J117) | O25: =IF(COUNT(J25:N25)=0,"",SUM(J25:N25)) | P25: =IF(O25="","",参数设置!B7) | Q25: =IF(O25="","",IF(P25="","",IF(O25>P25,"超节拍",IF(O25>=P25*0.9,"接近上限","正常"))))
I26: =IF(动作要素测量!B118<>"",动作要素测量!A118&"-"&动作要素测量!B118,动作要素测量!A118) -> 24 | J26: =IF(动作要素测量!J118="","",动作要素测量!J118) | K26: =IF(动作要素测量!J119="","",动作要素测量!J119) | L26: =IF(动作要素测量!J120="","",动作要素测量!J120) | M26: =IF(动作要素测量!J121="","",动作要素测量!J121) | N26: =IF(动作要素测量!J122="","",动作要素测量!J122) | O26: =IF(COUNT(J26:N26)=0,"",SUM(J26:N26)) | P26: =IF(O26="","",参数设置!B7) | Q26: =IF(O26="","",IF(P26="","",IF(O26>P26,"超节拍",IF(O26>=P26*0.9,"接近上限","正常"))))
I27: =IF(动作要素测量!B123<>"",动作要素测量!A123&"-"&动作要素测量!B123,动作要素测量!A123) -> 25 | J27: =IF(动作要素测量!J123="","",动作要素测量!J123) | K27: =IF(动作要素测量!J124="","",动作要素测量!J124) | L27: =IF(动作要素测量!J125="","",动作要素测量!J125) | M27: =IF(动作要素测量!J126="","",动作要素测量!J126) | N27: =IF(动作要素测量!J127="","",动作要素测量!J127) | O27: =IF(COUNT(J27:N27)=0,"",SUM(J27:N27)) | P27: =IF(O27="","",参数设置!B7) | Q27: =IF(O27="","",IF(P27="","",IF(O27>P27,"超节拍",IF(O27>=P27*0.9,"接近上限","正常"))))
I28: =IF(动作要素测量!B128<>"",动作要素测量!A128&"-"&动作要素测量!B128,动作要素测量!A128) -> 26 | J28: =IF(动作要素测量!J128="","",动作要素测量!J128) | K28: =IF(动作要素测量!J129="","",动作要素测量!J129) | L28: =IF(动作要素测量!J130="","",动作要素测量!J130) | M28: =IF(动作要素测量!J131="","",动作要素测量!J131) | N28: =IF(动作要素测量!J132="","",动作要素测量!J132) | O28: =IF(COUNT(J28:N28)=0,"",SUM(J28:N28)) | P28: =IF(O28="","",参数设置!B7) | Q28: =IF(O28="","",IF(P28="","",IF(O28>P28,"超节拍",IF(O28>=P28*0.9,"接近上限","正常"))))
I29: =IF(动作要素测量!B133<>"",动作要素测量!A133&"-"&动作要素测量!B133,动作要素测量!A133) -> 27 | J29: =IF(动作要素测量!J133="","",动作要素测量!J133) | K29: =IF(动作要素测量!J134="","",动作要素测量!J134) | L29: =IF(动作要素测量!J135="","",动作要素测量!J135) | M29: =IF(动作要素测量!J136="","",动作要素测量!J136) | N29: =IF(动作要素测量!J137="","",动作要素测量!J137) | O29: =IF(COUNT(J29:N29)=0,"",SUM(J29:N29)) | P29: =IF(O29="","",参数设置!B7) | Q29: =IF(O29="","",IF(P29="","",IF(O29>P29,"超节拍",IF(O29>=P29*0.9,"接近上限","正常"))))
I30: =IF(动作要素测量!B138<>"",动作要素测量!A138&"-"&动作要素测量!B138,动作要素测量!A138) -> 28 | J30: =IF(动作要素测量!J138="","",动作要素测量!J138) | K30: =IF(动作要素测量!J139="","",动作要素测量!J139) | L30: =IF(动作要素测量!J140="","",动作要素测量!J140) | M30: =IF(动作要素测量!J141="","",动作要素测量!J141) | N30: =IF(动作要素测量!J142="","",动作要素测量!J142) | O30: =IF(COUNT(J30:N30)=0,"",SUM(J30:N30)) | P30: =IF(O30="","",参数设置!B7) | Q30: =IF(O30="","",IF(P30="","",IF(O30>P30,"超节拍",IF(O30>=P30*0.9,"接近上限","正常"))))
I31: =IF(动作要素测量!B143<>"",动作要素测量!A143&"-"&动作要素测量!B143,动作要素测量!A143) -> 29 | J31: =IF(动作要素测量!J143="","",动作要素测量!J143) | K31: =IF(动作要素测量!J144="","",动作要素测量!J144) | L31: =IF(动作要素测量!J145="","",动作要素测量!J145) | M31: =IF(动作要素测量!J146="","",动作要素测量!J146) | N31: =IF(动作要素测量!J147="","",动作要素测量!J147) | O31: =IF(COUNT(J31:N31)=0,"",SUM(J31:N31)) | P31: =IF(O31="","",参数设置!B7) | Q31: =IF(O31="","",IF(P31="","",IF(O31>P31,"超节拍",IF(O31>=P31*0.9,"接近上限","正常"))))
I32: =IF(动作要素测量!B148<>"",动作要素测量!A148&"-"&动作要素测量!B148,动作要素测量!A148) -> 30 | J32: =IF(动作要素测量!J148="","",动作要素测量!J148) | K32: =IF(动作要素测量!J149="","",动作要素测量!J149) | L32: =IF(动作要素测量!J150="","",动作要素测量!J150) | M32: =IF(动作要素测量!J151="","",动作要素测量!J151) | N32: =IF(动作要素测量!J152="","",动作要素测量!J152) | O32: =IF(COUNT(J32:N32)=0,"",SUM(J32:N32)) | P32: =IF(O32="","",参数设置!B7) | Q32: =IF(O32="","",IF(P32="","",IF(O32>P32,"超节拍",IF(O32>=P32*0.9,"接近上限","正常"))))
I33: =IF(动作要素测量!B153<>"",动作要素测量!A153&"-"&动作要素测量!B153,动作要素测量!A153) -> 31 | J33: =IF(动作要素测量!J153="","",动作要素测量!J153) | K33: =IF(动作要素测量!J154="","",动作要素测量!J154) | L33: =IF(动作要素测量!J155="","",动作要素测量!J155) | M33: =IF(动作要素测量!J156="","",动作要素测量!J156) | N33: =IF(动作要素测量!J157="","",动作要素测量!J157) | O33: =IF(COUNT(J33:N33)=0,"",SUM(J33:N33)) | P33: =IF(O33="","",参数设置!B7) | Q33: =IF(O33="","",IF(P33="","",IF(O33>P33,"超节拍",IF(O33>=P33*0.9,"接近上限","正常"))))
I34: =IF(动作要素测量!B158<>"",动作要素测量!A158&"-"&动作要素测量!B158,动作要素测量!A158) -> 32 | J34: =IF(动作要素测量!J158="","",动作要素测量!J158) | K34: =IF(动作要素测量!J159="","",动作要素测量!J159) | L34: =IF(动作要素测量!J160="","",动作要素测量!J160) | M34: =IF(动作要素测量!J161="","",动作要素测量!J161) | N34: =IF(动作要素测量!J162="","",动作要素测量!J162) | O34: =IF(COUNT(J34:N34)=0,"",SUM(J34:N34)) | P34: =IF(O34="","",参数设置!B7) | Q34: =IF(O34="","",IF(P34="","",IF(O34>P34,"超节拍",IF(O34>=P34*0.9,"接近上限","正常"))))
I35: =IF(动作要素测量!B163<>"",动作要素测量!A163&"-"&动作要素测量!B163,动作要素测量!A163) -> 33 | J35: =IF(动作要素测量!J163="","",动作要素测量!J163) | K35: =IF(动作要素测量!J164="","",动作要素测量!J164) | L35: =IF(动作要素测量!J165="","",动作要素测量!J165) | M35: =IF(动作要素测量!J166="","",动作要素测量!J166) | N35: =IF(动作要素测量!J167="","",动作要素测量!J167) | O35: =IF(COUNT(J35:N35)=0,"",SUM(J35:N35)) | P35: =IF(O35="","",参数设置!B7) | Q35: =IF(O35="","",IF(P35="","",IF(O35>P35,"超节拍",IF(O35>=P35*0.9,"接近上限","正常"))))
I36: =IF(动作要素测量!B168<>"",动作要素测量!A168&"-"&动作要素测量!B168,动作要素测量!A168) -> 34 | J36: =IF(动作要素测量!J168="","",动作要素测量!J168) | K36: =IF(动作要素测量!J169="","",动作要素测量!J169) | L36: =IF(动作要素测量!J170="","",动作要素测量!J170) | M36: =IF(动作要素测量!J171="","",动作要素测量!J171) | N36: =IF(动作要素测量!J172="","",动作要素测量!J172) | O36: =IF(COUNT(J36:N36)=0,"",SUM(J36:N36)) | P36: =IF(O36="","",参数设置!B7) | Q36: =IF(O36="","",IF(P36="","",IF(O36>P36,"超节拍",IF(O36>=P36*0.9,"接近上限","正常"))))
I37: =IF(动作要素测量!B173<>"",动作要素测量!A173&"-"&动作要素测量!B173,动作要素测量!A173) -> 35 | J37: =IF(动作要素测量!J173="","",动作要素测量!J173) | K37: =IF(动作要素测量!J174="","",动作要素测量!J174) | L37: =IF(动作要素测量!J175="","",动作要素测量!J175) | M37: =IF(动作要素测量!J176="","",动作要素测量!J176) | N37: =IF(动作要素测量!J177="","",动作要素测量!J177) | O37: =IF(COUNT(J37:N37)=0,"",SUM(J37:N37)) | P37: =IF(O37="","",参数设置!B7) | Q37: =IF(O37="","",IF(P37="","",IF(O37>P37,"超节拍",IF(O37>=P37*0.9,"接近上限","正常"))))
I38: =IF(动作要素测量!B178<>"",动作要素测量!A178&"-"&动作要素测量!B178,动作要素测量!A178) -> 36 | J38: =IF(动作要素测量!J178="","",动作要素测量!J178) | K38: =IF(动作要素测量!J179="","",动作要素测量!J179) | L38: =IF(动作要素测量!J180="","",动作要素测量!J180) | M38: =IF(动作要素测量!J181="","",动作要素测量!J181) | N38: =IF(动作要素测量!J182="","",动作要素测量!J182) | O38: =IF(COUNT(J38:N38)=0,"",SUM(J38:N38)) | P38: =IF(O38="","",参数设置!B7) | Q38: =IF(O38="","",IF(P38="","",IF(O38>P38,"超节拍",IF(O38>=P38*0.9,"接近上限","正常"))))
I39: =IF(动作要素测量!B183<>"",动作要素测量!A183&"-"&动作要素测量!B183,动作要素测量!A183) -> 37 | J39: =IF(动作要素测量!J183="","",动作要素测量!J183) | K39: =IF(动作要素测量!J184="","",动作要素测量!J184) | L39: =IF(动作要素测量!J185="","",动作要素测量!J185) | M39: =IF(动作要素测量!J186="","",动作要素测量!J186) | N39: =IF(动作要素测量!J187="","",动作要素测量!J187) | O39: =IF(COUNT(J39:N39)=0,"",SUM(J39:N39)) | P39: =IF(O39="","",参数设置!B7) | Q39: =IF(O39="","",IF(P39="","",IF(O39>P39,"超节拍",IF(O39>=P39*0.9,"接近上限","正常"))))
I40: =IF(动作要素测量!B188<>"",动作要素测量!A188&"-"&动作要素测量!B188,动作要素测量!A188) -> 38 | J40: =IF(动作要素测量!J188="","",动作要素测量!J188) | K40: =IF(动作要素测量!J189="","",动作要素测量!J189) | L40: =IF(动作要素测量!J190="","",动作要素测量!J190) | M40: =IF(动作要素测量!J191="","",动作要素测量!J191) | N40: =IF(动作要素测量!J192="","",动作要素测量!J192) | O40: =IF(COUNT(J40:N40)=0,"",SUM(J40:N40)) | P40: =IF(O40="","",参数设置!B7) | Q40: =IF(O40="","",IF(P40="","",IF(O40>P40,"超节拍",IF(O40>=P40*0.9,"接近上限","正常"))))
I41: =IF(动作要素测量!B193<>"",动作要素测量!A193&"-"&动作要素测量!B193,动作要素测量!A193) -> 39 | J41: =IF(动作要素测量!J193="","",动作要素测量!J193) | K41: =IF(动作要素测量!J194="","",动作要素测量!J194) | L41: =IF(动作要素测量!J195="","",动作要素测量!J195) | M41: =IF(动作要素测量!J196="","",动作要素测量!J196) | N41: =IF(动作要素测量!J197="","",动作要素测量!J197) | O41: =IF(COUNT(J41:N41)=0,"",SUM(J41:N41)) | P41: =IF(O41="","",参数设置!B7) | Q41: =IF(O41="","",IF(P41="","",IF(O41>P41,"超节拍",IF(O41>=P41*0.9,"接近上限","正常"))))
I42: =IF(动作要素测量!B198<>"",动作要素测量!A198&"-"&动作要素测量!B198,动作要素测量!A198) -> 40 | J42: =IF(动作要素测量!J198="","",动作要素测量!J198) | K42: =IF(动作要素测量!J199="","",动作要素测量!J199) | L42: =IF(动作要素测量!J200="","",动作要素测量!J200) | M42: =IF(动作要素测量!J201="","",动作要素测量!J201) | N42: =IF(动作要素测量!J202="","",动作要素测量!J202) | O42: =IF(COUNT(J42:N42)=0,"",SUM(J42:N42)) | P42: =IF(O42="","",参数设置!B7) | Q42: =IF(O42="","",IF(P42="","",IF(O42>P42,"超节拍",IF(O42>=P42*0.9,"接近上限","正常"))))
I43: =IF(动作要素测量!B203<>"",动作要素测量!A203&"-"&动作要素测量!B203,动作要素测量!A203) -> 41 | J43: =IF(动作要素测量!J203="","",动作要素测量!J203) | K43: =IF(动作要素测量!J204="","",动作要素测量!J204) | L43: =IF(动作要素测量!J205="","",动作要素测量!J205) | M43: =IF(动作要素测量!J206="","",动作要素测量!J206) | N43: =IF(动作要素测量!J207="","",动作要素测量!J207) | O43: =IF(COUNT(J43:N43)=0,"",SUM(J43:N43)) | P43: =IF(O43="","",参数设置!B7) | Q43: =IF(O43="","",IF(P43="","",IF(O43>P43,"超节拍",IF(O43>=P43*0.9,"接近上限","正常"))))
I44: =IF(动作要素测量!B208<>"",动作要素测量!A208&"-"&动作要素测量!B208,动作要素测量!A208) -> 42 | J44: =IF(动作要素测量!J208="","",动作要素测量!J208) | K44: =IF(动作要素测量!J209="","",动作要素测量!J209) | L44: =IF(动作要素测量!J210="","",动作要素测量!J210) | M44: =IF(动作要素测量!J211="","",动作要素测量!J211) | N44: =IF(动作要素测量!J212="","",动作要素测量!J212) | O44: =IF(COUNT(J44:N44)=0,"",SUM(J44:N44)) | P44: =IF(O44="","",参数设置!B7) | Q44: =IF(O44="","",IF(P44="","",IF(O44>P44,"超节拍",IF(O44>=P44*0.9,"接近上限","正常"))))
I45: =IF(动作要素测量!B213<>"",动作要素测量!A213&"-"&动作要素测量!B213,动作要素测量!A213) -> 43 | J45: =IF(动作要素测量!J213="","",动作要素测量!J213) | K45: =IF(动作要素测量!J214="","",动作要素测量!J214) | L45: =IF(动作要素测量!J215="","",动作要素测量!J215) | M45: =IF(动作要素测量!J216="","",动作要素测量!J216) | N45: =IF(动作要素测量!J217="","",动作要素测量!J217) | O45: =IF(COUNT(J45:N45)=0,"",SUM(J45:N45)) | P45: =IF(O45="","",参数设置!B7) | Q45: =IF(O45="","",IF(P45="","",IF(O45>P45,"超节拍",IF(O45>=P45*0.9,"接近上限","正常"))))
I46: =IF(动作要素测量!B218<>"",动作要素测量!A218&"-"&动作要素测量!B218,动作要素测量!A218) -> 44 | J46: =IF(动作要素测量!J218="","",动作要素测量!J218) | K46: =IF(动作要素测量!J219="","",动作要素测量!J219) | L46: =IF(动作要素测量!J220="","",动作要素测量!J220) | M46: =IF(动作要素测量!J221="","",动作要素测量!J221) | N46: =IF(动作要素测量!J222="","",动作要素测量!J222) | O46: =IF(COUNT(J46:N46)=0,"",SUM(J46:N46)) | P46: =IF(O46="","",参数设置!B7) | Q46: =IF(O46="","",IF(P46="","",IF(O46>P46,"超节拍",IF(O46>=P46*0.9,"接近上限","正常"))))
I47: =IF(动作要素测量!B223<>"",动作要素测量!A223&"-"&动作要素测量!B223,动作要素测量!A223) -> 45 | J47: =IF(动作要素测量!J223="","",动作要素测量!J223) | K47: =IF(动作要素测量!J224="","",动作要素测量!J224) | L47: =IF(动作要素测量!J225="","",动作要素测量!J225) | M47: =IF(动作要素测量!J226="","",动作要素测量!J226) | N47: =IF(动作要素测量!J227="","",动作要素测量!J227) | O47: =IF(COUNT(J47:N47)=0,"",SUM(J47:N47)) | P47: =IF(O47="","",参数设置!B7) | Q47: =IF(O47="","",IF(P47="","",IF(O47>P47,"超节拍",IF(O47>=P47*0.9,"接近上限","正常"))))
I48: =IF(动作要素测量!B228<>"",动作要素测量!A228&"-"&动作要素测量!B228,动作要素测量!A228) -> 46 | J48: =IF(动作要素测量!J228="","",动作要素测量!J228) | K48: =IF(动作要素测量!J229="","",动作要素测量!J229) | L48: =IF(动作要素测量!J230="","",动作要素测量!J230) | M48: =IF(动作要素测量!J231="","",动作要素测量!J231) | N48: =IF(动作要素测量!J232="","",动作要素测量!J232) | O48: =IF(COUNT(J48:N48)=0,"",SUM(J48:N48)) | P48: =IF(O48="","",参数设置!B7) | Q48: =IF(O48="","",IF(P48="","",IF(O48>P48,"超节拍",IF(O48>=P48*0.9,"接近上限","正常"))))
I49: =IF(动作要素测量!B233<>"",动作要素测量!A233&"-"&动作要素测量!B233,动作要素测量!A233) -> 47 | J49: =IF(动作要素测量!J233="","",动作要素测量!J233) | K49: =IF(动作要素测量!J234="","",动作要素测量!J234) | L49: =IF(动作要素测量!J235="","",动作要素测量!J235) | M49: =IF(动作要素测量!J236="","",动作要素测量!J236) | N49: =IF(动作要素测量!J237="","",动作要素测量!J237) | O49: =IF(COUNT(J49:N49)=0,"",SUM(J49:N49)) | P49: =IF(O49="","",参数设置!B7) | Q49: =IF(O49="","",IF(P49="","",IF(O49>P49,"超节拍",IF(O49>=P49*0.9,"接近上限","正常"))))
I50: =IF(动作要素测量!B238<>"",动作要素测量!A238&"-"&动作要素测量!B238,动作要素测量!A238) -> 48 | J50: =IF(动作要素测量!J238="","",动作要素测量!J238) | K50: =IF(动作要素测量!J239="","",动作要素测量!J239) | L50: =IF(动作要素测量!J240="","",动作要素测量!J240) | M50: =IF(动作要素测量!J241="","",动作要素测量!J241) | N50: =IF(动作要素测量!J242="","",动作要素测量!J242) | O50: =IF(COUNT(J50:N50)=0,"",SUM(J50:N50)) | P50: =IF(O50="","",参数设置!B7) | Q50: =IF(O50="","",IF(P50="","",IF(O50>P50,"超节拍",IF(O50>=P50*0.9,"接近上限","正常"))))
I51: =IF(动作要素测量!B243<>"",动作要素测量!A243&"-"&动作要素测量!B243,动作要素测量!A243) -> 49 | J51: =IF(动作要素测量!J243="","",动作要素测量!J243) | K51: =IF(动作要素测量!J244="","",动作要素测量!J244) | L51: =IF(动作要素测量!J245="","",动作要素测量!J245) | M51: =IF(动作要素测量!J246="","",动作要素测量!J246) | N51: =IF(动作要素测量!J247="","",动作要素测量!J247) | O51: =IF(COUNT(J51:N51)=0,"",SUM(J51:N51)) | P51: =IF(O51="","",参数设置!B7) | Q51: =IF(O51="","",IF(P51="","",IF(O51>P51,"超节拍",IF(O51>=P51*0.9,"接近上限","正常"))))
I52: =IF(动作要素测量!B248<>"",动作要素测量!A248&"-"&动作要素测量!B248,动作要素测量!A248) -> 50 | J52: =IF(动作要素测量!J248="","",动作要素测量!J248) | K52: =IF(动作要素测量!J249="","",动作要素测量!J249) | L52: =IF(动作要素测量!J250="","",动作要素测量!J250) | M52: =IF(动作要素测量!J251="","",动作要素测量!J251) | N52: =IF(动作要素测量!J252="","",动作要素测量!J252) | O52: =IF(COUNT(J52:N52)=0,"",SUM(J52:N52)) | P52: =IF(O52="","",参数设置!B7) | Q52: =IF(O52="","",IF(P52="","",IF(O52>P52,"超节拍",IF(O52>=P52*0.9,"接近上限","正常"))))
I53: =IF(动作要素测量!B253<>"",动作要素测量!A253&"-"&动作要素测量!B253,动作要素测量!A253) -> 51 | J53: =IF(动作要素测量!J253="","",动作要素测量!J253) | K53: =IF(动作要素测量!J254="","",动作要素测量!J254) | L53: =IF(动作要素测量!J255="","",动作要素测量!J255) | M53: =IF(动作要素测量!J256="","",动作要素测量!J256) | N53: =IF(动作要素测量!J257="","",动作要素测量!J257) | O53: =IF(COUNT(J53:N53)=0,"",SUM(J53:N53)) | P53: =IF(O53="","",参数设置!B7) | Q53: =IF(O53="","",IF(P53="","",IF(O53>P53,"超节拍",IF(O53>=P53*0.9,"接近上限","正常"))))
I54: =IF(动作要素测量!B258<>"",动作要素测量!A258&"-"&动作要素测量!B258,动作要素测量!A258) -> 52 | J54: =IF(动作要素测量!J258="","",动作要素测量!J258) | K54: =IF(动作要素测量!J259="","",动作要素测量!J259) | L54: =IF(动作要素测量!J260="","",动作要素测量!J260) | M54: =IF(动作要素测量!J261="","",动作要素测量!J261) | N54: =IF(动作要素测量!J262="","",动作要素测量!J262) | O54: =IF(COUNT(J54:N54)=0,"",SUM(J54:N54)) | P54: =IF(O54="","",参数设置!B7) | Q54: =IF(O54="","",IF(P54="","",IF(O54>P54,"超节拍",IF(O54>=P54*0.9,"接近上限","正常"))))
I55: =IF(动作要素测量!B263<>"",动作要素测量!A263&"-"&动作要素测量!B263,动作要素测量!A263) -> 53 | J55: =IF(动作要素测量!J263="","",动作要素测量!J263) | K55: =IF(动作要素测量!J264="","",动作要素测量!J264) | L55: =IF(动作要素测量!J265="","",动作要素测量!J265) | M55: =IF(动作要素测量!J266="","",动作要素测量!J266) | N55: =IF(动作要素测量!J267="","",动作要素测量!J267) | O55: =IF(COUNT(J55:N55)=0,"",SUM(J55:N55)) | P55: =IF(O55="","",参数设置!B7) | Q55: =IF(O55="","",IF(P55="","",IF(O55>P55,"超节拍",IF(O55>=P55*0.9,"接近上限","正常"))))
I56: =IF(动作要素测量!B268<>"",动作要素测量!A268&"-"&动作要素测量!B268,动作要素测量!A268) -> 54 | J56: =IF(动作要素测量!J268="","",动作要素测量!J268) | K56: =IF(动作要素测量!J269="","",动作要素测量!J269) | L56: =IF(动作要素测量!J270="","",动作要素测量!J270) | M56: =IF(动作要素测量!J271="","",动作要素测量!J271) | N56: =IF(动作要素测量!J272="","",动作要素测量!J272) | O56: =IF(COUNT(J56:N56)=0,"",SUM(J56:N56)) | P56: =IF(O56="","",参数设置!B7) | Q56: =IF(O56="","",IF(P56="","",IF(O56>P56,"超节拍",IF(O56>=P56*0.9,"接近上限","正常"))))
I57: =IF(动作要素测量!B273<>"",动作要素测量!A273&"-"&动作要素测量!B273,动作要素测量!A273) -> 55 | J57: =IF(动作要素测量!J273="","",动作要素测量!J273) | K57: =IF(动作要素测量!J274="","",动作要素测量!J274) | L57: =IF(动作要素测量!J275="","",动作要素测量!J275) | M57: =IF(动作要素测量!J276="","",动作要素测量!J276) | N57: =IF(动作要素测量!J277="","",动作要素测量!J277) | O57: =IF(COUNT(J57:N57)=0,"",SUM(J57:N57)) | P57: =IF(O57="","",参数设置!B7) | Q57: =IF(O57="","",IF(P57="","",IF(O57>P57,"超节拍",IF(O57>=P57*0.9,"接近上限","正常"))))
I58: =IF(动作要素测量!B278<>"",动作要素测量!A278&"-"&动作要素测量!B278,动作要素测量!A278) -> 56 | J58: =IF(动作要素测量!J278="","",动作要素测量!J278) | K58: =IF(动作要素测量!J279="","",动作要素测量!J279) | L58: =IF(动作要素测量!J280="","",动作要素测量!J280) | M58: =IF(动作要素测量!J281="","",动作要素测量!J281) | N58: =IF(动作要素测量!J282="","",动作要素测量!J282) | O58: =IF(COUNT(J58:N58)=0,"",SUM(J58:N58)) | P58: =IF(O58="","",参数设置!B7) | Q58: =IF(O58="","",IF(P58="","",IF(O58>P58,"超节拍",IF(O58>=P58*0.9,"接近上限","正常"))))
I59: =IF(动作要素测量!B283<>"",动作要素测量!A283&"-"&动作要素测量!B283,动作要素测量!A283) -> 57 | J59: =IF(动作要素测量!J283="","",动作要素测量!J283) | K59: =IF(动作要素测量!J284="","",动作要素测量!J284) | L59: =IF(动作要素测量!J285="","",动作要素测量!J285) | M59: =IF(动作要素测量!J286="","",动作要素测量!J286) | N59: =IF(动作要素测量!J287="","",动作要素测量!J287) | O59: =IF(COUNT(J59:N59)=0,"",SUM(J59:N59)) | P59: =IF(O59="","",参数设置!B7) | Q59: =IF(O59="","",IF(P59="","",IF(O59>P59,"超节拍",IF(O59>=P59*0.9,"接近上限","正常"))))
I60: =IF(动作要素测量!B288<>"",动作要素测量!A288&"-"&动作要素测量!B288,动作要素测量!A288) -> 58 | J60: =IF(动作要素测量!J288="","",动作要素测量!J288) | K60: =IF(动作要素测量!J289="","",动作要素测量!J289) | L60: =IF(动作要素测量!J290="","",动作要素测量!J290) | M60: =IF(动作要素测量!J291="","",动作要素测量!J291) | N60: =IF(动作要素测量!J292="","",动作要素测量!J292) | O60: =IF(COUNT(J60:N60)=0,"",SUM(J60:N60)) | P60: =IF(O60="","",参数设置!B7) | Q60: =IF(O60="","",IF(P60="","",IF(O60>P60,"超节拍",IF(O60>=P60*0.9,"接近上限","正常"))))
I61: =IF(动作要素测量!B293<>"",动作要素测量!A293&"-"&动作要素测量!B293,动作要素测量!A293) -> 59 | J61: =IF(动作要素测量!J293="","",动作要素测量!J293) | K61: =IF(动作要素测量!J294="","",动作要素测量!J294) | L61: =IF(动作要素测量!J295="","",动作要素测量!J295) | M61: =IF(动作要素测量!J296="","",动作要素测量!J296) | N61: =IF(动作要素测量!J297="","",动作要素测量!J297) | O61: =IF(COUNT(J61:N61)=0,"",SUM(J61:N61)) | P61: =IF(O61="","",参数设置!B7) | Q61: =IF(O61="","",IF(P61="","",IF(O61>P61,"超节拍",IF(O61>=P61*0.9,"接近上限","正常"))))
I62: =IF(动作要素测量!B298<>"",动作要素测量!A298&"-"&动作要素测量!B298,动作要素测量!A298) -> 60 | J62: =IF(动作要素测量!J298="","",动作要素测量!J298) | K62: =IF(动作要素测量!J299="","",动作要素测量!J299) | L62: =IF(动作要素测量!J300="","",动作要素测量!J300) | M62: =IF(动作要素测量!J301="","",动作要素测量!J301) | N62: =IF(动作要素测量!J302="","",动作要素测量!J302) | O62: =IF(COUNT(J62:N62)=0,"",SUM(J62:N62)) | P62: =IF(O62="","",参数设置!B7) | Q62: =IF(O62="","",IF(P62="","",IF(O62>P62,"超节拍",IF(O62>=P62*0.9,"接近上限","正常"))))
I63: =IF(动作要素测量!B303<>"",动作要素测量!A303&"-"&动作要素测量!B303,动作要素测量!A303) -> 61 | J63: =IF(动作要素测量!J303="","",动作要素测量!J303) | K63: =IF(动作要素测量!J304="","",动作要素测量!J304) | L63: =IF(动作要素测量!J305="","",动作要素测量!J305) | M63: =IF(动作要素测量!J306="","",动作要素测量!J306) | N63: =IF(动作要素测量!J307="","",动作要素测量!J307) | O63: =IF(COUNT(J63:N63)=0,"",SUM(J63:N63)) | P63: =IF(O63="","",参数设置!B7) | Q63: =IF(O63="","",IF(P63="","",IF(O63>P63,"超节拍",IF(O63>=P63*0.9,"接近上限","正常"))))
I64: =IF(动作要素测量!B308<>"",动作要素测量!A308&"-"&动作要素测量!B308,动作要素测量!A308) -> 62 | J64: =IF(动作要素测量!J308="","",动作要素测量!J308) | K64: =IF(动作要素测量!J309="","",动作要素测量!J309) | L64: =IF(动作要素测量!J310="","",动作要素测量!J310) | M64: =IF(动作要素测量!J311="","",动作要素测量!J311) | N64: =IF(动作要素测量!J312="","",动作要素测量!J312) | O64: =IF(COUNT(J64:N64)=0,"",SUM(J64:N64)) | P64: =IF(O64="","",参数设置!B7) | Q64: =IF(O64="","",IF(P64="","",IF(O64>P64,"超节拍",IF(O64>=P64*0.9,"接近上限","正常"))))
I65: =IF(动作要素测量!B313<>"",动作要素测量!A313&"-"&动作要素测量!B313,动作要素测量!A313) -> 63 | J65: =IF(动作要素测量!J313="","",动作要素测量!J313) | K65: =IF(动作要素测量!J314="","",动作要素测量!J314) | L65: =IF(动作要素测量!J315="","",动作要素测量!J315) | M65: =IF(动作要素测量!J316="","",动作要素测量!J316) | N65: =IF(动作要素测量!J317="","",动作要素测量!J317) | O65: =IF(COUNT(J65:N65)=0,"",SUM(J65:N65)) | P65: =IF(O65="","",参数设置!B7) | Q65: =IF(O65="","",IF(P65="","",IF(O65>P65,"超节拍",IF(O65>=P65*0.9,"接近上限","正常"))))
I66: =IF(动作要素测量!B318<>"",动作要素测量!A318&"-"&动作要素测量!B318,动作要素测量!A318) -> 64 | J66: =IF(动作要素测量!J318="","",动作要素测量!J318) | K66: =IF(动作要素测量!J319="","",动作要素测量!J319) | L66: =IF(动作要素测量!J320="","",动作要素测量!J320) | M66: =IF(动作要素测量!J321="","",动作要素测量!J321) | N66: =IF(动作要素测量!J322="","",动作要素测量!J322) | O66: =IF(COUNT(J66:N66)=0,"",SUM(J66:N66)) | P66: =IF(O66="","",参数设置!B7) | Q66: =IF(O66="","",IF(P66="","",IF(O66>P66,"超节拍",IF(O66>=P66*0.9,"接近上限","正常"))))
I67: =IF(动作要素测量!B323<>"",动作要素测量!A323&"-"&动作要素测量!B323,动作要素测量!A323) -> 65 | J67: =IF(动作要素测量!J323="","",动作要素测量!J323) | K67: =IF(动作要素测量!J324="","",动作要素测量!J324) | L67: =IF(动作要素测量!J325="","",动作要素测量!J325) | M67: =IF(动作要素测量!J326="","",动作要素测量!J326) | N67: =IF(动作要素测量!J327="","",动作要素测量!J327) | O67: =IF(COUNT(J67:N67)=0,"",SUM(J67:N67)) | P67: =IF(O67="","",参数设置!B7) | Q67: =IF(O67="","",IF(P67="","",IF(O67>P67,"超节拍",IF(O67>=P67*0.9,"接近上限","正常"))))
I68: =IF(动作要素测量!B328<>"",动作要素测量!A328&"-"&动作要素测量!B328,动作要素测量!A328) -> 66 | J68: =IF(动作要素测量!J328="","",动作要素测量!J328) | K68: =IF(动作要素测量!J329="","",动作要素测量!J329) | L68: =IF(动作要素测量!J330="","",动作要素测量!J330) | M68: =IF(动作要素测量!J331="","",动作要素测量!J331) | N68: =IF(动作要素测量!J332="","",动作要素测量!J332) | O68: =IF(COUNT(J68:N68)=0,"",SUM(J68:N68)) | P68: =IF(O68="","",参数设置!B7) | Q68: =IF(O68="","",IF(P68="","",IF(O68>P68,"超节拍",IF(O68>=P68*0.9,"接近上限","正常"))))
I69: =IF(动作要素测量!B333<>"",动作要素测量!A333&"-"&动作要素测量!B333,动作要素测量!A333) -> 67 | J69: =IF(动作要素测量!J333="","",动作要素测量!J333) | K69: =IF(动作要素测量!J334="","",动作要素测量!J334) | L69: =IF(动作要素测量!J335="","",动作要素测量!J335) | M69: =IF(动作要素测量!J336="","",动作要素测量!J336) | N69: =IF(动作要素测量!J337="","",动作要素测量!J337) | O69: =IF(COUNT(J69:N69)=0,"",SUM(J69:N69)) | P69: =IF(O69="","",参数设置!B7) | Q69: =IF(O69="","",IF(P69="","",IF(O69>P69,"超节拍",IF(O69>=P69*0.9,"接近上限","正常"))))
I70: =IF(动作要素测量!B338<>"",动作要素测量!A338&"-"&动作要素测量!B338,动作要素测量!A338) -> 68 | J70: =IF(动作要素测量!J338="","",动作要素测量!J338) | K70: =IF(动作要素测量!J339="","",动作要素测量!J339) | L70: =IF(动作要素测量!J340="","",动作要素测量!J340) | M70: =IF(动作要素测量!J341="","",动作要素测量!J341) | N70: =IF(动作要素测量!J342="","",动作要素测量!J342) | O70: =IF(COUNT(J70:N70)=0,"",SUM(J70:N70)) | P70: =IF(O70="","",参数设置!B7) | Q70: =IF(O70="","",IF(P70="","",IF(O70>P70,"超节拍",IF(O70>=P70*0.9,"接近上限","正常"))))
I71: =IF(动作要素测量!B343<>"",动作要素测量!A343&"-"&动作要素测量!B343,动作要素测量!A343) -> 69 | J71: =IF(动作要素测量!J343="","",动作要素测量!J343) | K71: =IF(动作要素测量!J344="","",动作要素测量!J344) | L71: =IF(动作要素测量!J345="","",动作要素测量!J345) | M71: =IF(动作要素测量!J346="","",动作要素测量!J346) | N71: =IF(动作要素测量!J347="","",动作要素测量!J347) | O71: =IF(COUNT(J71:N71)=0,"",SUM(J71:N71)) | P71: =IF(O71="","",参数设置!B7) | Q71: =IF(O71="","",IF(P71="","",IF(O71>P71,"超节拍",IF(O71>=P71*0.9,"接近上限","正常"))))
I72: =IF(动作要素测量!B348<>"",动作要素测量!A348&"-"&动作要素测量!B348,动作要素测量!A348) -> 70 | J72: =IF(动作要素测量!J348="","",动作要素测量!J348) | K72: =IF(动作要素测量!J349="","",动作要素测量!J349) | L72: =IF(动作要素测量!J350="","",动作要素测量!J350) | M72: =IF(动作要素测量!J351="","",动作要素测量!J351) | N72: =IF(动作要素测量!J352="","",动作要素测量!J352) | O72: =IF(COUNT(J72:N72)=0,"",SUM(J72:N72)) | P72: =IF(O72="","",参数设置!B7) | Q72: =IF(O72="","",IF(P72="","",IF(O72>P72,"超节拍",IF(O72>=P72*0.9,"接近上限","正常"))))
I73: =IF(动作要素测量!B353<>"",动作要素测量!A353&"-"&动作要素测量!B353,动作要素测量!A353) -> 71 | J73: =IF(动作要素测量!J353="","",动作要素测量!J353) | K73: =IF(动作要素测量!J354="","",动作要素测量!J354) | L73: =IF(动作要素测量!J355="","",动作要素测量!J355) | M73: =IF(动作要素测量!J356="","",动作要素测量!J356) | N73: =IF(动作要素测量!J357="","",动作要素测量!J357) | O73: =IF(COUNT(J73:N73)=0,"",SUM(J73:N73)) | P73: =IF(O73="","",参数设置!B7) | Q73: =IF(O73="","",IF(P73="","",IF(O73>P73,"超节拍",IF(O73>=P73*0.9,"接近上限","正常"))))
I74: =IF(动作要素测量!B358<>"",动作要素测量!A358&"-"&动作要素测量!B358,动作要素测量!A358) -> 72 | J74: =IF(动作要素测量!J358="","",动作要素测量!J358) | K74: =IF(动作要素测量!J359="","",动作要素测量!J359) | L74: =IF(动作要素测量!J360="","",动作要素测量!J360) | M74: =IF(动作要素测量!J361="","",动作要素测量!J361) | N74: =IF(动作要素测量!J362="","",动作要素测量!J362) | O74: =IF(COUNT(J74:N74)=0,"",SUM(J74:N74)) | P74: =IF(O74="","",参数设置!B7) | Q74: =IF(O74="","",IF(P74="","",IF(O74>P74,"超节拍",IF(O74>=P74*0.9,"接近上限","正常"))))
I75: =IF(动作要素测量!B363<>"",动作要素测量!A363&"-"&动作要素测量!B363,动作要素测量!A363) -> 73 | J75: =IF(动作要素测量!J363="","",动作要素测量!J363) | K75: =IF(动作要素测量!J364="","",动作要素测量!J364) | L75: =IF(动作要素测量!J365="","",动作要素测量!J365) | M75: =IF(动作要素测量!J366="","",动作要素测量!J366) | N75: =IF(动作要素测量!J367="","",动作要素测量!J367) | O75: =IF(COUNT(J75:N75)=0,"",SUM(J75:N75)) | P75: =IF(O75="","",参数设置!B7) | Q75: =IF(O75="","",IF(P75="","",IF(O75>P75,"超节拍",IF(O75>=P75*0.9,"接近上限","正常"))))
I76: =IF(动作要素测量!B368<>"",动作要素测量!A368&"-"&动作要素测量!B368,动作要素测量!A368) -> 74 | J76: =IF(动作要素测量!J368="","",动作要素测量!J368) | K76: =IF(动作要素测量!J369="","",动作要素测量!J369) | L76: =IF(动作要素测量!J370="","",动作要素测量!J370) | M76: =IF(动作要素测量!J371="","",动作要素测量!J371) | N76: =IF(动作要素测量!J372="","",动作要素测量!J372) | O76: =IF(COUNT(J76:N76)=0,"",SUM(J76:N76)) | P76: =IF(O76="","",参数设置!B7) | Q76: =IF(O76="","",IF(P76="","",IF(O76>P76,"超节拍",IF(O76>=P76*0.9,"接近上限","正常"))))
I77: =IF(动作要素测量!B373<>"",动作要素测量!A373&"-"&动作要素测量!B373,动作要素测量!A373) -> 75 | J77: =IF(动作要素测量!J373="","",动作要素测量!J373) | K77: =IF(动作要素测量!J374="","",动作要素测量!J374) | L77: =IF(动作要素测量!J375="","",动作要素测量!J375) | M77: =IF(动作要素测量!J376="","",动作要素测量!J376) | N77: =IF(动作要素测量!J377="","",动作要素测量!J377) | O77: =IF(COUNT(J77:N77)=0,"",SUM(J77:N77)) | P77: =IF(O77="","",参数设置!B7) | Q77: =IF(O77="","",IF(P77="","",IF(O77>P77,"超节拍",IF(O77>=P77*0.9,"接近上限","正常"))))
I78: =IF(动作要素测量!B378<>"",动作要素测量!A378&"-"&动作要素测量!B378,动作要素测量!A378) -> 76 | J78: =IF(动作要素测量!J378="","",动作要素测量!J378) | K78: =IF(动作要素测量!J379="","",动作要素测量!J379) | L78: =IF(动作要素测量!J380="","",动作要素测量!J380) | M78: =IF(动作要素测量!J381="","",动作要素测量!J381) | N78: =IF(动作要素测量!J382="","",动作要素测量!J382) | O78: =IF(COUNT(J78:N78)=0,"",SUM(J78:N78)) | P78: =IF(O78="","",参数设置!B7) | Q78: =IF(O78="","",IF(P78="","",IF(O78>P78,"超节拍",IF(O78>=P78*0.9,"接近上限","正常"))))
I79: =IF(动作要素测量!B383<>"",动作要素测量!A383&"-"&动作要素测量!B383,动作要素测量!A383) -> 77 | J79: =IF(动作要素测量!J383="","",动作要素测量!J383) | K79: =IF(动作要素测量!J384="","",动作要素测量!J384) | L79: =IF(动作要素测量!J385="","",动作要素测量!J385) | M79: =IF(动作要素测量!J386="","",动作要素测量!J386) | N79: =IF(动作要素测量!J387="","",动作要素测量!J387) | O79: =IF(COUNT(J79:N79)=0,"",SUM(J79:N79)) | P79: =IF(O79="","",参数设置!B7) | Q79: =IF(O79="","",IF(P79="","",IF(O79>P79,"超节拍",IF(O79>=P79*0.9,"接近上限","正常"))))
I80: =IF(动作要素测量!B388<>"",动作要素测量!A388&"-"&动作要素测量!B388,动作要素测量!A388) -> 78 | J80: =IF(动作要素测量!J388="","",动作要素测量!J388) | K80: =IF(动作要素测量!J389="","",动作要素测量!J389) | L80: =IF(动作要素测量!J390="","",动作要素测量!J390) | M80: =IF(动作要素测量!J391="","",动作要素测量!J391) | N80: =IF(动作要素测量!J392="","",动作要素测量!J392) | O80: =IF(COUNT(J80:N80)=0,"",SUM(J80:N80)) | P80: =IF(O80="","",参数设置!B7) | Q80: =IF(O80="","",IF(P80="","",IF(O80>P80,"超节拍",IF(O80>=P80*0.9,"接近上限","正常"))))
I81: =IF(动作要素测量!B393<>"",动作要素测量!A393&"-"&动作要素测量!B393,动作要素测量!A393) -> 79 | J81: =IF(动作要素测量!J393="","",动作要素测量!J393) | K81: =IF(动作要素测量!J394="","",动作要素测量!J394) | L81: =IF(动作要素测量!J395="","",动作要素测量!J395) | M81: =IF(动作要素测量!J396="","",动作要素测量!J396) | N81: =IF(动作要素测量!J397="","",动作要素测量!J397) | O81: =IF(COUNT(J81:N81)=0,"",SUM(J81:N81)) | P81: =IF(O81="","",参数设置!B7) | Q81: =IF(O81="","",IF(P81="","",IF(O81>P81,"超节拍",IF(O81>=P81*0.9,"接近上限","正常"))))
I82: =IF(动作要素测量!B398<>"",动作要素测量!A398&"-"&动作要素测量!B398,动作要素测量!A398) -> 80 | J82: =IF(动作要素测量!J398="","",动作要素测量!J398) | K82: =IF(动作要素测量!J399="","",动作要素测量!J399) | L82: =IF(动作要素测量!J400="","",动作要素测量!J400) | M82: =IF(动作要素测量!J401="","",动作要素测量!J401) | N82: =IF(动作要素测量!J402="","",动作要素测量!J402) | O82: =IF(COUNT(J82:N82)=0,"",SUM(J82:N82)) | P82: =IF(O82="","",参数设置!B7) | Q82: =IF(O82="","",IF(P82="","",IF(O82>P82,"超节拍",IF(O82>=P82*0.9,"接近上限","正常"))))
I83: =IF(动作要素测量!B403<>"",动作要素测量!A403&"-"&动作要素测量!B403,动作要素测量!A403) -> 81 | J83: =IF(动作要素测量!J403="","",动作要素测量!J403) | K83: =IF(动作要素测量!J404="","",动作要素测量!J404) | L83: =IF(动作要素测量!J405="","",动作要素测量!J405) | M83: =IF(动作要素测量!J406="","",动作要素测量!J406) | N83: =IF(动作要素测量!J407="","",动作要素测量!J407) | O83: =IF(COUNT(J83:N83)=0,"",SUM(J83:N83)) | P83: =IF(O83="","",参数设置!B7) | Q83: =IF(O83="","",IF(P83="","",IF(O83>P83,"超节拍",IF(O83>=P83*0.9,"接近上限","正常"))))
I84: =IF(动作要素测量!B408<>"",动作要素测量!A408&"-"&动作要素测量!B408,动作要素测量!A408) -> 82 | J84: =IF(动作要素测量!J408="","",动作要素测量!J408) | K84: =IF(动作要素测量!J409="","",动作要素测量!J409) | L84: =IF(动作要素测量!J410="","",动作要素测量!J410) | M84: =IF(动作要素测量!J411="","",动作要素测量!J411) | N84: =IF(动作要素测量!J412="","",动作要素测量!J412) | O84: =IF(COUNT(J84:N84)=0,"",SUM(J84:N84)) | P84: =IF(O84="","",参数设置!B7) | Q84: =IF(O84="","",IF(P84="","",IF(O84>P84,"超节拍",IF(O84>=P84*0.9,"接近上限","正常"))))
I85: =IF(动作要素测量!B413<>"",动作要素测量!A413&"-"&动作要素测量!B413,动作要素测量!A413) -> 83 | J85: =IF(动作要素测量!J413="","",动作要素测量!J413) | K85: =IF(动作要素测量!J414="","",动作要素测量!J414) | L85: =IF(动作要素测量!J415="","",动作要素测量!J415) | M85: =IF(动作要素测量!J416="","",动作要素测量!J416) | N85: =IF(动作要素测量!J417="","",动作要素测量!J417) | O85: =IF(COUNT(J85:N85)=0,"",SUM(J85:N85)) | P85: =IF(O85="","",参数设置!B7) | Q85: =IF(O85="","",IF(P85="","",IF(O85>P85,"超节拍",IF(O85>=P85*0.9,"接近上限","正常"))))
I86: =IF(动作要素测量!B418<>"",动作要素测量!A418&"-"&动作要素测量!B418,动作要素测量!A418) -> 84 | J86: =IF(动作要素测量!J418="","",动作要素测量!J418) | K86: =IF(动作要素测量!J419="","",动作要素测量!J419) | L86: =IF(动作要素测量!J420="","",动作要素测量!J420) | M86: =IF(动作要素测量!J421="","",动作要素测量!J421) | N86: =IF(动作要素测量!J422="","",动作要素测量!J422) | O86: =IF(COUNT(J86:N86)=0,"",SUM(J86:N86)) | P86: =IF(O86="","",参数设置!B7) | Q86: =IF(O86="","",IF(P86="","",IF(O86>P86,"超节拍",IF(O86>=P86*0.9,"接近上限","正常"))))
I87: =IF(动作要素测量!B423<>"",动作要素测量!A423&"-"&动作要素测量!B423,动作要素测量!A423) -> 85 | J87: =IF(动作要素测量!J423="","",动作要素测量!J423) | K87: =IF(动作要素测量!J424="","",动作要素测量!J424) | L87: =IF(动作要素测量!J425="","",动作要素测量!J425) | M87: =IF(动作要素测量!J426="","",动作要素测量!J426) | N87: =IF(动作要素测量!J427="","",动作要素测量!J427) | O87: =IF(COUNT(J87:N87)=0,"",SUM(J87:N87)) | P87: =IF(O87="","",参数设置!B7) | Q87: =IF(O87="","",IF(P87="","",IF(O87>P87,"超节拍",IF(O87>=P87*0.9,"接近上限","正常"))))
I88: =IF(动作要素测量!B428<>"",动作要素测量!A428&"-"&动作要素测量!B428,动作要素测量!A428) -> 86 | J88: =IF(动作要素测量!J428="","",动作要素测量!J428) | K88: =IF(动作要素测量!J429="","",动作要素测量!J429) | L88: =IF(动作要素测量!J430="","",动作要素测量!J430) | M88: =IF(动作要素测量!J431="","",动作要素测量!J431) | N88: =IF(动作要素测量!J432="","",动作要素测量!J432) | O88: =IF(COUNT(J88:N88)=0,"",SUM(J88:N88)) | P88: =IF(O88="","",参数设置!B7) | Q88: =IF(O88="","",IF(P88="","",IF(O88>P88,"超节拍",IF(O88>=P88*0.9,"接近上限","正常"))))
I89: =IF(动作要素测量!B433<>"",动作要素测量!A433&"-"&动作要素测量!B433,动作要素测量!A433) -> 87 | J89: =IF(动作要素测量!J433="","",动作要素测量!J433) | K89: =IF(动作要素测量!J434="","",动作要素测量!J434) | L89: =IF(动作要素测量!J435="","",动作要素测量!J435) | M89: =IF(动作要素测量!J436="","",动作要素测量!J436) | N89: =IF(动作要素测量!J437="","",动作要素测量!J437) | O89: =IF(COUNT(J89:N89)=0,"",SUM(J89:N89)) | P89: =IF(O89="","",参数设置!B7) | Q89: =IF(O89="","",IF(P89="","",IF(O89>P89,"超节拍",IF(O89>=P89*0.9,"接近上限","正常"))))
I90: =IF(动作要素测量!B438<>"",动作要素测量!A438&"-"&动作要素测量!B438,动作要素测量!A438) -> 88 | J90: =IF(动作要素测量!J438="","",动作要素测量!J438) | K90: =IF(动作要素测量!J439="","",动作要素测量!J439) | L90: =IF(动作要素测量!J440="","",动作要素测量!J440) | M90: =IF(动作要素测量!J441="","",动作要素测量!J441) | N90: =IF(动作要素测量!J442="","",动作要素测量!J442) | O90: =IF(COUNT(J90:N90)=0,"",SUM(J90:N90)) | P90: =IF(O90="","",参数设置!B7) | Q90: =IF(O90="","",IF(P90="","",IF(O90>P90,"超节拍",IF(O90>=P90*0.9,"接近上限","正常"))))
I91: =IF(动作要素测量!B443<>"",动作要素测量!A443&"-"&动作要素测量!B443,动作要素测量!A443) -> 89 | J91: =IF(动作要素测量!J443="","",动作要素测量!J443) | K91: =IF(动作要素测量!J444="","",动作要素测量!J444) | L91: =IF(动作要素测量!J445="","",动作要素测量!J445) | M91: =IF(动作要素测量!J446="","",动作要素测量!J446) | N91: =IF(动作要素测量!J447="","",动作要素测量!J447) | O91: =IF(COUNT(J91:N91)=0,"",SUM(J91:N91)) | P91: =IF(O91="","",参数设置!B7) | Q91: =IF(O91="","",IF(P91="","",IF(O91>P91,"超节拍",IF(O91>=P91*0.9,"接近上限","正常"))))
I92: =IF(动作要素测量!B448<>"",动作要素测量!A448&"-"&动作要素测量!B448,动作要素测量!A448) -> 90 | J92: =IF(动作要素测量!J448="","",动作要素测量!J448) | K92: =IF(动作要素测量!J449="","",动作要素测量!J449) | L92: =IF(动作要素测量!J450="","",动作要素测量!J450) | M92: =IF(动作要素测量!J451="","",动作要素测量!J451) | N92: =IF(动作要素测量!J452="","",动作要素测量!J452) | O92: =IF(COUNT(J92:N92)=0,"",SUM(J92:N92)) | P92: =IF(O92="","",参数设置!B7) | Q92: =IF(O92="","",IF(P92="","",IF(O92>P92,"超节拍",IF(O92>=P92*0.9,"接近上限","正常"))))
I93: =IF(动作要素测量!B453<>"",动作要素测量!A453&"-"&动作要素测量!B453,动作要素测量!A453) -> 91 | J93: =IF(动作要素测量!J453="","",动作要素测量!J453) | K93: =IF(动作要素测量!J454="","",动作要素测量!J454) | L93: =IF(动作要素测量!J455="","",动作要素测量!J455) | M93: =IF(动作要素测量!J456="","",动作要素测量!J456) | N93: =IF(动作要素测量!J457="","",动作要素测量!J457) | O93: =IF(COUNT(J93:N93)=0,"",SUM(J93:N93)) | P93: =IF(O93="","",参数设置!B7) | Q93: =IF(O93="","",IF(P93="","",IF(O93>P93,"超节拍",IF(O93>=P93*0.9,"接近上限","正常"))))
I94: =IF(动作要素测量!B458<>"",动作要素测量!A458&"-"&动作要素测量!B458,动作要素测量!A458) -> 92 | J94: =IF(动作要素测量!J458="","",动作要素测量!J458) | K94: =IF(动作要素测量!J459="","",动作要素测量!J459) | L94: =IF(动作要素测量!J460="","",动作要素测量!J460) | M94: =IF(动作要素测量!J461="","",动作要素测量!J461) | N94: =IF(动作要素测量!J462="","",动作要素测量!J462) | O94: =IF(COUNT(J94:N94)=0,"",SUM(J94:N94)) | P94: =IF(O94="","",参数设置!B7) | Q94: =IF(O94="","",IF(P94="","",IF(O94>P94,"超节拍",IF(O94>=P94*0.9,"接近上限","正常"))))
I95: =IF(动作要素测量!B463<>"",动作要素测量!A463&"-"&动作要素测量!B463,动作要素测量!A463) -> 93 | J95: =IF(动作要素测量!J463="","",动作要素测量!J463) | K95: =IF(动作要素测量!J464="","",动作要素测量!J464) | L95: =IF(动作要素测量!J465="","",动作要素测量!J465) | M95: =IF(动作要素测量!J466="","",动作要素测量!J466) | N95: =IF(动作要素测量!J467="","",动作要素测量!J467) | O95: =IF(COUNT(J95:N95)=0,"",SUM(J95:N95)) | P95: =IF(O95="","",参数设置!B7) | Q95: =IF(O95="","",IF(P95="","",IF(O95>P95,"超节拍",IF(O95>=P95*0.9,"接近上限","正常"))))
I96: =IF(动作要素测量!B468<>"",动作要素测量!A468&"-"&动作要素测量!B468,动作要素测量!A468) -> 94 | J96: =IF(动作要素测量!J468="","",动作要素测量!J468) | K96: =IF(动作要素测量!J469="","",动作要素测量!J469) | L96: =IF(动作要素测量!J470="","",动作要素测量!J470) | M96: =IF(动作要素测量!J471="","",动作要素测量!J471) | N96: =IF(动作要素测量!J472="","",动作要素测量!J472) | O96: =IF(COUNT(J96:N96)=0,"",SUM(J96:N96)) | P96: =IF(O96="","",参数设置!B7) | Q96: =IF(O96="","",IF(P96="","",IF(O96>P96,"超节拍",IF(O96>=P96*0.9,"接近上限","正常"))))
I97: =IF(动作要素测量!B473<>"",动作要素测量!A473&"-"&动作要素测量!B473,动作要素测量!A473) -> 95 | J97: =IF(动作要素测量!J473="","",动作要素测量!J473) | K97: =IF(动作要素测量!J474="","",动作要素测量!J474) | L97: =IF(动作要素测量!J475="","",动作要素测量!J475) | M97: =IF(动作要素测量!J476="","",动作要素测量!J476) | N97: =IF(动作要素测量!J477="","",动作要素测量!J477) | O97: =IF(COUNT(J97:N97)=0,"",SUM(J97:N97)) | P97: =IF(O97="","",参数设置!B7) | Q97: =IF(O97="","",IF(P97="","",IF(O97>P97,"超节拍",IF(O97>=P97*0.9,"接近上限","正常"))))
I98: =IF(动作要素测量!B478<>"",动作要素测量!A478&"-"&动作要素测量!B478,动作要素测量!A478) -> 96 | J98: =IF(动作要素测量!J478="","",动作要素测量!J478) | K98: =IF(动作要素测量!J479="","",动作要素测量!J479) | L98: =IF(动作要素测量!J480="","",动作要素测量!J480) | M98: =IF(动作要素测量!J481="","",动作要素测量!J481) | N98: =IF(动作要素测量!J482="","",动作要素测量!J482) | O98: =IF(COUNT(J98:N98)=0,"",SUM(J98:N98)) | P98: =IF(O98="","",参数设置!B7) | Q98: =IF(O98="","",IF(P98="","",IF(O98>P98,"超节拍",IF(O98>=P98*0.9,"接近上限","正常"))))
I99: =IF(动作要素测量!B483<>"",动作要素测量!A483&"-"&动作要素测量!B483,动作要素测量!A483) -> 97 | J99: =IF(动作要素测量!J483="","",动作要素测量!J483) | K99: =IF(动作要素测量!J484="","",动作要素测量!J484) | L99: =IF(动作要素测量!J485="","",动作要素测量!J485) | M99: =IF(动作要素测量!J486="","",动作要素测量!J486) | N99: =IF(动作要素测量!J487="","",动作要素测量!J487) | O99: =IF(COUNT(J99:N99)=0,"",SUM(J99:N99)) | P99: =IF(O99="","",参数设置!B7) | Q99: =IF(O99="","",IF(P99="","",IF(O99>P99,"超节拍",IF(O99>=P99*0.9,"接近上限","正常"))))
I100: =IF(动作要素测量!B488<>"",动作要素测量!A488&"-"&动作要素测量!B488,动作要素测量!A488) -> 98 | J100: =IF(动作要素测量!J488="","",动作要素测量!J488) | K100: =IF(动作要素测量!J489="","",动作要素测量!J489) | L100: =IF(动作要素测量!J490="","",动作要素测量!J490) | M100: =IF(动作要素测量!J491="","",动作要素测量!J491) | N100: =IF(动作要素测量!J492="","",动作要素测量!J492) | O100: =IF(COUNT(J100:N100)=0,"",SUM(J100:N100)) | P100: =IF(O100="","",参数设置!B7) | Q100: =IF(O100="","",IF(P100="","",IF(O100>P100,"超节拍",IF(O100>=P100*0.9,"接近上限","正常"))))
...
