Workbook
Name A: #REF!
Name A: #REF!
Name A: #REF!
Name A: #REF!
Name Check: [1]產品基本信息!#REF!
Name Check: [1]產品基本信息!#REF!
Name Check: [2]產品基本信息!#REF!
Name Check: [1]產品基本信息!#REF!
Name Date: [2]產品基本信息!$B$9
Name Date: [1]產品基本信息!$B$9
Name Doc.No.: [2]產品基本信息!$B$2
Name Doc.No.: [1]產品基本信息!$B$2
Name JPY: '[3]UPPER BLOCK'!#REF!
Name JPY: '[3]UPPER BLOCK'!#REF!
Name JPY: '[3]UPPER BLOCK'!#REF!
Name JPY: '[3]UPPER BLOCK'!#REF!
Name lll: [4]HDa16!$B$10:$D$143
Name Prepared: [2]產品基本信息!$B$5
Name Prepared: [1]產品基本信息!$B$5
Name Pro.Model: [2]產品基本信息!$B$4
Name Pro.Model: [1]產品基本信息!$B$4
Name qqq: #REF!
Name qqq: #REF!
Name qqq: #REF!
Name qqq: #REF!
Name TaxTV: 10%
Name TaxXL: 5%
Name USD: '[3]UPPER BLOCK'!#REF!
Name USD: '[3]UPPER BLOCK'!#REF!
Name USD: '[3]UPPER BLOCK'!#REF!
Name USD: '[3]UPPER BLOCK'!#REF!
Name ValidBOMRange: #REF!
Name ValidBOMRange: #REF!
Name ValidBOMRange: #REF!
Name ValidBOMRange: #REF!
Name Ver.: [2]產品基本信息!$B$3
Name Ver.: [1]產品基本信息!$B$3
Name X72H046LineDft: '[5]72HX'!$F$921
Name X72H048LineDft: '[5]72HX'!$K$921
Name X72H051LineDft: '[5]72HX'!$U$921
Name X72H055LineDft: '[5]72HX'!$AE$921
Name X72H056LineDft: '[5]72HX'!$AJ$921
Name X72H057LineDft: '[5]72HX'!$AO$921
Name X72H058LineDft: '[5]72HX'!#REF!
Name X72H058LineDft: '[5]72HX'!#REF!
Name X72H058LineDft: '[5]72HX'!#REF!
Name X72H058LineDft: '[5]72HX'!#REF!
Name X72H058TotOkNo: '[5]72HX'!#REF!
Name X72H058TotOkNo: '[5]72HX'!#REF!
Name X72H058TotOkNo: '[5]72HX'!#REF!
Name X72H058TotOkNo: '[5]72HX'!#REF!
Name X72H058TotSftNo: '[5]72HX'!#REF!
Name X72H058TotSftNo: '[5]72HX'!#REF!
Name X72H058TotSftNo: '[5]72HX'!#REF!
Name X72H058TotSftNo: '[5]72HX'!#REF!
Name X72H063LineDft: '[5]72HX'!$AT$921
Name X72H067LineDft: '[5]72HX'!$BD$921
Name X72H069LineDft: '[5]72HX'!$BI$921
Name X72H072LineDft: '[5]72HX'!$BN$921
Name X75E004LineDft: '[5]75EX'!$F$921

Sheet 工时测量记录表
A1: 工时测量记录表
A2: 机型 | E2: 料号 | K2: 日期 | P2: 测量人
A4: 序号 | B4: 工站 | C4: 人数 | D4: 动作单元 | E4: 实测时间(x) | T4: Σxi | U4: Σxi² | V4: 平均值x(s) | W4: 标准偏差σ | X4: 管制下限LCL | Y4: 管制上限UCL | Z4: 剔除异常值后均值x(s) | AA4: 剔除异常值后Σxi | AB4: 剔除异常值后Σxi² | AC4: 应观测次数 | AU4: 动作变异分析
E5: 1 | F5: 2 | G5: 3 | H5: 4 | I5: 5 | J5: 6 | K5: 7 | L5: 8 | M5: 9 | N5: 10 | O5: 11 | P5: 12 | Q5: 13 | R5: 14 | S5: 15 | T5: A | U5: B | V5: X | W5: σ | X5: X-σ | Y5: X+σ | Z5: X' | AA5: A' | AB5: B' | AC5: N'=[40* n*B'-A'2/A']2 | AE5: 1 | AF5: 2 | AG5: 3 | AH5: 4 | AI5: 5 | AJ5: 6 | AK5: 7 | AL5: 8 | AM5: 9 | AN5: 10 | AO5: 11 | AP5: 12 | AQ5: 13 | AR5: 14 | AS5: 15 | AU5: 1/4位数 | AV5: 最大 | AW5: 最小 | AX5: 3/4位数
A6: 1 | T6: =IF(COUNT(E6:S6)=0,"",SUM(E6:S6)) | U6: =IF(COUNT(E6:S6)=0,"",SUMSQ(E6:S6)) | V6: =IF(COUNT(E6:S6)=0,"",AVERAGE(E6:S6)) | W6: =IF(COUNT(E6:S6)=0,"",STDEVP(E6:S6)) | X6: =IF(COUNT(E6:S6)=0,"",V6-1*W6) | Y6: =IF(COUNT(E6:S6)=0,"",V6+1*W6) | Z6: =IF(COUNT(E6:S6)=0,"",SUM(IF(AND(E6>X6,E6<Y6),E6,0),IF(AND(F6>X6,F6<Y6),F6,0),IF(AND(G6>X6,G6<Y6),G6,0),IF(AND(H6>X6,H6<Y6),H6,0),IF(AND(I6>X6,I6<Y6),I6,0),IF(AND(J6>X6,J6<Y6),J6,0),IF(AND(K6>X6,K6<Y6),K6,0),IF(AND(L6>X6,L6<Y6),L6,0),IF(AND(M6>X6,M6<Y6),M6,0),IF(AND(N6>X6,N6<Y6),N6,0),IF(AND(O6>X6,O6<Y6),O6,0),IF(AND(P6>X6,P6<Y6),P6,0),IF(AND(Q6>X6,Q6<Y6),Q6,0),IF(AND(R6>X6,R6<Y6),R6,0),IF(AND(S6>X6,S6<Y6),S6,0))/SUM(IF(AND(E6>X6,E6<Y6,E6<>0),1,0),IF(AND(F6>X6,F6<Y6,F6<>0),1,0),IF(AND(G6>X6,G6<Y6,G6<>0),1,0),IF(AND(H6>X6,H6<Y6,H6<>0),1,0),IF(AND(I6>X6,I6<Y6,I6<>0),1,0),IF(AND(J6>X6,J6<Y6,J6<>0),1,0),IF(AND(K6>X6,K6<Y6,K6<>0),1,0),IF(AND(L6>X6,L6<Y6,L6<>0),1,0),IF(AND(M6>X6,M6<Y6,M6<>0),1,0),IF(AND(N6>X6,N6<Y6,N6<>0),1,0),IF(AND(O6>X6,O6<Y6,O6<>0),1,0),IF(AND(P6>X6,P6<Y6,P6<>0),1,0),IF(AND(Q6>X6,Q6<Y6,Q6<>0),1,0),IF(AND(R6>X6,R6<Y6,R6<>0),1,0),IF(AND(S6>X6,S6<Y6,S6<>0),1,0))) | AA6: =IF(COUNT(E6:S6)=0,"",SUM(IF(AND(E6>X6,E6<Y6),E6,0),IF(AND(F6>X6,F6<Y6),F6,0),IF(AND(G6>X6,G6<Y6),G6,0),IF(AND(H6>X6,H6<Y6),H6,0),IF(AND(I6>X6,I6<Y6),I6,0),IF(AND(J6>X6,J6<Y6),J6,0),IF(AND(K6>X6,K6<Y6),K6,0),IF(AND(L6>X6,L6<Y6),L6,0),IF(AND(M6>X6,M6<Y6),M6,0),IF(AND(N6>X6,N6<Y6),N6,0),IF(AND(O6>X6,O6<Y6),O6,0),IF(AND(P6>X6,P6<Y6),P6,0),IF(AND(Q6>X6,Q6<Y6),Q6,0),IF(AND(R6>X6,R6<Y6),R6,0),IF(AND(S6>X6,S6<Y6),S6,0))) | AB6: =IF(COUNT(E6:S6)=0,"",SUMSQ(IF(AND(E6>X6,E6<Y6),E6,0),IF(AND(F6>X6,F6<Y6),F6,0),IF(AND(G6>X6,G6<Y6),G6,0),IF(AND(H6>X6,H6<Y6),H6,0),IF(AND(I6>X6,I6<Y6),I6,0),IF(AND(J6>X6,J6<Y6),J6,0),IF(AND(K6>X6,K6<Y6),K6,0),IF(AND(L6>X6,L6<Y6),L6,0),IF(AND(M6>X6,M6<Y6),M6,0),IF(AND(N6>X6,N6<Y6),N6,0),IF(AND(O6>X6,O6<Y6),O6,0),IF(AND(P6>X6,P6<Y6),P6,0),IF(AND(Q6>X6,Q6<Y6),Q6,0),IF(AND(R6>X6,R6<Y6),R6,0),IF(AND(S6>X6,S6<Y6),S6,0))) | AC6: =IF(COUNT(E6:S6)=0,"",POWER(40*SQRT(SUM(IF(AND(E6>X6,E6<Y6),1,0),IF(AND(F6>X6,F6<Y6),1,0),IF(AND(G6>X6,G6<Y6),1,0),IF(AND(H6>X6,H6<Y6),1,0),IF(AND(I6>X6,I6<Y6),1,0),IF(AND(J6>X6,J6<Y6),1,0),IF(AND(K6>X6,K6<Y6),1,0),IF(AND(L6>X6,L6<Y6),1,0),IF(AND(M6>X6,M6<Y6),1,0),IF(AND(N6>X6,N6<Y6),1,0),IF(AND(O6>X6,O6<Y6),1,0),IF(AND(P6>X6,P6<Y6),1,0),IF(AND(Q6>X6,Q6<Y6),1,0),IF(AND(R6>X6,R6<Y6),1,0),IF(AND(S6>X6,S6<Y6),1,0))*AB6-POWER(AA6,2))/AA6,2)) | AD6: 1 | AE6: =IF(SUM(INDIRECT(CHAR(COLUMN()+38)&(ROW()-5)*8-2&":"&CHAR(COLUMN()+38)&(ROW()-5)*8+5))=0,"",SUM(INDIRECT(CHAR(COLUMN()+38)&(ROW()-5)*8-2&":"&CHAR(COLUMN()+38)&(ROW()-5)*8+5))/INDIRECT("C"&(ROW()-5)*8-2)) | AF6: =IF(SUM(INDIRECT(CHAR(COLUMN()+38)&(ROW()-5)*8-2&":"&CHAR(COLUMN()+38)&(ROW()-5)*8+5))=0,"",SUM(INDIRECT(CHAR(COLUMN()+38)&(ROW()-5)*8-2&":"&CHAR(COLUMN()+38)&(ROW()-5)*8+5))/INDIRECT("C"&(ROW()-5)*8-2)) | AG6: =IF(SUM(INDIRECT(CHAR(COLUMN()+38)&(ROW()-5)*8-2&":"&CHAR(COLUMN()+38)&(ROW()-5)*8+5))=0,"",SUM(INDIRECT(CHAR(COLUMN()+38)&(ROW()-5)*8-2&":"&CHAR(COLUMN()+38)&(ROW()-5)*8+5))/INDIRECT("C"&(ROW()-5)*8-2)) | AH6: =IF(SUM(INDIRECT(CHAR(COLUMN()+38)&(ROW()-5)*8-2&":"&CHAR(COLUMN()+38)&(ROW()-5)*8+5))=0,"",SUM(INDIRECT(CHAR(COLUMN()+38)&(ROW()-5)*8-2&":"&CHAR(COLUMN()+38)&(ROW()-5)*8+5))/INDIRECT("C"&(ROW()-5)*8-2)) | AI6: =IF(SUM(INDIRECT(CHAR(COLUMN()+38)&(ROW()-5)*8-2&":"&CHAR(COLUMN()+38)&(ROW()-5)*8+5))=0,"",SUM(INDIRECT(CHAR(COLUMN()+38)&(ROW()-5)*8-2&":"&CHAR(COLUMN()+38)&(ROW()-5)*8+5))/INDIRECT("C"&(ROW()-5)*8-2)) | AJ6: =IF(SUM(INDIRECT(CHAR(COLUMN()+38)&(ROW()-5)*8-2&":"&CHAR(COLUMN()+38)&(ROW()-5)*8+5))=0,"",SUM(INDIRECT(CHAR(COLUMN()+38)&(ROW()-5)*8-2&":"&CHAR(COLUMN()+38)&(ROW()-5)*8+5))/INDIRECT("C"&(ROW()-5)*8-2)) | AK6: =IF(SUM(INDIRECT(CHAR(COLUMN()+38)&(ROW()-5)*8-2&":"&CHAR(COLUMN()+38)&(ROW()-5)*8+5))=0,"",SUM(INDIRECT(CHAR(COLUMN()+38)&(ROW()-5)*8-2&":"&CHAR(COLUMN()+38)&(ROW()-5)*8+5))/INDIRECT("C"&(ROW()-5)*8-2)) | AL6: =IF(SUM(INDIRECT(CHAR(COLUMN()+38)&(ROW()-5)*8-2&":"&CHAR(COLUMN()+38)&(ROW()-5)*8+5))=0,"",SUM(INDIRECT(CHAR(COLUMN()+38)&(ROW()-5)*8-2&":"&CHAR(COLUMN()+38)&(ROW()-5)*8+5))/INDIRECT("C"&(ROW()-5)*8-2)) | ... AS6: =IF(SUM(INDIRECT(CHAR(COLUMN()+38)&(ROW()-5)*8-2&":"&CHAR(COLUMN()+38)&(ROW()-5)*8+5))=0,"",SUM(INDIRECT(CHAR(COLUMN()+38)&(ROW()-5)*8-2&":"&CHAR(COLUMN()+38)&(ROW()-5)*8+5))/INDIRECT("C"&(ROW()-5)*8-2)) | AT6: 1 | AU6: =IF(COUNT($AE6:$AS6)=0,"",PERCENTILE($AE6:$AS6,0.25)) | AV6: =IF(COUNT($AE6:$AS6)=0,"",MAX($AE6:$AS6)) | AW6: =IF(COUNT($AE6:$AS6)=0,"",MIN($AE6:$AS6)) | AX6: =IF(COUNT($AE6:$AS6)=0,"",PERCENTILE($AE6:$AS6,0.75))
T7: =IF(COUNT(E7:S7)=0,"",SUM(E7:S7)) | U7: =IF(COUNT(E7:S7)=0,"",SUMSQ(E7:S7)) | V7: =IF(COUNT(E7:S7)=0,"",AVERAGE(E7:S7)) | W7: =IF(COUNT(E7:S7)=0,"",STDEVP(E7:S7)) | X7: =IF(COUNT(E7:S7)=0,"",V7-1*W7) | Y7: =IF(COUNT(E7:S7)=0,"",V7+1*W7) | Z7: =IF(COUNT(E7:S7)=0,"",SUM(IF(AND(E7>X7,E7<Y7),E7,0),IF(AND(F7>X7,F7<Y7),F7,0),IF(AND(G7>X7,G7<Y7),G7,0),IF(AND(H7>X7,H7<Y7),H7,0),IF(AND(I7>X7,I7<Y7),I7,0),IF(AND(J7>X7,J7<Y7),J7,0),IF(AND(K7>X7,K7<Y7),K7,0),IF(AND(L7>X7,L7<Y7),L7,0),IF(AND(M7>X7,M7<Y7),M7,0),IF(AND(N7>X7,N7<Y7),N7,0),IF(AND(O7>X7,O7<Y7),O7,0),IF(AND(P7>X7,P7<Y7),P7,0),IF(AND(Q7>X7,Q7<Y7),Q7,0),IF(AND(R7>X7,R7<Y7),R7,0),IF(AND(S7>X7,S7<Y7),S7,0))/SUM(IF(AND(E7>X7,E7<Y7,E7<>0),1,0),IF(AND(F7>X7,F7<Y7,F7<>0),1,0),IF(AND(G7>X7,G7<Y7,G7<>0),1,0),IF(AND(H7>X7,H7<Y7,H7<>0),1,0),IF(AND(I7>X7,I7<Y7,I7<>0),1,0),IF(AND(J7>X7,J7<Y7,J7<>0),1,0),IF(AND(K7>X7,K7<Y7,K7<>0),1,0),IF(AND(L7>X7,L7<Y7,L7<>0),1,0),IF(AND(M7>X7,M7<Y7,M7<>0),1,0),IF(AND(N7>X7,N7<Y7,N7<>0),1,0),IF(AND(O7>X7,O7<Y7,O7<>0),1,0),IF(AND(P7>X7,P7<Y7,P7<>0),1,0),IF(AND(Q7>X7,Q7<Y7,Q7<>0),1,0),IF(AND(R7>X7,R7<Y7,R7<>0),1,0),IF(AND(S7>X7,S7<Y7,S7<>0),1,0))) | AA7: =IF(COUNT(E7:S7)=0,"",SUM(IF(AND(E7>X7,E7<Y7),E7,0),IF(AND(F7>X7,F7<Y7),F7,0),IF(AND(G7>X7,G7<Y7),G7,0),IF(AND(H7>X7,H7<Y7),H7,0),IF(AND(I7>X7,I7<Y7),I7,0),IF(AND(J7>X7,J7<Y7),J7,0),IF(AND(K7>X7,K7<Y7),K7,0),IF(AND(L7>X7,L7<Y7),L7,0),IF(AND(M7>X7,M7<Y7),M7,0),IF(AND(N7>X7,N7<Y7),N7,0),IF(AND(O7>X7,O7<Y7),O7,0),IF(AND(P7>X7,P7<Y7),P7,0),IF(AND(Q7>X7,Q7<Y7),Q7,0),IF(AND(R7>X7,R7<Y7),R7,0),IF(AND(S7>X7,S7<Y7),S7,0))) | AB7: =IF(COUNT(E7:S7)=0,"",SUMSQ(IF(AND(E7>X7,E7<Y7),E7,0),IF(AND(F7>X7,F7<Y7),F7,0),IF(AND(G7>X7,G7<Y7),G7,0),IF(AND(H7>X7,H7<Y7),H7,0),IF(AND(I7>X7,I7<Y7),I7,0),IF(AND(J7>X7,J7<Y7),J7,0),IF(AND(K7>X7,K7<Y7),K7,0),IF(AND(L7>X7,L7<Y7),L7,0),IF(AND(M7>X7,M7<Y7),M7,0),IF(AND(N7>X7,N7<Y7),N7,0),IF(AND(O7>X7,O7<Y7),O7,0),IF(AND(P7>X7,P7<Y7),P7,0),IF(AND(Q7>X7,Q7<Y7),Q7,0),IF(AND(R7>X7,R7<Y7),R7,0),IF(AND(S7>X7,S7<Y7),S7,0))) | AC7: =IF(COUNT(E7:S7)=0,"",POWER(40*SQRT(SUM(IF(AND(E7>X7,E7<Y7),1,0),IF(AND(F7>X7,F7<Y7),1,0),IF(AND(G7>X7,G7<Y7),1,0),IF(AND(H7>X7,H7<Y7),1,0),IF(AND(I7>X7,I7<Y7),1,0),IF(AND(J7>X7,J7<Y7),1,0),IF(AND(K7>X7,K7<Y7),1,0),IF(AND(L7>X7,L7<Y7),1,0),IF(AND(M7>X7,M7<Y7),1,0),IF(AND(N7>X7,N7<Y7),1,0),IF(AND(O7>X7,O7<Y7),1,0),IF(AND(P7>X7,P7<Y7),1,0),IF(AND(Q7>X7,Q7<Y7),1,0),IF(AND(R7>X7,R7<Y7),1,0),IF(AND(S7>X7,S7<Y7),1,0))*AB7-POWER(AA7,2))/AA7,2)) | AD7: 2 | AE7: =IF(SUM(INDIRECT(CHAR(COLUMN()+38)&(ROW()-5)*8-2&":"&CHAR(COLUMN()+38)&(ROW()-5)*8+5))=0,"",SUM(INDIRECT(CHAR(COLUMN()+38)&(ROW()-5)*8-2&":"&CHAR(COLUMN()+38)&(ROW()-5)*8+5))/INDIRECT("C"&(ROW()-5)*8-2)) | AF7: =IF(SUM(INDIRECT(CHAR(COLUMN()+38)&(ROW()-5)*8-2&":"&CHAR(COLUMN()+38)&(ROW()-5)*8+5))=0,"",SUM(INDIRECT(CHAR(COLUMN()+38)&(ROW()-5)*8-2&":"&CHAR(COLUMN()+38)&(ROW()-5)*8+5))/INDIRECT("C"&(ROW()-5)*8-2)) | AG7: =IF(SUM(INDIRECT(CHAR(COLUMN()+38)&(ROW()-5)*8-2&":"&CHAR(COLUMN()+38)&(ROW()-5)*8+5))=0,"",SUM(INDIRECT(CHAR(COLUMN()+38)&(ROW()-5)*8-2&":"&CHAR(COLUMN()+38)&(ROW()-5)*8+5))/INDIRECT("C"&(ROW()-5)*8-2)) | AH7: =IF(SUM(INDIRECT(CHAR(COLUMN()+38)&(ROW()-5)*8-2&":"&CHAR(COLUMN()+38)&(ROW()-5)*8+5))=0,"",SUM(INDIRECT(CHAR(COLUMN()+38)&(ROW()-5)*8-2&":"&CHAR(COLUMN()+38)&(ROW()-5)*8+5))/INDIRECT("C"&(ROW()-5)*8-2)) | AI7: =IF(SUM(INDIRECT(CHAR(COLUMN()+38)&(ROW()-5)*8-2&":"&CHAR(COLUMN()+38)&(ROW()-5)*8+5))=0,"",SUM(INDIRECT(CHAR(COLUMN()+38)&(ROW()-5)*8-2&":"&CHAR(COLUMN()+38)&(ROW()-5)*8+5))/INDIRECT("C"&(ROW()-5)*8-2)) | AJ7: =IF(SUM(INDIRECT(CHAR(COLUMN()+38)&(ROW()-5)*8-2&":"&CHAR(COLUMN()+38)&(ROW()-5)*8+5))=0,"",SUM(INDIRECT(CHAR(COLUMN()+38)&(ROW()-5)*8-2&":"&CHAR(COLUMN()+38)&(ROW()-5)*8+5))/INDIRECT("C"&(ROW()-5)*8-2)) | AK7: =IF(SUM(INDIRECT(CHAR(COLUMN()+38)&(ROW()-5)*8-2&":"&CHAR(COLUMN()+38)&(ROW()-5)*8+5))=0,"",SUM(INDIRECT(CHAR(COLUMN()+38)&(ROW()-5)*8-2&":"&CHAR(COLUMN()+38)&(ROW()-5)*8+5))/INDIRECT("C"&(ROW()-5)*8-2)) | AL7: =IF(SUM(INDIRECT(CHAR(COLUMN()+38)&(ROW()-5)*8-2&":"&CHAR(COLUMN()+38)&(ROW()-5)*8+5))=0,"",SUM(INDIRECT(CHAR(COLUMN()+38)&(ROW()-5)*8-2&":"&CHAR(COLUMN()+38)&(ROW()-5)*8+5))/INDIRECT("C"&(ROW()-5)*8-2)) | ... AS7: =IF(SUM(INDIRECT(CHAR(COLUMN()+38)&(ROW()-5)*8-2&":"&CHAR(COLUMN()+38)&(ROW()-5)*8+5))=0,"",SUM(INDIRECT(CHAR(COLUMN()+38)&(ROW()-5)*8-2&":"&CHAR(COLUMN()+38)&(ROW()-5)*8+5))/INDIRECT("C"&(ROW()-5)*8-2)) | AT7: 2 | AU7: =IF(COUNT($AE7:$AS7)=0,"",PERCENTILE($AE7:$AS7,0.25)) | AV7: =IF(COUNT($AE7:$AS7)=0,"",MAX($AE7:$AS7)) | AW7: =IF(COUNT($AE7:$AS7)=0,"",MIN($AE7:$AS7)) | AX7: =IF(COUNT($AE7:$AS7)=0,"",PERCENTILE($AE7:$AS7,0.75))
T8: =IF(COUNT(E8:S8)=0,"",SUM(E8:S8)) | U8: =IF(COUNT(E8:S8)=0,"",SUMSQ(E8:S8)) | V8: =IF(COUNT(E8:S8)=0,"",AVERAGE(E8:S8)) | W8: =IF(COUNT(E8:S8)=0,"",STDEVP(E8:S8)) | X8: =IF(COUNT(E8:S8)=0,"",V8-1*W8) | Y8: =IF(COUNT(E8:S8)=0,"",V8+1*W8) | Z8: =IF(COUNT(E8:S8)=0,"",SUM(IF(AND(E8>X8,E8<Y8),E8,0),IF(AND(F8>X8,F8<Y8),F8,0),IF(AND(G8>X8,G8<Y8),G8,0),IF(AND(H8>X8,H8<Y8),H8,0),IF(AND(I8>X8,I8<Y8),I8,0),IF(AND(J8>X8,J8<Y8),J8,0),IF(AND(K8>X8,K8<Y8),K8,0),IF(AND(L8>X8,L8<Y8),L8,0),IF(AND(M8>X8,M8<Y8),M8,0),IF(AND(N8>X8,N8<Y8),N8,0),IF(AND(O8>X8,O8<Y8),O8,0),IF(AND(P8>X8,P8<Y8),P8,0),IF(AND(Q8>X8,Q8<Y8),Q8,0),IF(AND(R8>X8,R8<Y8),R8,0),IF(AND(S8>X8,S8<Y8),S8,0))/SUM(IF(AND(E8>X8,E8<Y8,E8<>0),1,0),IF(AND(F8>X8,F8<Y8,F8<>0),1,0),IF(AND(G8>X8,G8<Y8,G8<>0),1,0),IF(AND(H8>X8,H8<Y8,H8<>0),1,0),IF(AND(I8>X8,I8<Y8,I8<>0),1,0),IF(AND(J8>X8,J8<Y8,J8<>0),1,0),IF(AND(K8>X8,K8<Y8,K8<>0),1,0),IF(AND(L8>X8,L8<Y8,L8<>0),1,0),IF(AND(M8>X8,M8<Y8,M8<>0),1,0),IF(AND(N8>X8,N8<Y8,N8<>0),1,0),IF(AND(O8>X8,O8<Y8,O8<>0),1,0),IF(AND(P8>X8,P8<Y8,P8<>0),1,0),IF(AND(Q8>X8,Q8<Y8,Q8<>0),1,0),IF(AND(R8>X8,R8<Y8,R8<>0),1,0),IF(AND(S8>X8,S8<Y8,S8<>0),1,0))) | AA8: =IF(COUNT(E8:S8)=0,"",SUM(IF(AND(E8>X8,E8<Y8),E8,0),IF(AND(F8>X8,F8<Y8),F8,0),IF(AND(G8>X8,G8<Y8),G8,0),IF(AND(H8>X8,H8<Y8),H8,0),IF(AND(I8>X8,I8<Y8),I8,0),IF(AND(J8>X8,J8<Y8),J8,0),IF(AND(K8>X8,K8<Y8),K8,0),IF(AND(L8>X8,L8<Y8),L8,0),IF(AND(M8>X8,M8<Y8),M8,0),IF(AND(N8>X8,N8<Y8),N8,0),IF(AND(O8>X8,O8<Y8),O8,0),IF(AND(P8>X8,P8<Y8),P8,0),IF(AND(Q8>X8,Q8<Y8),Q8,0),IF(AND(R8>X8,R8<Y8),R8,0),IF(AND(S8>X8,S8<Y8),S8,0))) | AB8: =IF(COUNT(E8:S8)=0,"",SUMSQ(IF(AND(E8>X8,E8<Y8),E8,0),IF(AND(F8>X8,F8<Y8),F8,0),IF(AND(G8>X8,G8<Y8),G8,0),IF(AND(H8>X8,H8<Y8),H8,0),IF(AND(I8>X8,I8<Y8),I8,0),IF(AND(J8>X8,J8<Y8),J8,0),IF(AND(K8>X8,K8<Y8),K8,0),IF(AND(L8>X8,L8<Y8),L8,0),IF(AND(M8>X8,M8<Y8),M8,0),IF(AND(N8>X8,N8<Y8),N8,0),IF(AND(O8>X8,O8<Y8),O8,0),IF(AND(P8>X8,P8<Y8),P8,0),IF(AND(Q8>X8,Q8<Y8),Q8,0),IF(AND(R8>X8,R8<Y8),R8,0),IF(AND(S8>X8,S8<Y8),S8,0))) | AC8: =IF(COUNT(E8:S8)=0,"",POWER(40*SQRT(SUM(IF(AND(E8>X8,E8<Y8),1,0),IF(AND(F8>X8,F8<Y8),1,0),IF(AND(G8>X8,G8<Y8),1,0),IF(AND(H8>X8,H8<Y8),1,0),IF(AND(I8>X8,I8<Y8),1,0),IF(AND(J8>X8,J8<Y8),1,0),IF(AND(K8>X8,K8<Y8),1,0),IF(AND(L8>X8,L8<Y8),1,0),IF(AND(M8>X8,M8<Y8),1,0),IF(AND(N8>X8,N8<Y8),1,0),IF(AND(O8>X8,O8<Y8),1,0),IF(AND(P8>X8,P8<Y8),1,0),IF(AND(Q8>X8,Q8<Y8),1,0),IF(AND(R8>X8,R8<Y8),1,0),IF(AND(S8>X8,S8<Y8),1,0))*AB8-POWER(AA8,2))/AA8,2)) | AD8: 3 | AE8: =IF(SUM(INDIRECT(CHAR(COLUMN()+38)&(ROW()-5)*8-2&":"&CHAR(COLUMN()+38)&(ROW()-5)*8+5))=0,"",SUM(INDIRECT(CHAR(COLUMN()+38)&(ROW()-5)*8-2&":"&CHAR(COLUMN()+38)&(ROW()-5)*8+5))/INDIRECT("C"&(ROW()-5)*8-2)) | AF8: =IF(SUM(INDIRECT(CHAR(COLUMN()+38)&(ROW()-5)*8-2&":"&CHAR(COLUMN()+38)&(ROW()-5)*8+5))=0,"",SUM(INDIRECT(CHAR(COLUMN()+38)&(ROW()-5)*8-2&":"&CHAR(COLUMN()+38)&(ROW()-5)*8+5))/INDIRECT("C"&(ROW()-5)*8-2)) | AG8: =IF(SUM(INDIRECT(CHAR(COLUMN()+38)&(ROW()-5)*8-2&":"&CHAR(COLUMN()+38)&(ROW()-5)*8+5))=0,"",SUM(INDIRECT(CHAR(COLUMN()+38)&(ROW()-5)*8-2&":"&CHAR(COLUMN()+38)&(ROW()-5)*8+5))/INDIRECT("C"&(ROW()-5)*8-2)) | AH8: =IF(SUM(INDIRECT(CHAR(COLUMN()+38)&(ROW()-5)*8-2&":"&CHAR(COLUMN()+38)&(ROW()-5)*8+5))=0,"",SUM(INDIRECT(CHAR(COLUMN()+38)&(ROW()-5)*8-2&":"&CHAR(COLUMN()+38)&(ROW()-5)*8+5))/INDIRECT("C"&(ROW()-5)*8-2)) | AI8: =IF(SUM(INDIRECT(CHAR(COLUMN()+38)&(ROW()-5)*8-2&":"&CHAR(COLUMN()+38)&(ROW()-5)*8+5))=0,"",SUM(INDIRECT(CHAR(COLUMN()+38)&(ROW()-5)*8-2&":"&CHAR(COLUMN()+38)&(ROW()-5)*8+5))/INDIRECT("C"&(ROW()-5)*8-2)) | AJ8: =IF(SUM(INDIRECT(CHAR(COLUMN()+38)&(ROW()-5)*8-2&":"&CHAR(COLUMN()+38)&(ROW()-5)*8+5))=0,"",SUM(INDIRECT(CHAR(COLUMN()+38)&(ROW()-5)*8-2&":"&CHAR(COLUMN()+38)&(ROW()-5)*8+5))/INDIRECT("C"&(ROW()-5)*8-2)) | AK8: =IF(SUM(INDIRECT(CHAR(COLUMN()+38)&(ROW()-5)*8-2&":"&CHAR(COLUMN()+38)&(ROW()-5)*8+5))=0,"",SUM(INDIRECT(CHAR(COLUMN()+38)&(ROW()-5)*8-2&":"&CHAR(COLUMN()+38)&(ROW()-5)*8+5))/INDIRECT("C"&(ROW()-5)*8-2)) | AL8: =IF(SUM(INDIRECT(CHAR(COLUMN()+38)&(ROW()-5)*8-2&":"&CHAR(COLUMN()+38)&(ROW()-5)*8+5))=0,"",SUM(INDIRECT(CHAR(COLUMN()+38)&(ROW()-5)*8-2&":"&CHAR(COLUMN()+38)&(ROW()-5)*8+5))/INDIRECT("C"&(ROW()-5)*8-2)) | ... AS8: =IF(SUM(INDIRECT(CHAR(COLUMN()+38)&(ROW()-5)*8-2&":"&CHAR(COLUMN()+38)&(ROW()-5)*8+5))=0,"",SUM(INDIRECT(CHAR(COLUMN()+38)&(ROW()-5)*8-2&":"&CHAR(COLUMN()+38)&(ROW()-5)*8+5))/INDIRECT("C"&(ROW()-5)*8-2)) | AT8: 3 | AU8: =IF(COUNT($AE8:$AS8)=0,"",PERCENTILE($AE8:$AS8,0.25)) | AV8: =IF(COUNT($AE8:$AS8)=0,"",MAX($AE8:$AS8)) | AW8: =IF(COUNT($AE8:$AS8)=0,"",MIN($AE8:$AS8)) | AX8: =IF(COUNT($AE8:$AS8)=0,"",PERCENTILE($AE8:$AS8,0.75))
T9: =IF(COUNT(E9:S9)=0,"",SUM(E9:S9)) | U9: =IF(COUNT(E9:S9)=0,"",SUMSQ(E9:S9)) | V9: =IF(COUNT(E9:S9)=0,"",AVERAGE(E9:S9)) | W9: =IF(COUNT(E9:S9)=0,"",STDEVP(E9:S9)) | X9: =IF(COUNT(E9:S9)=0,"",V9-1*W9) | Y9: =IF(COUNT(E9:S9)=0,"",V9+1*W9) | Z9: =IF(COUNT(E9:S9)=0,"",SUM(IF(AND(E9>X9,E9<Y9),E9,0),IF(AND(F9>X9,F9<Y9),F9,0),IF(AND(G9>X9,G9<Y9),G9,0),IF(AND(H9>X9,H9<Y9),H9,0),IF(AND(I9>X9,I9<Y9),I9,0),IF(AND(J9>X9,J9<Y9),J9,0),IF(AND(K9>X9,K9<Y9),K9,0),IF(AND(L9>X9,L9<Y9),L9,0),IF(AND(M9>X9,M9<Y9),M9,0),IF(AND(N9>X9,N9<Y9),N9,0),IF(AND(O9>X9,O9<Y9),O9,0),IF(AND(P9>X9,P9<Y9),P9,0),IF(AND(Q9>X9,Q9<Y9),Q9,0),IF(AND(R9>X9,R9<Y9),R9,0),IF(AND(S9>X9,S9<Y9),S9,0))/SUM(IF(AND(E9>X9,E9<Y9,E9<>0),1,0),IF(AND(F9>X9,F9<Y9,F9<>0),1,0),IF(AND(G9>X9,G9<Y9,G9<>0),1,0),IF(AND(H9>X9,H9<Y9,H9<>0),1,0),IF(AND(I9>X9,I9<Y9,I9<>0),1,0),IF(AND(J9>X9,J9<Y9,J9<>0),1,0),IF(AND(K9>X9,K9<Y9,K9<>0),1,0),IF(AND(L9>X9,L9<Y9,L9<>0),1,0),IF(AND(M9>X9,M9<Y9,M9<>0),1,0),IF(AND(N9>X9,N9<Y9,N9<>0),1,0),IF(AND(O9>X9,O9<Y9,O9<>0),1,0),IF(AND(P9>X9,P9<Y9,P9<>0),1,0),IF(AND(Q9>X9,Q9<Y9,Q9<>0),1,0),IF(AND(R9>X9,R9<Y9,R9<>0),1,0),IF(AND(S9>X9,S9<Y9,S9<>0),1,0))) | AA9: =IF(COUNT(E9:S9)=0,"",SUM(IF(AND(E9>X9,E9<Y9),E9,0),IF(AND(F9>X9,F9<Y9),F9,0),IF(AND(G9>X9,G9<Y9),G9,0),IF(AND(H9>X9,H9<Y9),H9,0),IF(AND(I9>X9,I9<Y9),I9,0),IF(AND(J9>X9,J9<Y9),J9,0),IF(AND(K9>X9,K9<Y9),K9,0),IF(AND(L9>X9,L9<Y9),L9,0),IF(AND(M9>X9,M9<Y9),M9,0),IF(AND(N9>X9,N9<Y9),N9,0),IF(AND(O9>X9,O9<Y9),O9,0),IF(AND(P9>X9,P9<Y9),P9,0),IF(AND(Q9>X9,Q9<Y9),Q9,0),IF(AND(R9>X9,R9<Y9),R9,0),IF(AND(S9>X9,S9<Y9),S9,0))) | AB9: =IF(COUNT(E9:S9)=0,"",SUMSQ(IF(AND(E9>X9,E9<Y9),E9,0),IF(AND(F9>X9,F9<Y9),F9,0),IF(AND(G9>X9,G9<Y9),G9,0),IF(AND(H9>X9,H9<Y9),H9,0),IF(AND(I9>X9,I9<Y9),I9,0),IF(AND(J9>X9,J9<Y9),J9,0),IF(AND(K9>X9,K9<Y9),K9,0),IF(AND(L9>X9,L9<Y9),L9,0),IF(AND(M9>X9,M9<Y9),M9,0),IF(AND(N9>X9,N9<Y9),N9,0),IF(AND(O9>X9,O9<Y9),O9,0),IF(AND(P9>X9,P9<Y9),P9,0),IF(AND(Q9>X9,Q9<Y9),Q9,0),IF(AND(R9>X9,R9<Y9),R9,0),IF(AND(S9>X9,S9<Y9),S9,0))) | AC9: =IF(COUNT(E9:S9)=0,"",POWER(40*SQRT(SUM(IF(AND(E9>X9,E9<Y9),1,0),IF(AND(F9>X9,F9<Y9),1,0),IF(AND(G9>X9,G9<Y9),1,0),IF(AND(H9>X9,H9<Y9),1,0),IF(AND(I9>X9,I9<Y9),1,0),IF(AND(J9>X9,J9<Y9),1,0),IF(AND(K9>X9,K9<Y9),1,0),IF(AND(L9>X9,L9<Y9),1,0),IF(AND(M9>X9,M9<Y9),1,0),IF(AND(N9>X9,N9<Y9),1,0),IF(AND(O9>X9,O9<Y9),1,0),IF(AND(P9>X9,P9<Y9),1,0),IF(AND(Q9>X9,Q9<Y9),1,0),IF(AND(R9>X9,R9<Y9),1,0),IF(AND(S9>X9,S9<Y9),1,0))*AB9-POWER(AA9,2))/AA9,2)) | AD9: 4 | AE9: =IF(SUM(INDIRECT(CHAR(COLUMN()+38)&(ROW()-5)*8-2&":"&CHAR(COLUMN()+38)&(ROW()-5)*8+5))=0,"",SUM(INDIRECT(CHAR(COLUMN()+38)&(ROW()-5)*8-2&":"&CHAR(COLUMN()+38)&(ROW()-5)*8+5))/INDIRECT("C"&(ROW()-5)*8-2)) | AF9: =IF(SUM(INDIRECT(CHAR(COLUMN()+38)&(ROW()-5)*8-2&":"&CHAR(COLUMN()+38)&(ROW()-5)*8+5))=0,"",SUM(INDIRECT(CHAR(COLUMN()+38)&(ROW()-5)*8-2&":"&CHAR(COLUMN()+38)&(ROW()-5)*8+5))/INDIRECT("C"&(ROW()-5)*8-2)) | AG9: =IF(SUM(INDIRECT(CHAR(COLUMN()+38)&(ROW()-5)*8-2&":"&CHAR(COLUMN()+38)&(ROW()-5)*8+5))=0,"",SUM(INDIRECT(CHAR(COLUMN()+38)&(ROW()-5)*8-2&":"&CHAR(COLUMN()+38)&(ROW()-5)*8+5))/INDIRECT("C"&(ROW()-5)*8-2)) | AH9: =IF(SUM(INDIRECT(CHAR(COLUMN()+38)&(ROW()-5)*8-2&":"&CHAR(COLUMN()+38)&(ROW()-5)*8+5))=0,"",SUM(INDIRECT(CHAR(COLUMN()+38)&(ROW()-5)*8-2&":"&CHAR(COLUMN()+38)&(ROW()-5)*8+5))/INDIRECT("C"&(ROW()-5)*8-2)) | AI9: =IF(SUM(INDIRECT(CHAR(COLUMN()+38)&(ROW()-5)*8-2&":"&CHAR(COLUMN()+38)&(ROW()-5)*8+5))=0,"",SUM(INDIRECT(CHAR(COLUMN()+38)&(ROW()-5)*8-2&":"&CHAR(COLUMN()+38)&(ROW()-5)*8+5))/INDIRECT("C"&(ROW()-5)*8-2)) | AJ9: =IF(SUM(INDIRECT(CHAR(COLUMN()+38)&(ROW()-5)*8-2&":"&CHAR(COLUMN()+38)&(ROW()-5)*8+5))=0,"",SUM(INDIRECT(CHAR(COLUMN()+38)&(ROW()-5)*8-2&":"&CHAR(COLUMN()+38)&(ROW()-5)*8+5))/INDIRECT("C"&(ROW()-5)*8-2)) | AK9: =IF(SUM(INDIRECT(CHAR(COLUMN()+38)&(ROW()-5)*8-2&":"&CHAR(COLUMN()+38)&(ROW()-5)*8+5))=0,"",SUM(INDIRECT(CHAR(COLUMN()+38)&(ROW()-5)*8-2&":"&CHAR(COLUMN()+38)&(ROW()-5)*8+5))/INDIRECT("C"&(ROW()-5)*8-2)) | AL9: =IF(SUM(INDIRECT(CHAR(COLUMN()+38)&(ROW()-5)*8-2&":"&CHAR(COLUMN()+38)&(ROW()-5)*8+5))=0,"",SUM(INDIRECT(CHAR(COLUMN()+38)&(ROW()-5)*8-2&":"&CHAR(COLUMN()+38)&(ROW()-5)*8+5))/INDIRECT("C"&(ROW()-5)*8-2)) | ... AS9: =IF(SUM(INDIRECT(CHAR(COLUMN()+38)&(ROW()-5)*8-2&":"&CHAR(COLUMN()+38)&(ROW()-5)*8+5))=0,"",SUM(INDIRECT(CHAR(COLUMN()+38)&(ROW()-5)*8-2&":"&CHAR(COLUMN()+38)&(ROW()-5)*8+5))/INDIRECT("C"&(ROW()-5)*8-2)) | AT9: 4 | AU9: =IF(COUNT($AE9:$AS9)=0,"",PERCENTILE($AE9:$AS9,0.25)) | AV9: =IF(COUNT($AE9:$AS9)=0,"",MAX($AE9:$AS9)) | AW9: =IF(COUNT($AE9:$AS9)=0,"",MIN($AE9:$AS9)) | AX9: =IF(COUNT($AE9:$AS9)=0,"",PERCENTILE($AE9:$AS9,0.75))
T10: =IF(COUNT(E10:S10)=0,"",SUM(E10:S10)) | U10: =IF(COUNT(E10:S10)=0,"",SUMSQ(E10:S10)) | V10: =IF(COUNT(E10:S10)=0,"",AVERAGE(E10:S10)) | W10: =IF(COUNT(E10:S10)=0,"",STDEVP(E10:S10)) | X10: =IF(COUNT(E10:S10)=0,"",V10-1*W10) | Y10: =IF(COUNT(E10:S10)=0,"",V10+1*W10) | Z10: =IF(COUNT(E10:S10)=0,"",SUM(IF(AND(E10>X10,E10<Y10),E10,0),IF(AND(F10>X10,F10<Y10),F10,0),IF(AND(G10>X10,G10<Y10),G10,0),IF(AND(H10>X10,H10<Y10),H10,0),IF(AND(I10>X10,I10<Y10),I10,0),IF(AND(J10>X10,J10<Y10),J10,0),IF(AND(K10>X10,K10<Y10),K10,0),IF(AND(L10>X10,L10<Y10),L10,0),IF(AND(M10>X10,M10<Y10),M10,0),IF(AND(N10>X10,N10<Y10),N10,0),IF(AND(O10>X10,O10<Y10),O10,0),IF(AND(P10>X10,P10<Y10),P10,0),IF(AND(Q10>X10,Q10<Y10),Q10,0),IF(AND(R10>X10,R10<Y10),R10,0),IF(AND(S10>X10,S10<Y10),S10,0))/SUM(IF(AND(E10>X10,E10<Y10,E10<>0),1,0),IF(AND(F10>X10,F10<Y10,F10<>0),1,0),IF(AND(G10>X10,G10<Y10,G10<>0),1,0),IF(AND(H10>X10,H10<Y10,H10<>0),1,0),IF(AND(I10>X10,I10<Y10,I10<>0),1,0),IF(AND(J10>X10,J10<Y10,J10<>0),1,0),IF(AND(K10>X10,K10<Y10,K10<>0),1,0),IF(AND(L10>X10,L10<Y10,L10<>0),1,0),IF(AND(M10>X10,M10<Y10,M10<>0),1,0),IF(AND(N10>X10,N10<Y10,N10<>0),1,0),IF(AND(O10>X10,O10<Y10,O10<>0),1,0),IF(AND(P10>X10,P10<Y10,P10<>0),1,0),IF(AND(Q10>X10,Q10<Y10,Q10<>0),1,0),IF(AND(R10>X10,R10<Y10,R10<>0),1,0),IF(AND(S10>X10,S10<Y10,S10<>0),1,0))) | AA10: =IF(COUNT(E10:S10)=0,"",SUM(IF(AND(E10>X10,E10<Y10),E10,0),IF(AND(F10>X10,F10<Y10),F10,0),IF(AND(G10>X10,G10<Y10),G10,0),IF(AND(H10>X10,H10<Y10),H10,0),IF(AND(I10>X10,I10<Y10),I10,0),IF(AND(J10>X10,J10<Y10),J10,0),IF(AND(K10>X10,K10<Y10),K10,0),IF(AND(L10>X10,L10<Y10),L10,0),IF(AND(M10>X10,M10<Y10),M10,0),IF(AND(N10>X10,N10<Y10),N10,0),IF(AND(O10>X10,O10<Y10),O10,0),IF(AND(P10>X10,P10<Y10),P10,0),IF(AND(Q10>X10,Q10<Y10),Q10,0),IF(AND(R10>X10,R10<Y10),R10,0),IF(AND(S10>X10,S10<Y10),S10,0))) | AB10: =IF(COUNT(E10:S10)=0,"",SUMSQ(IF(AND(E10>X10,E10<Y10),E10,0),IF(AND(F10>X10,F10<Y10),F10,0),IF(AND(G10>X10,G10<Y10),G10,0),IF(AND(H10>X10,H10<Y10),H10,0),IF(AND(I10>X10,I10<Y10),I10,0),IF(AND(J10>X10,J10<Y10),J10,0),IF(AND(K10>X10,K10<Y10),K10,0),IF(AND(L10>X10,L10<Y10),L10,0),IF(AND(M10>X10,M10<Y10),M10,0),IF(AND(N10>X10,N10<Y10),N10,0),IF(AND(O10>X10,O10<Y10),O10,0),IF(AND(P10>X10,P10<Y10),P10,0),IF(AND(Q10>X10,Q10<Y10),Q10,0),IF(AND(R10>X10,R10<Y10),R10,0),IF(AND(S10>X10,S10<Y10),S10,0))) | AC10: =IF(COUNT(E10:S10)=0,"",POWER(40*SQRT(SUM(IF(AND(E10>X10,E10<Y10),1,0),IF(AND(F10>X10,F10<Y10),1,0),IF(AND(G10>X10,G10<Y10),1,0),IF(AND(H10>X10,H10<Y10),1,0),IF(AND(I10>X10,I10<Y10),1,0),IF(AND(J10>X10,J10<Y10),1,0),IF(AND(K10>X10,K10<Y10),1,0),IF(AND(L10>X10,L10<Y10),1,0),IF(AND(M10>X10,M10<Y10),1,0),IF(AND(N10>X10,N10<Y10),1,0),IF(AND(O10>X10,O10<Y10),1,0),IF(AND(P10>X10,P10<Y10),1,0),IF(AND(Q10>X10,Q10<Y10),1,0),IF(AND(R10>X10,R10<Y10),1,0),IF(AND(S10>X10,S10<Y10),1,0))*AB10-POWER(AA10,2))/AA10,2)) | AD10: 5 | AE10: =IF(SUM(INDIRECT(CHAR(COLUMN()+38)&(ROW()-5)*8-2&":"&CHAR(COLUMN()+38)&(ROW()-5)*8+5))=0,"",SUM(INDIRECT(CHAR(COLUMN()+38)&(ROW()-5)*8-2&":"&CHAR(COLUMN()+38)&(ROW()-5)*8+5))/INDIRECT("C"&(ROW()-5)*8-2)) | AF10: =IF(SUM(INDIRECT(CHAR(COLUMN()+38)&(ROW()-5)*8-2&":"&CHAR(COLUMN()+38)&(ROW()-5)*8+5))=0,"",SUM(INDIRECT(CHAR(COLUMN()+38)&(ROW()-5)*8-2&":"&CHAR(COLUMN()+38)&(ROW()-5)*8+5))/INDIRECT("C"&(ROW()-5)*8-2)) | AG10: =IF(SUM(INDIRECT(CHAR(COLUMN()+38)&(ROW()-5)*8-2&":"&CHAR(COLUMN()+38)&(ROW()-5)*8+5))=0,"",SUM(INDIRECT(CHAR(COLUMN()+38)&(ROW()-5)*8-2&":"&CHAR(COLUMN()+38)&(ROW()-5)*8+5))/INDIRECT("C"&(ROW()-5)*8-2)) | AH10: =IF(SUM(INDIRECT(CHAR(COLUMN()+38)&(ROW()-5)*8-2&":"&CHAR(COLUMN()+38)&(ROW()-5)*8+5))=0,"",SUM(INDIRECT(CHAR(COLUMN()+38)&(ROW()-5)*8-2&":"&CHAR(COLUMN()+38)&(ROW()-5)*8+5))/INDIRECT("C"&(ROW()-5)*8-2)) | AI10: =IF(SUM(INDIRECT(CHAR(COLUMN()+38)&(ROW()-5)*8-2&":"&CHAR(COLUMN()+38)&(ROW()-5)*8+5))=0,"",SUM(INDIRECT(CHAR(COLUMN()+38)&(ROW()-5)*8-2&":"&CHAR(COLUMN()+38)&(ROW()-5)*8+5))/INDIRECT("C"&(ROW()-5)*8-2)) | AJ10: =IF(SUM(INDIRECT(CHAR(COLUMN()+38)&(ROW()-5)*8-2&":"&CHAR(COLUMN()+38)&(ROW()-5)*8+5))=0,"",SUM(INDIRECT(CHAR(COLUMN()+38)&(ROW()-5)*8-2&":"&CHAR(COLUMN()+38)&(ROW()-5)*8+5))/INDIRECT("C"&(ROW()-5)*8-2)) | AK10: =IF(SUM(INDIRECT(CHAR(COLUMN()+38)&(ROW()-5)*8-2&":"&CHAR(COLUMN()+38)&(ROW()-5)*8+5))=0,"",SUM(INDIRECT(CHAR(COLUMN()+38)&(ROW()-5)*8-2&":"&CHAR(COLUMN()+38)&(ROW()-5)*8+5))/INDIRECT("C"&(ROW()-5)*8-2)) | AL10: =IF(SUM(INDIRECT(CHAR(COLUMN()+38)&(ROW()-5)*8-2&":"&CHAR(COLUMN()+38)&(ROW()-5)*8+5))=0,"",SUM(INDIRECT(CHAR(COLUMN()+38)&(ROW()-5)*8-2&":"&CHAR(COLUMN()+38)&(ROW()-5)*8+5))/INDIRECT("C"&(ROW()-5)*8-2)) | ... AS10: =IF(SUM(INDIRECT(CHAR(COLUMN()+38)&(ROW()-5)*8-2&":"&CHAR(COLUMN()+38)&(ROW()-5)*8+5))=0,"",SUM(INDIRECT(CHAR(COLUMN()+38)&(ROW()-5)*8-2&":"&CHAR(COLUMN()+38)&(ROW()-5)*8+5))/INDIRECT("C"&(ROW()-5)*8-2)) | AT10: 5 | AU10: =IF(COUNT($AE10:$AS10)=0,"",PERCENTILE($AE10:$AS10,0.25)) | AV10: =IF(COUNT($AE10:$AS10)=0,"",MAX($AE10:$AS10)) | AW10: =IF(COUNT($AE10:$AS10)=0,"",MIN($AE10:$AS10)) | AX10: =IF(COUNT($AE10:$AS10)=0,"",PERCENTILE($AE10:$AS10,0.75))
T11: =IF(COUNT(E11:S11)=0,"",SUM(E11:S11)) | U11: =IF(COUNT(E11:S11)=0,"",SUMSQ(E11:S11)) | V11: =IF(COUNT(E11:S11)=0,"",AVERAGE(E11:S11)) | W11: =IF(COUNT(E11:S11)=0,"",STDEVP(E11:S11)) | X11: =IF(COUNT(E11:S11)=0,"",V11-1*W11) | Y11: =IF(COUNT(E11:S11)=0,"",V11+1*W11) | Z11: =IF(COUNT(E11:S11)=0,"",SUM(IF(AND(E11>X11,E11<Y11),E11,0),IF(AND(F11>X11,F11<Y11),F11,0),IF(AND(G11>X11,G11<Y11),G11,0),IF(AND(H11>X11,H11<Y11),H11,0),IF(AND(I11>X11,I11<Y11),I11,0),IF(AND(J11>X11,J11<Y11),J11,0),IF(AND(K11>X11,K11<Y11),K11,0),IF(AND(L11>X11,L11<Y11),L11,0),IF(AND(M11>X11,M11<Y11),M11,0),IF(AND(N11>X11,N11<Y11),N11,0),IF(AND(O11>X11,O11<Y11),O11,0),IF(AND(P11>X11,P11<Y11),P11,0),IF(AND(Q11>X11,Q11<Y11),Q11,0),IF(AND(R11>X11,R11<Y11),R11,0),IF(AND(S11>X11,S11<Y11),S11,0))/SUM(IF(AND(E11>X11,E11<Y11,E11<>0),1,0),IF(AND(F11>X11,F11<Y11,F11<>0),1,0),IF(AND(G11>X11,G11<Y11,G11<>0),1,0),IF(AND(H11>X11,H11<Y11,H11<>0),1,0),IF(AND(I11>X11,I11<Y11,I11<>0),1,0),IF(AND(J11>X11,J11<Y11,J11<>0),1,0),IF(AND(K11>X11,K11<Y11,K11<>0),1,0),IF(AND(L11>X11,L11<Y11,L11<>0),1,0),IF(AND(M11>X11,M11<Y11,M11<>0),1,0),IF(AND(N11>X11,N11<Y11,N11<>0),1,0),IF(AND(O11>X11,O11<Y11,O11<>0),1,0),IF(AND(P11>X11,P11<Y11,P11<>0),1,0),IF(AND(Q11>X11,Q11<Y11,Q11<>0),1,0),IF(AND(R11>X11,R11<Y11,R11<>0),1,0),IF(AND(S11>X11,S11<Y11,S11<>0),1,0))) | AA11: =IF(COUNT(E11:S11)=0,"",SUM(IF(AND(E11>X11,E11<Y11),E11,0),IF(AND(F11>X11,F11<Y11),F11,0),IF(AND(G11>X11,G11<Y11),G11,0),IF(AND(H11>X11,H11<Y11),H11,0),IF(AND(I11>X11,I11<Y11),I11,0),IF(AND(J11>X11,J11<Y11),J11,0),IF(AND(K11>X11,K11<Y11),K11,0),IF(AND(L11>X11,L11<Y11),L11,0),IF(AND(M11>X11,M11<Y11),M11,0),IF(AND(N11>X11,N11<Y11),N11,0),IF(AND(O11>X11,O11<Y11),O11,0),IF(AND(P11>X11,P11<Y11),P11,0),IF(AND(Q11>X11,Q11<Y11),Q11,0),IF(AND(R11>X11,R11<Y11),R11,0),IF(AND(S11>X11,S11<Y11),S11,0))) | AB11: =IF(COUNT(E11:S11)=0,"",SUMSQ(IF(AND(E11>X11,E11<Y11),E11,0),IF(AND(F11>X11,F11<Y11),F11,0),IF(AND(G11>X11,G11<Y11),G11,0),IF(AND(H11>X11,H11<Y11),H11,0),IF(AND(I11>X11,I11<Y11),I11,0),IF(AND(J11>X11,J11<Y11),J11,0),IF(AND(K11>X11,K11<Y11),K11,0),IF(AND(L11>X11,L11<Y11),L11,0),IF(AND(M11>X11,M11<Y11),M11,0),IF(AND(N11>X11,N11<Y11),N11,0),IF(AND(O11>X11,O11<Y11),O11,0),IF(AND(P11>X11,P11<Y11),P11,0),IF(AND(Q11>X11,Q11<Y11),Q11,0),IF(AND(R11>X11,R11<Y11),R11,0),IF(AND(S11>X11,S11<Y11),S11,0))) | AC11: =IF(COUNT(E11:S11)=0,"",POWER(40*SQRT(SUM(IF(AND(E11>X11,E11<Y11),1,0),IF(AND(F11>X11,F11<Y11),1,0),IF(AND(G11>X11,G11<Y11),1,0),IF(AND(H11>X11,H11<Y11),1,0),IF(AND(I11>X11,I11<Y11),1,0),IF(AND(J11>X11,J11<Y11),1,0),IF(AND(K11>X11,K11<Y11),1,0),IF(AND(L11>X11,L11<Y11),1,0),IF(AND(M11>X11,M11<Y11),1,0),IF(AND(N11>X11,N11<Y11),1,0),IF(AND(O11>X11,O11<Y11),1,0),IF(AND(P11>X11,P11<Y11),1,0),IF(AND(Q11>X11,Q11<Y11),1,0),IF(AND(R11>X11,R11<Y11),1,0),IF(AND(S11>X11,S11<Y11),1,0))*AB11-POWER(AA11,2))/AA11,2)) | AD11: 6 | AE11: =IF(SUM(INDIRECT(CHAR(COLUMN()+38)&(ROW()-5)*8-2&":"&CHAR(COLUMN()+38)&(ROW()-5)*8+5))=0,"",SUM(INDIRECT(CHAR(COLUMN()+38)&(ROW()-5)*8-2&":"&CHAR(COLUMN()+38)&(ROW()-5)*8+5))/INDIRECT("C"&(ROW()-5)*8-2)) | AF11: =IF(SUM(INDIRECT(CHAR(COLUMN()+38)&(ROW()-5)*8-2&":"&CHAR(COLUMN()+38)&(ROW()-5)*8+5))=0,"",SUM(INDIRECT(CHAR(COLUMN()+38)&(ROW()-5)*8-2&":"&CHAR(COLUMN()+38)&(ROW()-5)*8+5))/INDIRECT("C"&(ROW()-5)*8-2)) | AG11: =IF(SUM(INDIRECT(CHAR(COLUMN()+38)&(ROW()-5)*8-2&":"&CHAR(COLUMN()+38)&(ROW()-5)*8+5))=0,"",SUM(INDIRECT(CHAR(COLUMN()+38)&(ROW()-5)*8-2&":"&CHAR(COLUMN()+38)&(ROW()-5)*8+5))/INDIRECT("C"&(ROW()-5)*8-2)) | AH11: =IF(SUM(INDIRECT(CHAR(COLUMN()+38)&(ROW()-5)*8-2&":"&CHAR(COLUMN()+38)&(ROW()-5)*8+5))=0,"",SUM(INDIRECT(CHAR(COLUMN()+38)&(ROW()-5)*8-2&":"&CHAR(COLUMN()+38)&(ROW()-5)*8+5))/INDIRECT("C"&(ROW()-5)*8-2)) | AI11: =IF(SUM(INDIRECT(CHAR(COLUMN()+38)&(ROW()-5)*8-2&":"&CHAR(COLUMN()+38)&(ROW()-5)*8+5))=0,"",SUM(INDIRECT(CHAR(COLUMN()+38)&(ROW()-5)*8-2&":"&CHAR(COLUMN()+38)&(ROW()-5)*8+5))/INDIRECT("C"&(ROW()-5)*8-2)) | AJ11: =IF(SUM(INDIRECT(CHAR(COLUMN()+38)&(ROW()-5)*8-2&":"&CHAR(COLUMN()+38)&(ROW()-5)*8+5))=0,"",SUM(INDIRECT(CHAR(COLUMN()+38)&(ROW()-5)*8-2&":"&CHAR(COLUMN()+38)&(ROW()-5)*8+5))/INDIRECT("C"&(ROW()-5)*8-2)) | AK11: =IF(SUM(INDIRECT(CHAR(COLUMN()+38)&(ROW()-5)*8-2&":"&CHAR(COLUMN()+38)&(ROW()-5)*8+5))=0,"",SUM(INDIRECT(CHAR(COLUMN()+38)&(ROW()-5)*8-2&":"&CHAR(COLUMN()+38)&(ROW()-5)*8+5))/INDIRECT("C"&(ROW()-5)*8-2)) | AL11: =IF(SUM(INDIRECT(CHAR(COLUMN()+38)&(ROW()-5)*8-2&":"&CHAR(COLUMN()+38)&(ROW()-5)*8+5))=0,"",SUM(INDIRECT(CHAR(COLUMN()+38)&(ROW()-5)*8-2&":"&CHAR(COLUMN()+38)&(ROW()-5)*8+5))/INDIRECT("C"&(ROW()-5)*8-2)) | ... AS11: =IF(SUM(INDIRECT(CHAR(COLUMN()+38)&(ROW()-5)*8-2&":"&CHAR(COLUMN()+38)&(ROW()-5)*8+5))=0,"",SUM(INDIRECT(CHAR(COLUMN()+38)&(ROW()-5)*8-2&":"&CHAR(COLUMN()+38)&(ROW()-5)*8+5))/INDIRECT("C"&(ROW()-5)*8-2)) | AT11: 6 | AU11: =IF(COUNT($AE11:$AS11)=0,"",PERCENTILE($AE11:$AS11,0.25)) | AV11: =IF(COUNT($AE11:$AS11)=0,"",MAX($AE11:$AS11)) | AW11: =IF(COUNT($AE11:$AS11)=0,"",MIN($AE11:$AS11)) | AX11: =IF(COUNT($AE11:$AS11)=0,"",PERCENTILE($AE11:$AS11,0.75))
T12: =IF(COUNT(E12:S12)=0,"",SUM(E12:S12)) | U12: =IF(COUNT(E12:S12)=0,"",SUMSQ(E12:S12)) | V12: =IF(COUNT(E12:S12)=0,"",AVERAGE(E12:S12)) | W12: =IF(COUNT(E12:S12)=0,"",STDEVP(E12:S12)) | X12: =IF(COUNT(E12:S12)=0,"",V12-1*W12) | Y12: =IF(COUNT(E12:S12)=0,"",V12+1*W12) | Z12: =IF(COUNT(E12:S12)=0,"",SUM(IF(AND(E12>X12,E12<Y12),E12,0),IF(AND(F12>X12,F12<Y12),F12,0),IF(AND(G12>X12,G12<Y12),G12,0),IF(AND(H12>X12,H12<Y12),H12,0),IF(AND(I12>X12,I12<Y12),I12,0),IF(AND(J12>X12,J12<Y12),J12,0),IF(AND(K12>X12,K12<Y12),K12,0),IF(AND(L12>X12,L12<Y12),L12,0),IF(AND(M12>X12,M12<Y12),M12,0),IF(AND(N12>X12,N12<Y12),N12,0),IF(AND(O12>X12,O12<Y12),O12,0),IF(AND(P12>X12,P12<Y12),P12,0),IF(AND(Q12>X12,Q12<Y12),Q12,0),IF(AND(R12>X12,R12<Y12),R12,0),IF(AND(S12>X12,S12<Y12),S12,0))/SUM(IF(AND(E12>X12,E12<Y12,E12<>0),1,0),IF(AND(F12>X12,F12<Y12,F12<>0),1,0),IF(AND(G12>X12,G12<Y12,G12<>0),1,0),IF(AND(H12>X12,H12<Y12,H12<>0),1,0),IF(AND(I12>X12,I12<Y12,I12<>0),1,0),IF(AND(J12>X12,J12<Y12,J12<>0),1,0),IF(AND(K12>X12,K12<Y12,K12<>0),1,0),IF(AND(L12>X12,L12<Y12,L12<>0),1,0),IF(AND(M12>X12,M12<Y12,M12<>0),1,0),IF(AND(N12>X12,N12<Y12,N12<>0),1,0),IF(AND(O12>X12,O12<Y12,O12<>0),1,0),IF(AND(P12>X12,P12<Y12,P12<>0),1,0),IF(AND(Q12>X12,Q12<Y12,Q12<>0),1,0),IF(AND(R12>X12,R12<Y12,R12<>0),1,0),IF(AND(S12>X12,S12<Y12,S12<>0),1,0))) | AA12: =IF(COUNT(E12:S12)=0,"",SUM(IF(AND(E12>X12,E12<Y12),E12,0),IF(AND(F12>X12,F12<Y12),F12,0),IF(AND(G12>X12,G12<Y12),G12,0),IF(AND(H12>X12,H12<Y12),H12,0),IF(AND(I12>X12,I12<Y12),I12,0),IF(AND(J12>X12,J12<Y12),J12,0),IF(AND(K12>X12,K12<Y12),K12,0),IF(AND(L12>X12,L12<Y12),L12,0),IF(AND(M12>X12,M12<Y12),M12,0),IF(AND(N12>X12,N12<Y12),N12,0),IF(AND(O12>X12,O12<Y12),O12,0),IF(AND(P12>X12,P12<Y12),P12,0),IF(AND(Q12>X12,Q12<Y12),Q12,0),IF(AND(R12>X12,R12<Y12),R12,0),IF(AND(S12>X12,S12<Y12),S12,0))) | AB12: =IF(COUNT(E12:S12)=0,"",SUMSQ(IF(AND(E12>X12,E12<Y12),E12,0),IF(AND(F12>X12,F12<Y12),F12,0),IF(AND(G12>X12,G12<Y12),G12,0),IF(AND(H12>X12,H12<Y12),H12,0),IF(AND(I12>X12,I12<Y12),I12,0),IF(AND(J12>X12,J12<Y12),J12,0),IF(AND(K12>X12,K12<Y12),K12,0),IF(AND(L12>X12,L12<Y12),L12,0),IF(AND(M12>X12,M12<Y12),M12,0),IF(AND(N12>X12,N12<Y12),N12,0),IF(AND(O12>X12,O12<Y12),O12,0),IF(AND(P12>X12,P12<Y12),P12,0),IF(AND(Q12>X12,Q12<Y12),Q12,0),IF(AND(R12>X12,R12<Y12),R12,0),IF(AND(S12>X12,S12<Y12),S12,0))) | AC12: =IF(COUNT(E12:S12)=0,"",POWER(40*SQRT(SUM(IF(AND(E12>X12,E12<Y12),1,0),IF(AND(F12>X12,F12<Y12),1,0),IF(AND(G12>X12,G12<Y12),1,0),IF(AND(H12>X12,H12<Y12),1,0),IF(AND(I12>X12,I12<Y12),1,0),IF(AND(J12>X12,J12<Y12),1,0),IF(AND(K12>X12,K12<Y12),1,0),IF(AND(L12>X12,L12<Y12),1,0),IF(AND(M12>X12,M12<Y12),1,0),IF(AND(N12>X12,N12<Y12),1,0),IF(AND(O12>X12,O12<Y12),1,0),IF(AND(P12>X12,P12<Y12),1,0),IF(AND(Q12>X12,Q12<Y12),1,0),IF(AND(R12>X12,R12<Y12),1,0),IF(AND(S12>X12,S12<Y12),1,0))*AB12-POWER(AA12,2))/AA12,2)) | AD12: 7 | AE12: =IF(SUM(INDIRECT(CHAR(COLUMN()+38)&(ROW()-5)*8-2&":"&CHAR(COLUMN()+38)&(ROW()-5)*8+5))=0,"",SUM(INDIRECT(CHAR(COLUMN()+38)&(ROW()-5)*8-2&":"&CHAR(COLUMN()+38)&(ROW()-5)*8+5))/INDIRECT("C"&(ROW()-5)*8-2)) | AF12: =IF(SUM(INDIRECT(CHAR(COLUMN()+38)&(ROW()-5)*8-2&":"&CHAR(COLUMN()+38)&(ROW()-5)*8+5))=0,"",SUM(INDIRECT(CHAR(COLUMN()+38)&(ROW()-5)*8-2&":"&CHAR(COLUMN()+38)&(ROW()-5)*8+5))/INDIRECT("C"&(ROW()-5)*8-2)) | AG12: =IF(SUM(INDIRECT(CHAR(COLUMN()+38)&(ROW()-5)*8-2&":"&CHAR(COLUMN()+38)&(ROW()-5)*8+5))=0,"",SUM(INDIRECT(CHAR(COLUMN()+38)&(ROW()-5)*8-2&":"&CHAR(COLUMN()+38)&(ROW()-5)*8+5))/INDIRECT("C"&(ROW()-5)*8-2)) | AH12: =IF(SUM(INDIRECT(CHAR(COLUMN()+38)&(ROW()-5)*8-2&":"&CHAR(COLUMN()+38)&(ROW()-5)*8+5))=0,"",SUM(INDIRECT(CHAR(COLUMN()+38)&(ROW()-5)*8-2&":"&CHAR(COLUMN()+38)&(ROW()-5)*8+5))/INDIRECT("C"&(ROW()-5)*8-2)) | AI12: =IF(SUM(INDIRECT(CHAR(COLUMN()+38)&(ROW()-5)*8-2&":"&CHAR(COLUMN()+38)&(ROW()-5)*8+5))=0,"",SUM(INDIRECT(CHAR(COLUMN()+38)&(ROW()-5)*8-2&":"&CHAR(COLUMN()+38)&(ROW()-5)*8+5))/INDIRECT("C"&(ROW()-5)*8-2)) | AJ12: =IF(SUM(INDIRECT(CHAR(COLUMN()+38)&(ROW()-5)*8-2&":"&CHAR(COLUMN()+38)&(ROW()-5)*8+5))=0,"",SUM(INDIRECT(CHAR(COLUMN()+38)&(ROW()-5)*8-2&":"&CHAR(COLUMN()+38)&(ROW()-5)*8+5))/INDIRECT("C"&(ROW()-5)*8-2)) | AK12: =IF(SUM(INDIRECT(CHAR(COLUMN()+38)&(ROW()-5)*8-2&":"&CHAR(COLUMN()+38)&(ROW()-5)*8+5))=0,"",SUM(INDIRECT(CHAR(COLUMN()+38)&(ROW()-5)*8-2&":"&CHAR(COLUMN()+38)&(ROW()-5)*8+5))/INDIRECT("C"&(ROW()-5)*8-2)) | AL12: =IF(SUM(INDIRECT(CHAR(COLUMN()+38)&(ROW()-5)*8-2&":"&CHAR(COLUMN()+38)&(ROW()-5)*8+5))=0,"",SUM(INDIRECT(CHAR(COLUMN()+38)&(ROW()-5)*8-2&":"&CHAR(COLUMN()+38)&(ROW()-5)*8+5))/INDIRECT("C"&(ROW()-5)*8-2)) | ... AS12: =IF(SUM(INDIRECT(CHAR(COLUMN()+38)&(ROW()-5)*8-2&":"&CHAR(COLUMN()+38)&(ROW()-5)*8+5))=0,"",SUM(INDIRECT(CHAR(COLUMN()+38)&(ROW()-5)*8-2&":"&CHAR(COLUMN()+38)&(ROW()-5)*8+5))/INDIRECT("C"&(ROW()-5)*8-2)) | AT12: 7 | AU12: =IF(COUNT($AE12:$AS12)=0,"",PERCENTILE($AE12:$AS12,0.25)) | AV12: =IF(COUNT($AE12:$AS12)=0,"",MAX($AE12:$AS12)) | AW12: =IF(COUNT($AE12:$AS12)=0,"",MIN($AE12:$AS12)) | AX12: =IF(COUNT($AE12:$AS12)=0,"",PERCENTILE($AE12:$AS12,0.75))
T13: =IF(COUNT(E13:S13)=0,"",SUM(E13:S13)) | U13: =IF(COUNT(E13:S13)=0,"",SUMSQ(E13:S13)) | V13: =IF(COUNT(E13:S13)=0,"",AVERAGE(E13:S13)) | W13: =IF(COUNT(E13:S13)=0,"",STDEVP(E13:S13)) | X13: =IF(COUNT(E13:S13)=0,"",V13-1*W13) | Y13: =IF(COUNT(E13:S13)=0,"",V13+1*W13) | AA13: =IF(COUNT(E13:S13)=0,"",SUM(IF(AND(E13>X13,E13<Y13),E13,0),IF(AND(F13>X13,F13<Y13),F13,0),IF(AND(G13>X13,G13<Y13),G13,0),IF(AND(H13>X13,H13<Y13),H13,0),IF(AND(I13>X13,I13<Y13),I13,0),IF(AND(J13>X13,J13<Y13),J13,0),IF(AND(K13>X13,K13<Y13),K13,0),IF(AND(L13>X13,L13<Y13),L13,0),IF(AND(M13>X13,M13<Y13),M13,0),IF(AND(N13>X13,N13<Y13),N13,0),IF(AND(O13>X13,O13<Y13),O13,0),IF(AND(P13>X13,P13<Y13),P13,0),IF(AND(Q13>X13,Q13<Y13),Q13,0),IF(AND(R13>X13,R13<Y13),R13,0),IF(AND(S13>X13,S13<Y13),S13,0))) | AB13: =IF(COUNT(E13:S13)=0,"",SUMSQ(IF(AND(E13>X13,E13<Y13),E13,0),IF(AND(F13>X13,F13<Y13),F13,0),IF(AND(G13>X13,G13<Y13),G13,0),IF(AND(H13>X13,H13<Y13),H13,0),IF(AND(I13>X13,I13<Y13),I13,0),IF(AND(J13>X13,J13<Y13),J13,0),IF(AND(K13>X13,K13<Y13),K13,0),IF(AND(L13>X13,L13<Y13),L13,0),IF(AND(M13>X13,M13<Y13),M13,0),IF(AND(N13>X13,N13<Y13),N13,0),IF(AND(O13>X13,O13<Y13),O13,0),IF(AND(P13>X13,P13<Y13),P13,0),IF(AND(Q13>X13,Q13<Y13),Q13,0),IF(AND(R13>X13,R13<Y13),R13,0),IF(AND(S13>X13,S13<Y13),S13,0))) | AC13: =IF(COUNT(E13:S13)=0,"",POWER(40*SQRT(SUM(IF(AND(E13>X13,E13<Y13),1,0),IF(AND(F13>X13,F13<Y13),1,0),IF(AND(G13>X13,G13<Y13),1,0),IF(AND(H13>X13,H13<Y13),1,0),IF(AND(I13>X13,I13<Y13),1,0),IF(AND(J13>X13,J13<Y13),1,0),IF(AND(K13>X13,K13<Y13),1,0),IF(AND(L13>X13,L13<Y13),1,0),IF(AND(M13>X13,M13<Y13),1,0),IF(AND(N13>X13,N13<Y13),1,0),IF(AND(O13>X13,O13<Y13),1,0),IF(AND(P13>X13,P13<Y13),1,0),IF(AND(Q13>X13,Q13<Y13),1,0),IF(AND(R13>X13,R13<Y13),1,0),IF(AND(S13>X13,S13<Y13),1,0))*AB13-POWER(AA13,2))/AA13,2)) | AD13: 8 | AE13: =IF(SUM(INDIRECT(CHAR(COLUMN()+38)&(ROW()-5)*8-2&":"&CHAR(COLUMN()+38)&(ROW()-5)*8+5))=0,"",SUM(INDIRECT(CHAR(COLUMN()+38)&(ROW()-5)*8-2&":"&CHAR(COLUMN()+38)&(ROW()-5)*8+5))/INDIRECT("C"&(ROW()-5)*8-2)) | AF13: =IF(SUM(INDIRECT(CHAR(COLUMN()+38)&(ROW()-5)*8-2&":"&CHAR(COLUMN()+38)&(ROW()-5)*8+5))=0,"",SUM(INDIRECT(CHAR(COLUMN()+38)&(ROW()-5)*8-2&":"&CHAR(COLUMN()+38)&(ROW()-5)*8+5))/INDIRECT("C"&(ROW()-5)*8-2)) | AG13: =IF(SUM(INDIRECT(CHAR(COLUMN()+38)&(ROW()-5)*8-2&":"&CHAR(COLUMN()+38)&(ROW()-5)*8+5))=0,"",SUM(INDIRECT(CHAR(COLUMN()+38)&(ROW()-5)*8-2&":"&CHAR(COLUMN()+38)&(ROW()-5)*8+5))/INDIRECT("C"&(ROW()-5)*8-2)) | AH13: =IF(SUM(INDIRECT(CHAR(COLUMN()+38)&(ROW()-5)*8-2&":"&CHAR(COLUMN()+38)&(ROW()-5)*8+5))=0,"",SUM(INDIRECT(CHAR(COLUMN()+38)&(ROW()-5)*8-2&":"&CHAR(COLUMN()+38)&(ROW()-5)*8+5))/INDIRECT("C"&(ROW()-5)*8-2)) | AI13: =IF(SUM(INDIRECT(CHAR(COLUMN()+38)&(ROW()-5)*8-2&":"&CHAR(COLUMN()+38)&(ROW()-5)*8+5))=0,"",SUM(INDIRECT(CHAR(COLUMN()+38)&(ROW()-5)*8-2&":"&CHAR(COLUMN()+38)&(ROW()-5)*8+5))/INDIRECT("C"&(ROW()-5)*8-2)) | AJ13: =IF(SUM(INDIRECT(CHAR(COLUMN()+38)&(ROW()-5)*8-2&":"&CHAR(COLUMN()+38)&(ROW()-5)*8+5))=0,"",SUM(INDIRECT(CHAR(COLUMN()+38)&(ROW()-5)*8-2&":"&CHAR(COLUMN()+38)&(ROW()-5)*8+5))/INDIRECT("C"&(ROW()-5)*8-2)) | AK13: =IF(SUM(INDIRECT(CHAR(COLUMN()+38)&(ROW()-5)*8-2&":"&CHAR(COLUMN()+38)&(ROW()-5)*8+5))=0,"",SUM(INDIRECT(CHAR(COLUMN()+38)&(ROW()-5)*8-2&":"&CHAR(COLUMN()+38)&(ROW()-5)*8+5))/INDIRECT("C"&(ROW()-5)*8-2)) | AL13: =IF(SUM(INDIRECT(CHAR(COLUMN()+38)&(ROW()-5)*8-2&":"&CHAR(COLUMN()+38)&(ROW()-5)*8+5))=0,"",SUM(INDIRECT(CHAR(COLUMN()+38)&(ROW()-5)*8-2&":"&CHAR(COLUMN()+38)&(ROW()-5)*8+5))/INDIRECT("C"&(ROW()-5)*8-2)) | ... AS13: =IF(SUM(INDIRECT(CHAR(COLUMN()+38)&(ROW()-5)*8-2&":"&CHAR(COLUMN()+38)&(ROW()-5)*8+5))=0,"",SUM(INDIRECT(CHAR(COLUMN()+38)&(ROW()-5)*8-2&":"&CHAR(COLUMN()+38)&(ROW()-5)*8+5))/INDIRECT("C"&(ROW()-5)*8-2)) | AT13: 8 | AU13: =IF(COUNT($AE13:$AS13)=0,"",PERCENTILE($AE13:$AS13,0.25)) | AV13: =IF(COUNT($AE13:$AS13)=0,"",MAX($AE13:$AS13)) | AW13: =IF(COUNT($AE13:$AS13)=0,"",MIN($AE13:$AS13)) | AX13: =IF(COUNT($AE13:$AS13)=0,"",PERCENTILE($AE13:$AS13,0.75))
A14: 2 | T14: =IF(COUNT(E14:S14)=0,"",SUM(E14:S14)) | U14: =IF(COUNT(E14:S14)=0,"",SUMSQ(E14:S14)) | V14: =IF(COUNT(E14:S14)=0,"",AVERAGE(E14:S14)) | W14: =IF(COUNT(E14:S14)=0,"",STDEVP(E14:S14)) | X14: =IF(COUNT(E14:S14)=0,"",V14-1*W14) | Y14: =IF(COUNT(E14:S14)=0,"",V14+1*W14) | Z14: =IF(COUNT(E14:S14)=0,"",SUM(IF(AND(E14>X14,E14<Y14),E14,0),IF(AND(F14>X14,F14<Y14),F14,0),IF(AND(G14>X14,G14<Y14),G14,0),IF(AND(H14>X14,H14<Y14),H14,0),IF(AND(I14>X14,I14<Y14),I14,0),IF(AND(J14>X14,J14<Y14),J14,0),IF(AND(K14>X14,K14<Y14),K14,0),IF(AND(L14>X14,L14<Y14),L14,0),IF(AND(M14>X14,M14<Y14),M14,0),IF(AND(N14>X14,N14<Y14),N14,0),IF(AND(O14>X14,O14<Y14),O14,0),IF(AND(P14>X14,P14<Y14),P14,0),IF(AND(Q14>X14,Q14<Y14),Q14,0),IF(AND(R14>X14,R14<Y14),R14,0),IF(AND(S14>X14,S14<Y14),S14,0))/SUM(IF(AND(E14>X14,E14<Y14,E14<>0),1,0),IF(AND(F14>X14,F14<Y14,F14<>0),1,0),IF(AND(G14>X14,G14<Y14,G14<>0),1,0),IF(AND(H14>X14,H14<Y14,H14<>0),1,0),IF(AND(I14>X14,I14<Y14,I14<>0),1,0),IF(AND(J14>X14,J14<Y14,J14<>0),1,0),IF(AND(K14>X14,K14<Y14,K14<>0),1,0),IF(AND(L14>X14,L14<Y14,L14<>0),1,0),IF(AND(M14>X14,M14<Y14,M14<>0),1,0),IF(AND(N14>X14,N14<Y14,N14<>0),1,0),IF(AND(O14>X14,O14<Y14,O14<>0),1,0),IF(AND(P14>X14,P14<Y14,P14<>0),1,0),IF(AND(Q14>X14,Q14<Y14,Q14<>0),1,0),IF(AND(R14>X14,R14<Y14,R14<>0),1,0),IF(AND(S14>X14,S14<Y14,S14<>0),1,0))) | AA14: =IF(COUNT(E14:S14)=0,"",SUM(IF(AND(E14>X14,E14<Y14),E14,0),IF(AND(F14>X14,F14<Y14),F14,0),IF(AND(G14>X14,G14<Y14),G14,0),IF(AND(H14>X14,H14<Y14),H14,0),IF(AND(I14>X14,I14<Y14),I14,0),IF(AND(J14>X14,J14<Y14),J14,0),IF(AND(K14>X14,K14<Y14),K14,0),IF(AND(L14>X14,L14<Y14),L14,0),IF(AND(M14>X14,M14<Y14),M14,0),IF(AND(N14>X14,N14<Y14),N14,0),IF(AND(O14>X14,O14<Y14),O14,0),IF(AND(P14>X14,P14<Y14),P14,0),IF(AND(Q14>X14,Q14<Y14),Q14,0),IF(AND(R14>X14,R14<Y14),R14,0),IF(AND(S14>X14,S14<Y14),S14,0))) | AB14: =IF(COUNT(E14:S14)=0,"",SUMSQ(IF(AND(E14>X14,E14<Y14),E14,0),IF(AND(F14>X14,F14<Y14),F14,0),IF(AND(G14>X14,G14<Y14),G14,0),IF(AND(H14>X14,H14<Y14),H14,0),IF(AND(I14>X14,I14<Y14),I14,0),IF(AND(J14>X14,J14<Y14),J14,0),IF(AND(K14>X14,K14<Y14),K14,0),IF(AND(L14>X14,L14<Y14),L14,0),IF(AND(M14>X14,M14<Y14),M14,0),IF(AND(N14>X14,N14<Y14),N14,0),IF(AND(O14>X14,O14<Y14),O14,0),IF(AND(P14>X14,P14<Y14),P14,0),IF(AND(Q14>X14,Q14<Y14),Q14,0),IF(AND(R14>X14,R14<Y14),R14,0),IF(AND(S14>X14,S14<Y14),S14,0))) | AC14: =IF(COUNT(E14:S14)=0,"",POWER(40*SQRT(SUM(IF(AND(E14>X14,E14<Y14),1,0),IF(AND(F14>X14,F14<Y14),1,0),IF(AND(G14>X14,G14<Y14),1,0),IF(AND(H14>X14,H14<Y14),1,0),IF(AND(I14>X14,I14<Y14),1,0),IF(AND(J14>X14,J14<Y14),1,0),IF(AND(K14>X14,K14<Y14),1,0),IF(AND(L14>X14,L14<Y14),1,0),IF(AND(M14>X14,M14<Y14),1,0),IF(AND(N14>X14,N14<Y14),1,0),IF(AND(O14>X14,O14<Y14),1,0),IF(AND(P14>X14,P14<Y14),1,0),IF(AND(Q14>X14,Q14<Y14),1,0),IF(AND(R14>X14,R14<Y14),1,0),IF(AND(S14>X14,S14<Y14),1,0))*AB14-POWER(AA14,2))/AA14,2)) | AD14: 9 | AE14: =IF(SUM(INDIRECT(CHAR(COLUMN()+38)&(ROW()-5)*8-2&":"&CHAR(COLUMN()+38)&(ROW()-5)*8+5))=0,"",SUM(INDIRECT(CHAR(COLUMN()+38)&(ROW()-5)*8-2&":"&CHAR(COLUMN()+38)&(ROW()-5)*8+5))/INDIRECT("C"&(ROW()-5)*8-2)) | AF14: =IF(SUM(INDIRECT(CHAR(COLUMN()+38)&(ROW()-5)*8-2&":"&CHAR(COLUMN()+38)&(ROW()-5)*8+5))=0,"",SUM(INDIRECT(CHAR(COLUMN()+38)&(ROW()-5)*8-2&":"&CHAR(COLUMN()+38)&(ROW()-5)*8+5))/INDIRECT("C"&(ROW()-5)*8-2)) | AG14: =IF(SUM(INDIRECT(CHAR(COLUMN()+38)&(ROW()-5)*8-2&":"&CHAR(COLUMN()+38)&(ROW()-5)*8+5))=0,"",SUM(INDIRECT(CHAR(COLUMN()+38)&(ROW()-5)*8-2&":"&CHAR(COLUMN()+38)&(ROW()-5)*8+5))/INDIRECT("C"&(ROW()-5)*8-2)) | AH14: =IF(SUM(INDIRECT(CHAR(COLUMN()+38)&(ROW()-5)*8-2&":"&CHAR(COLUMN()+38)&(ROW()-5)*8+5))=0,"",SUM(INDIRECT(CHAR(COLUMN()+38)&(ROW()-5)*8-2&":"&CHAR(COLUMN()+38)&(ROW()-5)*8+5))/INDIRECT("C"&(ROW()-5)*8-2)) | AI14: =IF(SUM(INDIRECT(CHAR(COLUMN()+38)&(ROW()-5)*8-2&":"&CHAR(COLUMN()+38)&(ROW()-5)*8+5))=0,"",SUM(INDIRECT(CHAR(COLUMN()+38)&(ROW()-5)*8-2&":"&CHAR(COLUMN()+38)&(ROW()-5)*8+5))/INDIRECT("C"&(ROW()-5)*8-2)) | AJ14: =IF(SUM(INDIRECT(CHAR(COLUMN()+38)&(ROW()-5)*8-2&":"&CHAR(COLUMN()+38)&(ROW()-5)*8+5))=0,"",SUM(INDIRECT(CHAR(COLUMN()+38)&(ROW()-5)*8-2&":"&CHAR(COLUMN()+38)&(ROW()-5)*8+5))/INDIRECT("C"&(ROW()-5)*8-2)) | AK14: =IF(SUM(INDIRECT(CHAR(COLUMN()+38)&(ROW()-5)*8-2&":"&CHAR(COLUMN()+38)&(ROW()-5)*8+5))=0,"",SUM(INDIRECT(CHAR(COLUMN()+38)&(ROW()-5)*8-2&":"&CHAR(COLUMN()+38)&(ROW()-5)*8+5))/INDIRECT("C"&(ROW()-5)*8-2)) | AL14: =IF(SUM(INDIRECT(CHAR(COLUMN()+38)&(ROW()-5)*8-2&":"&CHAR(COLUMN()+38)&(ROW()-5)*8+5))=0,"",SUM(INDIRECT(CHAR(COLUMN()+38)&(ROW()-5)*8-2&":"&CHAR(COLUMN()+38)&(ROW()-5)*8+5))/INDIRECT("C"&(ROW()-5)*8-2)) | ... AS14: =IF(SUM(INDIRECT(CHAR(COLUMN()+38)&(ROW()-5)*8-2&":"&CHAR(COLUMN()+38)&(ROW()-5)*8+5))=0,"",SUM(INDIRECT(CHAR(COLUMN()+38)&(ROW()-5)*8-2&":"&CHAR(COLUMN()+38)&(ROW()-5)*8+5))/INDIRECT("C"&(ROW()-5)*8-2)) | AT14: 9 | AU14: =IF(COUNT($AE14:$AS14)=0,"",PERCENTILE($AE14:$AS14,0.25)) | AV14: =IF(COUNT($AE14:$AS14)=0,"",MAX($AE14:$AS14)) | AW14: =IF(COUNT($AE14:$AS14)=0,"",MIN($AE14:$AS14)) | AX14: =IF(COUNT($AE14:$AS14)=0,"",PERCENTILE($AE14:$AS14,0.75))
T15: =IF(COUNT(E15:S15)=0,"",SUM(E15:S15)) | U15: =IF(COUNT(E15:S15)=0,"",SUMSQ(E15:S15)) | V15: =IF(COUNT(E15:S15)=0,"",AVERAGE(E15:S15)) | W15: =IF(COUNT(E15:S15)=0,"",STDEVP(E15:S15)) | X15: =IF(COUNT(E15:S15)=0,"",V15-1*W15) | Y15: =IF(COUNT(E15:S15)=0,"",V15+1*W15) | Z15: =IF(COUNT(E15:S15)=0,"",SUM(IF(AND(E15>X15,E15<Y15),E15,0),IF(AND(F15>X15,F15<Y15),F15,0),IF(AND(G15>X15,G15<Y15),G15,0),IF(AND(H15>X15,H15<Y15),H15,0),IF(AND(I15>X15,I15<Y15),I15,0),IF(AND(J15>X15,J15<Y15),J15,0),IF(AND(K15>X15,K15<Y15),K15,0),IF(AND(L15>X15,L15<Y15),L15,0),IF(AND(M15>X15,M15<Y15),M15,0),IF(AND(N15>X15,N15<Y15),N15,0),IF(AND(O15>X15,O15<Y15),O15,0),IF(AND(P15>X15,P15<Y15),P15,0),IF(AND(Q15>X15,Q15<Y15),Q15,0),IF(AND(R15>X15,R15<Y15),R15,0),IF(AND(S15>X15,S15<Y15),S15,0))/SUM(IF(AND(E15>X15,E15<Y15,E15<>0),1,0),IF(AND(F15>X15,F15<Y15,F15<>0),1,0),IF(AND(G15>X15,G15<Y15,G15<>0),1,0),IF(AND(H15>X15,H15<Y15,H15<>0),1,0),IF(AND(I15>X15,I15<Y15,I15<>0),1,0),IF(AND(J15>X15,J15<Y15,J15<>0),1,0),IF(AND(K15>X15,K15<Y15,K15<>0),1,0),IF(AND(L15>X15,L15<Y15,L15<>0),1,0),IF(AND(M15>X15,M15<Y15,M15<>0),1,0),IF(AND(N15>X15,N15<Y15,N15<>0),1,0),IF(AND(O15>X15,O15<Y15,O15<>0),1,0),IF(AND(P15>X15,P15<Y15,P15<>0),1,0),IF(AND(Q15>X15,Q15<Y15,Q15<>0),1,0),IF(AND(R15>X15,R15<Y15,R15<>0),1,0),IF(AND(S15>X15,S15<Y15,S15<>0),1,0))) | AA15: =IF(COUNT(E15:S15)=0,"",SUM(IF(AND(E15>X15,E15<Y15),E15,0),IF(AND(F15>X15,F15<Y15),F15,0),IF(AND(G15>X15,G15<Y15),G15,0),IF(AND(H15>X15,H15<Y15),H15,0),IF(AND(I15>X15,I15<Y15),I15,0),IF(AND(J15>X15,J15<Y15),J15,0),IF(AND(K15>X15,K15<Y15),K15,0),IF(AND(L15>X15,L15<Y15),L15,0),IF(AND(M15>X15,M15<Y15),M15,0),IF(AND(N15>X15,N15<Y15),N15,0),IF(AND(O15>X15,O15<Y15),O15,0),IF(AND(P15>X15,P15<Y15),P15,0),IF(AND(Q15>X15,Q15<Y15),Q15,0),IF(AND(R15>X15,R15<Y15),R15,0),IF(AND(S15>X15,S15<Y15),S15,0))) | AB15: =IF(COUNT(E15:S15)=0,"",SUMSQ(IF(AND(E15>X15,E15<Y15),E15,0),IF(AND(F15>X15,F15<Y15),F15,0),IF(AND(G15>X15,G15<Y15),G15,0),IF(AND(H15>X15,H15<Y15),H15,0),IF(AND(I15>X15,I15<Y15),I15,0),IF(AND(J15>X15,J15<Y15),J15,0),IF(AND(K15>X15,K15<Y15),K15,0),IF(AND(L15>X15,L15<Y15),L15,0),IF(AND(M15>X15,M15<Y15),M15,0),IF(AND(N15>X15,N15<Y15),N15,0),IF(AND(O15>X15,O15<Y15),O15,0),IF(AND(P15>X15,P15<Y15),P15,0),IF(AND(Q15>X15,Q15<Y15),Q15,0),IF(AND(R15>X15,R15<Y15),R15,0),IF(AND(S15>X15,S15<Y15),S15,0))) | AC15: =IF(COUNT(E15:S15)=0,"",POWER(40*SQRT(SUM(IF(AND(E15>X15,E15<Y15),1,0),IF(AND(F15>X15,F15<Y15),1,0),IF(AND(G15>X15,G15<Y15),1,0),IF(AND(H15>X15,H15<Y15),1,0),IF(AND(I15>X15,I15<Y15),1,0),IF(AND(J15>X15,J15<Y15),1,0),IF(AND(K15>X15,K15<Y15),1,0),IF(AND(L15>X15,L15<Y15),1,0),IF(AND(M15>X15,M15<Y15),1,0),IF(AND(N15>X15,N15<Y15),1,0),IF(AND(O15>X15,O15<Y15),1,0),IF(AND(P15>X15,P15<Y15),1,0),IF(AND(Q15>X15,Q15<Y15),1,0),IF(AND(R15>X15,R15<Y15),1,0),IF(AND(S15>X15,S15<Y15),1,0))*AB15-POWER(AA15,2))/AA15,2)) | AD15: 10 | AE15: =IF(SUM(INDIRECT(CHAR(COLUMN()+38)&(ROW()-5)*8-2&":"&CHAR(COLUMN()+38)&(ROW()-5)*8+5))=0,"",SUM(INDIRECT(CHAR(COLUMN()+38)&(ROW()-5)*8-2&":"&CHAR(COLUMN()+38)&(ROW()-5)*8+5))/INDIRECT("C"&(ROW()-5)*8-2)) | AF15: =IF(SUM(INDIRECT(CHAR(COLUMN()+38)&(ROW()-5)*8-2&":"&CHAR(COLUMN()+38)&(ROW()-5)*8+5))=0,"",SUM(INDIRECT(CHAR(COLUMN()+38)&(ROW()-5)*8-2&":"&CHAR(COLUMN()+38)&(ROW()-5)*8+5))/INDIRECT("C"&(ROW()-5)*8-2)) | AG15: =IF(SUM(INDIRECT(CHAR(COLUMN()+38)&(ROW()-5)*8-2&":"&CHAR(COLUMN()+38)&(ROW()-5)*8+5))=0,"",SUM(INDIRECT(CHAR(COLUMN()+38)&(ROW()-5)*8-2&":"&CHAR(COLUMN()+38)&(ROW()-5)*8+5))/INDIRECT("C"&(ROW()-5)*8-2)) | AH15: =IF(SUM(INDIRECT(CHAR(COLUMN()+38)&(ROW()-5)*8-2&":"&CHAR(COLUMN()+38)&(ROW()-5)*8+5))=0,"",SUM(INDIRECT(CHAR(COLUMN()+38)&(ROW()-5)*8-2&":"&CHAR(COLUMN()+38)&(ROW()-5)*8+5))/INDIRECT("C"&(ROW()-5)*8-2)) | AI15: =IF(SUM(INDIRECT(CHAR(COLUMN()+38)&(ROW()-5)*8-2&":"&CHAR(COLUMN()+38)&(ROW()-5)*8+5))=0,"",SUM(INDIRECT(CHAR(COLUMN()+38)&(ROW()-5)*8-2&":"&CHAR(COLUMN()+38)&(ROW()-5)*8+5))/INDIRECT("C"&(ROW()-5)*8-2)) | AJ15: =IF(SUM(INDIRECT(CHAR(COLUMN()+38)&(ROW()-5)*8-2&":"&CHAR(COLUMN()+38)&(ROW()-5)*8+5))=0,"",SUM(INDIRECT(CHAR(COLUMN()+38)&(ROW()-5)*8-2&":"&CHAR(COLUMN()+38)&(ROW()-5)*8+5))/INDIRECT("C"&(ROW()-5)*8-2)) | AK15: =IF(SUM(INDIRECT(CHAR(COLUMN()+38)&(ROW()-5)*8-2&":"&CHAR(COLUMN()+38)&(ROW()-5)*8+5))=0,"",SUM(INDIRECT(CHAR(COLUMN()+38)&(ROW()-5)*8-2&":"&CHAR(COLUMN()+38)&(ROW()-5)*8+5))/INDIRECT("C"&(ROW()-5)*8-2)) | AL15: =IF(SUM(INDIRECT(CHAR(COLUMN()+38)&(ROW()-5)*8-2&":"&CHAR(COLUMN()+38)&(ROW()-5)*8+5))=0,"",SUM(INDIRECT(CHAR(COLUMN()+38)&(ROW()-5)*8-2&":"&CHAR(COLUMN()+38)&(ROW()-5)*8+5))/INDIRECT("C"&(ROW()-5)*8-2)) | ... AS15: =IF(SUM(INDIRECT(CHAR(COLUMN()+38)&(ROW()-5)*8-2&":"&CHAR(COLUMN()+38)&(ROW()-5)*8+5))=0,"",SUM(INDIRECT(CHAR(COLUMN()+38)&(ROW()-5)*8-2&":"&CHAR(COLUMN()+38)&(ROW()-5)*8+5))/INDIRECT("C"&(ROW()-5)*8-2)) | AT15: 10 | AU15: =IF(COUNT($AE15:$AS15)=0,"",PERCENTILE($AE15:$AS15,0.25)) | AV15: =IF(COUNT($AE15:$AS15)=0,"",MAX($AE15:$AS15)) | AW15: =IF(COUNT($AE15:$AS15)=0,"",MIN($AE15:$AS15)) | AX15: =IF(COUNT($AE15:$AS15)=0,"",PERCENTILE($AE15:$AS15,0.75))
T16: =IF(COUNT(E16:S16)=0,"",SUM(E16:S16)) | U16: =IF(COUNT(E16:S16)=0,"",SUMSQ(E16:S16)) | V16: =IF(COUNT(E16:S16)=0,"",AVERAGE(E16:S16)) | W16: =IF(COUNT(E16:S16)=0,"",STDEVP(E16:S16)) | X16: =IF(COUNT(E16:S16)=0,"",V16-1*W16) | Y16: =IF(COUNT(E16:S16)=0,"",V16+1*W16) | Z16: =IF(COUNT(E16:S16)=0,"",SUM(IF(AND(E16>X16,E16<Y16),E16,0),IF(AND(F16>X16,F16<Y16),F16,0),IF(AND(G16>X16,G16<Y16),G16,0),IF(AND(H16>X16,H16<Y16),H16,0),IF(AND(I16>X16,I16<Y16),I16,0),IF(AND(J16>X16,J16<Y16),J16,0),IF(AND(K16>X16,K16<Y16),K16,0),IF(AND(L16>X16,L16<Y16),L16,0),IF(AND(M16>X16,M16<Y16),M16,0),IF(AND(N16>X16,N16<Y16),N16,0),IF(AND(O16>X16,O16<Y16),O16,0),IF(AND(P16>X16,P16<Y16),P16,0),IF(AND(Q16>X16,Q16<Y16),Q16,0),IF(AND(R16>X16,R16<Y16),R16,0),IF(AND(S16>X16,S16<Y16),S16,0))/SUM(IF(AND(E16>X16,E16<Y16,E16<>0),1,0),IF(AND(F16>X16,F16<Y16,F16<>0),1,0),IF(AND(G16>X16,G16<Y16,G16<>0),1,0),IF(AND(H16>X16,H16<Y16,H16<>0),1,0),IF(AND(I16>X16,I16<Y16,I16<>0),1,0),IF(AND(J16>X16,J16<Y16,J16<>0),1,0),IF(AND(K16>X16,K16<Y16,K16<>0),1,0),IF(AND(L16>X16,L16<Y16,L16<>0),1,0),IF(AND(M16>X16,M16<Y16,M16<>0),1,0),IF(AND(N16>X16,N16<Y16,N16<>0),1,0),IF(AND(O16>X16,O16<Y16,O16<>0),1,0),IF(AND(P16>X16,P16<Y16,P16<>0),1,0),IF(AND(Q16>X16,Q16<Y16,Q16<>0),1,0),IF(AND(R16>X16,R16<Y16,R16<>0),1,0),IF(AND(S16>X16,S16<Y16,S16<>0),1,0))) | AA16: =IF(COUNT(E16:S16)=0,"",SUM(IF(AND(E16>X16,E16<Y16),E16,0),IF(AND(F16>X16,F16<Y16),F16,0),IF(AND(G16>X16,G16<Y16),G16,0),IF(AND(H16>X16,H16<Y16),H16,0),IF(AND(I16>X16,I16<Y16),I16,0),IF(AND(J16>X16,J16<Y16),J16,0),IF(AND(K16>X16,K16<Y16),K16,0),IF(AND(L16>X16,L16<Y16),L16,0),IF(AND(M16>X16,M16<Y16),M16,0),IF(AND(N16>X16,N16<Y16),N16,0),IF(AND(O16>X16,O16<Y16),O16,0),IF(AND(P16>X16,P16<Y16),P16,0),IF(AND(Q16>X16,Q16<Y16),Q16,0),IF(AND(R16>X16,R16<Y16),R16,0),IF(AND(S16>X16,S16<Y16),S16,0))) | AB16: =IF(COUNT(E16:S16)=0,"",SUMSQ(IF(AND(E16>X16,E16<Y16),E16,0),IF(AND(F16>X16,F16<Y16),F16,0),IF(AND(G16>X16,G16<Y16),G16,0),IF(AND(H16>X16,H16<Y16),H16,0),IF(AND(I16>X16,I16<Y16),I16,0),IF(AND(J16>X16,J16<Y16),J16,0),IF(AND(K16>X16,K16<Y16),K16,0),IF(AND(L16>X16,L16<Y16),L16,0),IF(AND(M16>X16,M16<Y16),M16,0),IF(AND(N16>X16,N16<Y16),N16,0),IF(AND(O16>X16,O16<Y16),O16,0),IF(AND(P16>X16,P16<Y16),P16,0),IF(AND(Q16>X16,Q16<Y16),Q16,0),IF(AND(R16>X16,R16<Y16),R16,0),IF(AND(S16>X16,S16<Y16),S16,0))) | AC16: =IF(COUNT(E16:S16)=0,"",POWER(40*SQRT(SUM(IF(AND(E16>X16,E16<Y16),1,0),IF(AND(F16>X16,F16<Y16),1,0),IF(AND(G16>X16,G16<Y16),1,0),IF(AND(H16>X16,H16<Y16),1,0),IF(AND(I16>X16,I16<Y16),1,0),IF(AND(J16>X16,J16<Y16),1,0),IF(AND(K16>X16,K16<Y16),1,0),IF(AND(L16>X16,L16<Y16),1,0),IF(AND(M16>X16,M16<Y16),1,0),IF(AND(N16>X16,N16<Y16),1,0),IF(AND(O16>X16,O16<Y16),1,0),IF(AND(P16>X16,P16<Y16),1,0),IF(AND(Q16>X16,Q16<Y16),1,0),IF(AND(R16>X16,R16<Y16),1,0),IF(AND(S16>X16,S16<Y16),1,0))*AB16-POWER(AA16,2))/AA16,2)) | AD16: 11 | AE16: =IF(SUM(INDIRECT(CHAR(COLUMN()+38)&(ROW()-5)*8-2&":"&CHAR(COLUMN()+38)&(ROW()-5)*8+5))=0,"",SUM(INDIRECT(CHAR(COLUMN()+38)&(ROW()-5)*8-2&":"&CHAR(COLUMN()+38)&(ROW()-5)*8+5))/INDIRECT("C"&(ROW()-5)*8-2)) | AF16: =IF(SUM(INDIRECT(CHAR(COLUMN()+38)&(ROW()-5)*8-2&":"&CHAR(COLUMN()+38)&(ROW()-5)*8+5))=0,"",SUM(INDIRECT(CHAR(COLUMN()+38)&(ROW()-5)*8-2&":"&CHAR(COLUMN()+38)&(ROW()-5)*8+5))/INDIRECT("C"&(ROW()-5)*8-2)) | AG16: =IF(SUM(INDIRECT(CHAR(COLUMN()+38)&(ROW()-5)*8-2&":"&CHAR(COLUMN()+38)&(ROW()-5)*8+5))=0,"",SUM(INDIRECT(CHAR(COLUMN()+38)&(ROW()-5)*8-2&":"&CHAR(COLUMN()+38)&(ROW()-5)*8+5))/INDIRECT("C"&(ROW()-5)*8-2)) | AH16: =IF(SUM(INDIRECT(CHAR(COLUMN()+38)&(ROW()-5)*8-2&":"&CHAR(COLUMN()+38)&(ROW()-5)*8+5))=0,"",SUM(INDIRECT(CHAR(COLUMN()+38)&(ROW()-5)*8-2&":"&CHAR(COLUMN()+38)&(ROW()-5)*8+5))/INDIRECT("C"&(ROW()-5)*8-2)) | AI16: =IF(SUM(INDIRECT(CHAR(COLUMN()+38)&(ROW()-5)*8-2&":"&CHAR(COLUMN()+38)&(ROW()-5)*8+5))=0,"",SUM(INDIRECT(CHAR(COLUMN()+38)&(ROW()-5)*8-2&":"&CHAR(COLUMN()+38)&(ROW()-5)*8+5))/INDIRECT("C"&(ROW()-5)*8-2)) | AJ16: =IF(SUM(INDIRECT(CHAR(COLUMN()+38)&(ROW()-5)*8-2&":"&CHAR(COLUMN()+38)&(ROW()-5)*8+5))=0,"",SUM(INDIRECT(CHAR(COLUMN()+38)&(ROW()-5)*8-2&":"&CHAR(COLUMN()+38)&(ROW()-5)*8+5))/INDIRECT("C"&(ROW()-5)*8-2)) | AK16: =IF(SUM(INDIRECT(CHAR(COLUMN()+38)&(ROW()-5)*8-2&":"&CHAR(COLUMN()+38)&(ROW()-5)*8+5))=0,"",SUM(INDIRECT(CHAR(COLUMN()+38)&(ROW()-5)*8-2&":"&CHAR(COLUMN()+38)&(ROW()-5)*8+5))/INDIRECT("C"&(ROW()-5)*8-2)) | AL16: =IF(SUM(INDIRECT(CHAR(COLUMN()+38)&(ROW()-5)*8-2&":"&CHAR(COLUMN()+38)&(ROW()-5)*8+5))=0,"",SUM(INDIRECT(CHAR(COLUMN()+38)&(ROW()-5)*8-2&":"&CHAR(COLUMN()+38)&(ROW()-5)*8+5))/INDIRECT("C"&(ROW()-5)*8-2)) | ... AS16: =IF(SUM(INDIRECT(CHAR(COLUMN()+38)&(ROW()-5)*8-2&":"&CHAR(COLUMN()+38)&(ROW()-5)*8+5))=0,"",SUM(INDIRECT(CHAR(COLUMN()+38)&(ROW()-5)*8-2&":"&CHAR(COLUMN()+38)&(ROW()-5)*8+5))/INDIRECT("C"&(ROW()-5)*8-2)) | AT16: 11 | AU16: =IF(COUNT($AE16:$AS16)=0,"",PERCENTILE($AE16:$AS16,0.25)) | AV16: =IF(COUNT($AE16:$AS16)=0,"",MAX($AE16:$AS16)) | AW16: =IF(COUNT($AE16:$AS16)=0,"",MIN($AE16:$AS16)) | AX16: =IF(COUNT($AE16:$AS16)=0,"",PERCENTILE($AE16:$AS16,0.75))
T17: =IF(COUNT(E17:S17)=0,"",SUM(E17:S17)) | U17: =IF(COUNT(E17:S17)=0,"",SUMSQ(E17:S17)) | V17: =IF(COUNT(E17:S17)=0,"",AVERAGE(E17:S17)) | W17: =IF(COUNT(E17:S17)=0,"",STDEVP(E17:S17)) | X17: =IF(COUNT(E17:S17)=0,"",V17-1*W17) | Y17: =IF(COUNT(E17:S17)=0,"",V17+1*W17) | Z17: =IF(COUNT(E17:S17)=0,"",SUM(IF(AND(E17>X17,E17<Y17),E17,0),IF(AND(F17>X17,F17<Y17),F17,0),IF(AND(G17>X17,G17<Y17),G17,0),IF(AND(H17>X17,H17<Y17),H17,0),IF(AND(I17>X17,I17<Y17),I17,0),IF(AND(J17>X17,J17<Y17),J17,0),IF(AND(K17>X17,K17<Y17),K17,0),IF(AND(L17>X17,L17<Y17),L17,0),IF(AND(M17>X17,M17<Y17),M17,0),IF(AND(N17>X17,N17<Y17),N17,0),IF(AND(O17>X17,O17<Y17),O17,0),IF(AND(P17>X17,P17<Y17),P17,0),IF(AND(Q17>X17,Q17<Y17),Q17,0),IF(AND(R17>X17,R17<Y17),R17,0),IF(AND(S17>X17,S17<Y17),S17,0))/SUM(IF(AND(E17>X17,E17<Y17,E17<>0),1,0),IF(AND(F17>X17,F17<Y17,F17<>0),1,0),IF(AND(G17>X17,G17<Y17,G17<>0),1,0),IF(AND(H17>X17,H17<Y17,H17<>0),1,0),IF(AND(I17>X17,I17<Y17,I17<>0),1,0),IF(AND(J17>X17,J17<Y17,J17<>0),1,0),IF(AND(K17>X17,K17<Y17,K17<>0),1,0),IF(AND(L17>X17,L17<Y17,L17<>0),1,0),IF(AND(M17>X17,M17<Y17,M17<>0),1,0),IF(AND(N17>X17,N17<Y17,N17<>0),1,0),IF(AND(O17>X17,O17<Y17,O17<>0),1,0),IF(AND(P17>X17,P17<Y17,P17<>0),1,0),IF(AND(Q17>X17,Q17<Y17,Q17<>0),1,0),IF(AND(R17>X17,R17<Y17,R17<>0),1,0),IF(AND(S17>X17,S17<Y17,S17<>0),1,0))) | AA17: =IF(COUNT(E17:S17)=0,"",SUM(IF(AND(E17>X17,E17<Y17),E17,0),IF(AND(F17>X17,F17<Y17),F17,0),IF(AND(G17>X17,G17<Y17),G17,0),IF(AND(H17>X17,H17<Y17),H17,0),IF(AND(I17>X17,I17<Y17),I17,0),IF(AND(J17>X17,J17<Y17),J17,0),IF(AND(K17>X17,K17<Y17),K17,0),IF(AND(L17>X17,L17<Y17),L17,0),IF(AND(M17>X17,M17<Y17),M17,0),IF(AND(N17>X17,N17<Y17),N17,0),IF(AND(O17>X17,O17<Y17),O17,0),IF(AND(P17>X17,P17<Y17),P17,0),IF(AND(Q17>X17,Q17<Y17),Q17,0),IF(AND(R17>X17,R17<Y17),R17,0),IF(AND(S17>X17,S17<Y17),S17,0))) | AB17: =IF(COUNT(E17:S17)=0,"",SUMSQ(IF(AND(E17>X17,E17<Y17),E17,0),IF(AND(F17>X17,F17<Y17),F17,0),IF(AND(G17>X17,G17<Y17),G17,0),IF(AND(H17>X17,H17<Y17),H17,0),IF(AND(I17>X17,I17<Y17),I17,0),IF(AND(J17>X17,J17<Y17),J17,0),IF(AND(K17>X17,K17<Y17),K17,0),IF(AND(L17>X17,L17<Y17),L17,0),IF(AND(M17>X17,M17<Y17),M17,0),IF(AND(N17>X17,N17<Y17),N17,0),IF(AND(O17>X17,O17<Y17),O17,0),IF(AND(P17>X17,P17<Y17),P17,0),IF(AND(Q17>X17,Q17<Y17),Q17,0),IF(AND(R17>X17,R17<Y17),R17,0),IF(AND(S17>X17,S17<Y17),S17,0))) | AC17: =IF(COUNT(E17:S17)=0,"",POWER(40*SQRT(SUM(IF(AND(E17>X17,E17<Y17),1,0),IF(AND(F17>X17,F17<Y17),1,0),IF(AND(G17>X17,G17<Y17),1,0),IF(AND(H17>X17,H17<Y17),1,0),IF(AND(I17>X17,I17<Y17),1,0),IF(AND(J17>X17,J17<Y17),1,0),IF(AND(K17>X17,K17<Y17),1,0),IF(AND(L17>X17,L17<Y17),1,0),IF(AND(M17>X17,M17<Y17),1,0),IF(AND(N17>X17,N17<Y17),1,0),IF(AND(O17>X17,O17<Y17),1,0),IF(AND(P17>X17,P17<Y17),1,0),IF(AND(Q17>X17,Q17<Y17),1,0),IF(AND(R17>X17,R17<Y17),1,0),IF(AND(S17>X17,S17<Y17),1,0))*AB17-POWER(AA17,2))/AA17,2)) | AD17: 12 | AE17: =IF(SUM(INDIRECT(CHAR(COLUMN()+38)&(ROW()-5)*8-2&":"&CHAR(COLUMN()+38)&(ROW()-5)*8+5))=0,"",SUM(INDIRECT(CHAR(COLUMN()+38)&(ROW()-5)*8-2&":"&CHAR(COLUMN()+38)&(ROW()-5)*8+5))/INDIRECT("C"&(ROW()-5)*8-2)) | AF17: =IF(SUM(INDIRECT(CHAR(COLUMN()+38)&(ROW()-5)*8-2&":"&CHAR(COLUMN()+38)&(ROW()-5)*8+5))=0,"",SUM(INDIRECT(CHAR(COLUMN()+38)&(ROW()-5)*8-2&":"&CHAR(COLUMN()+38)&(ROW()-5)*8+5))/INDIRECT("C"&(ROW()-5)*8-2)) | AG17: =IF(SUM(INDIRECT(CHAR(COLUMN()+38)&(ROW()-5)*8-2&":"&CHAR(COLUMN()+38)&(ROW()-5)*8+5))=0,"",SUM(INDIRECT(CHAR(COLUMN()+38)&(ROW()-5)*8-2&":"&CHAR(COLUMN()+38)&(ROW()-5)*8+5))/INDIRECT("C"&(ROW()-5)*8-2)) | AH17: =IF(SUM(INDIRECT(CHAR(COLUMN()+38)&(ROW()-5)*8-2&":"&CHAR(COLUMN()+38)&(ROW()-5)*8+5))=0,"",SUM(INDIRECT(CHAR(COLUMN()+38)&(ROW()-5)*8-2&":"&CHAR(COLUMN()+38)&(ROW()-5)*8+5))/INDIRECT("C"&(ROW()-5)*8-2)) | AI17: =IF(SUM(INDIRECT(CHAR(COLUMN()+38)&(ROW()-5)*8-2&":"&CHAR(COLUMN()+38)&(ROW()-5)*8+5))=0,"",SUM(INDIRECT(CHAR(COLUMN()+38)&(ROW()-5)*8-2&":"&CHAR(COLUMN()+38)&(ROW()-5)*8+5))/INDIRECT("C"&(ROW()-5)*8-2)) | AJ17: =IF(SUM(INDIRECT(CHAR(COLUMN()+38)&(ROW()-5)*8-2&":"&CHAR(COLUMN()+38)&(ROW()-5)*8+5))=0,"",SUM(INDIRECT(CHAR(COLUMN()+38)&(ROW()-5)*8-2&":"&CHAR(COLUMN()+38)&(ROW()-5)*8+5))/INDIRECT("C"&(ROW()-5)*8-2)) | AK17: =IF(SUM(INDIRECT(CHAR(COLUMN()+38)&(ROW()-5)*8-2&":"&CHAR(COLUMN()+38)&(ROW()-5)*8+5))=0,"",SUM(INDIRECT(CHAR(COLUMN()+38)&(ROW()-5)*8-2&":"&CHAR(COLUMN()+38)&(ROW()-5)*8+5))/INDIRECT("C"&(ROW()-5)*8-2)) | AL17: =IF(SUM(INDIRECT(CHAR(COLUMN()+38)&(ROW()-5)*8-2&":"&CHAR(COLUMN()+38)&(ROW()-5)*8+5))=0,"",SUM(INDIRECT(CHAR(COLUMN()+38)&(ROW()-5)*8-2&":"&CHAR(COLUMN()+38)&(ROW()-5)*8+5))/INDIRECT("C"&(ROW()-5)*8-2)) | ... AS17: =IF(SUM(INDIRECT(CHAR(COLUMN()+38)&(ROW()-5)*8-2&":"&CHAR(COLUMN()+38)&(ROW()-5)*8+5))=0,"",SUM(INDIRECT(CHAR(COLUMN()+38)&(ROW()-5)*8-2&":"&CHAR(COLUMN()+38)&(ROW()-5)*8+5))/INDIRECT("C"&(ROW()-5)*8-2)) | AT17: 12 | AU17: =IF(COUNT($AE17:$AS17)=0,"",PERCENTILE($AE17:$AS17,0.25)) | AV17: =IF(COUNT($AE17:$AS17)=0,"",MAX($AE17:$AS17)) | AW17: =IF(COUNT($AE17:$AS17)=0,"",MIN($AE17:$AS17)) | AX17: =IF(COUNT($AE17:$AS17)=0,"",PERCENTILE($AE17:$AS17,0.75))
T18: =IF(COUNT(E18:S18)=0,"",SUM(E18:S18)) | U18: =IF(COUNT(E18:S18)=0,"",SUMSQ(E18:S18)) | V18: =IF(COUNT(E18:S18)=0,"",AVERAGE(E18:S18)) | W18: =IF(COUNT(E18:S18)=0,"",STDEVP(E18:S18)) | X18: =IF(COUNT(E18:S18)=0,"",V18-1*W18) | Y18: =IF(COUNT(E18:S18)=0,"",V18+1*W18) | Z18: =IF(COUNT(E18:S18)=0,"",SUM(IF(AND(E18>X18,E18<Y18),E18,0),IF(AND(F18>X18,F18<Y18),F18,0),IF(AND(G18>X18,G18<Y18),G18,0),IF(AND(H18>X18,H18<Y18),H18,0),IF(AND(I18>X18,I18<Y18),I18,0),IF(AND(J18>X18,J18<Y18),J18,0),IF(AND(K18>X18,K18<Y18),K18,0),IF(AND(L18>X18,L18<Y18),L18,0),IF(AND(M18>X18,M18<Y18),M18,0),IF(AND(N18>X18,N18<Y18),N18,0),IF(AND(O18>X18,O18<Y18),O18,0),IF(AND(P18>X18,P18<Y18),P18,0),IF(AND(Q18>X18,Q18<Y18),Q18,0),IF(AND(R18>X18,R18<Y18),R18,0),IF(AND(S18>X18,S18<Y18),S18,0))/SUM(IF(AND(E18>X18,E18<Y18,E18<>0),1,0),IF(AND(F18>X18,F18<Y18,F18<>0),1,0),IF(AND(G18>X18,G18<Y18,G18<>0),1,0),IF(AND(H18>X18,H18<Y18,H18<>0),1,0),IF(AND(I18>X18,I18<Y18,I18<>0),1,0),IF(AND(J18>X18,J18<Y18,J18<>0),1,0),IF(AND(K18>X18,K18<Y18,K18<>0),1,0),IF(AND(L18>X18,L18<Y18,L18<>0),1,0),IF(AND(M18>X18,M18<Y18,M18<>0),1,0),IF(AND(N18>X18,N18<Y18,N18<>0),1,0),IF(AND(O18>X18,O18<Y18,O18<>0),1,0),IF(AND(P18>X18,P18<Y18,P18<>0),1,0),IF(AND(Q18>X18,Q18<Y18,Q18<>0),1,0),IF(AND(R18>X18,R18<Y18,R18<>0),1,0),IF(AND(S18>X18,S18<Y18,S18<>0),1,0))) | AA18: =IF(COUNT(E18:S18)=0,"",SUM(IF(AND(E18>X18,E18<Y18),E18,0),IF(AND(F18>X18,F18<Y18),F18,0),IF(AND(G18>X18,G18<Y18),G18,0),IF(AND(H18>X18,H18<Y18),H18,0),IF(AND(I18>X18,I18<Y18),I18,0),IF(AND(J18>X18,J18<Y18),J18,0),IF(AND(K18>X18,K18<Y18),K18,0),IF(AND(L18>X18,L18<Y18),L18,0),IF(AND(M18>X18,M18<Y18),M18,0),IF(AND(N18>X18,N18<Y18),N18,0),IF(AND(O18>X18,O18<Y18),O18,0),IF(AND(P18>X18,P18<Y18),P18,0),IF(AND(Q18>X18,Q18<Y18),Q18,0),IF(AND(R18>X18,R18<Y18),R18,0),IF(AND(S18>X18,S18<Y18),S18,0))) | AB18: =IF(COUNT(E18:S18)=0,"",SUMSQ(IF(AND(E18>X18,E18<Y18),E18,0),IF(AND(F18>X18,F18<Y18),F18,0),IF(AND(G18>X18,G18<Y18),G18,0),IF(AND(H18>X18,H18<Y18),H18,0),IF(AND(I18>X18,I18<Y18),I18,0),IF(AND(J18>X18,J18<Y18),J18,0),IF(AND(K18>X18,K18<Y18),K18,0),IF(AND(L18>X18,L18<Y18),L18,0),IF(AND(M18>X18,M18<Y18),M18,0),IF(AND(N18>X18,N18<Y18),N18,0),IF(AND(O18>X18,O18<Y18),O18,0),IF(AND(P18>X18,P18<Y18),P18,0),IF(AND(Q18>X18,Q18<Y18),Q18,0),IF(AND(R18>X18,R18<Y18),R18,0),IF(AND(S18>X18,S18<Y18),S18,0))) | AC18: =IF(COUNT(E18:S18)=0,"",POWER(40*SQRT(SUM(IF(AND(E18>X18,E18<Y18),1,0),IF(AND(F18>X18,F18<Y18),1,0),IF(AND(G18>X18,G18<Y18),1,0),IF(AND(H18>X18,H18<Y18),1,0),IF(AND(I18>X18,I18<Y18),1,0),IF(AND(J18>X18,J18<Y18),1,0),IF(AND(K18>X18,K18<Y18),1,0),IF(AND(L18>X18,L18<Y18),1,0),IF(AND(M18>X18,M18<Y18),1,0),IF(AND(N18>X18,N18<Y18),1,0),IF(AND(O18>X18,O18<Y18),1,0),IF(AND(P18>X18,P18<Y18),1,0),IF(AND(Q18>X18,Q18<Y18),1,0),IF(AND(R18>X18,R18<Y18),1,0),IF(AND(S18>X18,S18<Y18),1,0))*AB18-POWER(AA18,2))/AA18,2)) | AD18: 13 | AE18: =IF(SUM(INDIRECT(CHAR(COLUMN()+38)&(ROW()-5)*8-2&":"&CHAR(COLUMN()+38)&(ROW()-5)*8+5))=0,"",SUM(INDIRECT(CHAR(COLUMN()+38)&(ROW()-5)*8-2&":"&CHAR(COLUMN()+38)&(ROW()-5)*8+5))/INDIRECT("C"&(ROW()-5)*8-2)) | AF18: =IF(SUM(INDIRECT(CHAR(COLUMN()+38)&(ROW()-5)*8-2&":"&CHAR(COLUMN()+38)&(ROW()-5)*8+5))=0,"",SUM(INDIRECT(CHAR(COLUMN()+38)&(ROW()-5)*8-2&":"&CHAR(COLUMN()+38)&(ROW()-5)*8+5))/INDIRECT("C"&(ROW()-5)*8-2)) | AG18: =IF(SUM(INDIRECT(CHAR(COLUMN()+38)&(ROW()-5)*8-2&":"&CHAR(COLUMN()+38)&(ROW()-5)*8+5))=0,"",SUM(INDIRECT(CHAR(COLUMN()+38)&(ROW()-5)*8-2&":"&CHAR(COLUMN()+38)&(ROW()-5)*8+5))/INDIRECT("C"&(ROW()-5)*8-2)) | AH18: =IF(SUM(INDIRECT(CHAR(COLUMN()+38)&(ROW()-5)*8-2&":"&CHAR(COLUMN()+38)&(ROW()-5)*8+5))=0,"",SUM(INDIRECT(CHAR(COLUMN()+38)&(ROW()-5)*8-2&":"&CHAR(COLUMN()+38)&(ROW()-5)*8+5))/INDIRECT("C"&(ROW()-5)*8-2)) | AI18: =IF(SUM(INDIRECT(CHAR(COLUMN()+38)&(ROW()-5)*8-2&":"&CHAR(COLUMN()+38)&(ROW()-5)*8+5))=0,"",SUM(INDIRECT(CHAR(COLUMN()+38)&(ROW()-5)*8-2&":"&CHAR(COLUMN()+38)&(ROW()-5)*8+5))/INDIRECT("C"&(ROW()-5)*8-2)) | AJ18: =IF(SUM(INDIRECT(CHAR(COLUMN()+38)&(ROW()-5)*8-2&":"&CHAR(COLUMN()+38)&(ROW()-5)*8+5))=0,"",SUM(INDIRECT(CHAR(COLUMN()+38)&(ROW()-5)*8-2&":"&CHAR(COLUMN()+38)&(ROW()-5)*8+5))/INDIRECT("C"&(ROW()-5)*8-2)) | AK18: =IF(SUM(INDIRECT(CHAR(COLUMN()+38)&(ROW()-5)*8-2&":"&CHAR(COLUMN()+38)&(ROW()-5)*8+5))=0,"",SUM(INDIRECT(CHAR(COLUMN()+38)&(ROW()-5)*8-2&":"&CHAR(COLUMN()+38)&(ROW()-5)*8+5))/INDIRECT("C"&(ROW()-5)*8-2)) | AL18: =IF(SUM(INDIRECT(CHAR(COLUMN()+38)&(ROW()-5)*8-2&":"&CHAR(COLUMN()+38)&(ROW()-5)*8+5))=0,"",SUM(INDIRECT(CHAR(COLUMN()+38)&(ROW()-5)*8-2&":"&CHAR(COLUMN()+38)&(ROW()-5)*8+5))/INDIRECT("C"&(ROW()-5)*8-2)) | ... AS18: =IF(SUM(INDIRECT(CHAR(COLUMN()+38)&(ROW()-5)*8-2&":"&CHAR(COLUMN()+38)&(ROW()-5)*8+5))=0,"",SUM(INDIRECT(CHAR(COLUMN()+38)&(ROW()-5)*8-2&":"&CHAR(COLUMN()+38)&(ROW()-5)*8+5))/INDIRECT("C"&(ROW()-5)*8-2)) | AT18: 13 | AU18: =IF(COUNT($AE18:$AS18)=0,"",PERCENTILE($AE18:$AS18,0.25)) | AV18: =IF(COUNT($AE18:$AS18)=0,"",MAX($AE18:$AS18)) | AW18: =IF(COUNT($AE18:$AS18)=0,"",MIN($AE18:$AS18)) | AX18: =IF(COUNT($AE18:$AS18)=0,"",PERCENTILE($AE18:$AS18,0.75))
T19: =IF(COUNT(E19:S19)=0,"",SUM(E19:S19)) | U19: =IF(COUNT(E19:S19)=0,"",SUMSQ(E19:S19)) | V19: =IF(COUNT(E19:S19)=0,"",AVERAGE(E19:S19)) | W19: =IF(COUNT(E19:S19)=0,"",STDEVP(E19:S19)) | X19: =IF(COUNT(E19:S19)=0,"",V19-1*W19) | Y19: =IF(COUNT(E19:S19)=0,"",V19+1*W19) | Z19: =IF(COUNT(E19:S19)=0,"",SUM(IF(AND(E19>X19,E19<Y19),E19,0),IF(AND(F19>X19,F19<Y19),F19,0),IF(AND(G19>X19,G19<Y19),G19,0),IF(AND(H19>X19,H19<Y19),H19,0),IF(AND(I19>X19,I19<Y19),I19,0),IF(AND(J19>X19,J19<Y19),J19,0),IF(AND(K19>X19,K19<Y19),K19,0),IF(AND(L19>X19,L19<Y19),L19,0),IF(AND(M19>X19,M19<Y19),M19,0),IF(AND(N19>X19,N19<Y19),N19,0),IF(AND(O19>X19,O19<Y19),O19,0),IF(AND(P19>X19,P19<Y19),P19,0),IF(AND(Q19>X19,Q19<Y19),Q19,0),IF(AND(R19>X19,R19<Y19),R19,0),IF(AND(S19>X19,S19<Y19),S19,0))/SUM(IF(AND(E19>X19,E19<Y19,E19<>0),1,0),IF(AND(F19>X19,F19<Y19,F19<>0),1,0),IF(AND(G19>X19,G19<Y19,G19<>0),1,0),IF(AND(H19>X19,H19<Y19,H19<>0),1,0),IF(AND(I19>X19,I19<Y19,I19<>0),1,0),IF(AND(J19>X19,J19<Y19,J19<>0),1,0),IF(AND(K19>X19,K19<Y19,K19<>0),1,0),IF(AND(L19>X19,L19<Y19,L19<>0),1,0),IF(AND(M19>X19,M19<Y19,M19<>0),1,0),IF(AND(N19>X19,N19<Y19,N19<>0),1,0),IF(AND(O19>X19,O19<Y19,O19<>0),1,0),IF(AND(P19>X19,P19<Y19,P19<>0),1,0),IF(AND(Q19>X19,Q19<Y19,Q19<>0),1,0),IF(AND(R19>X19,R19<Y19,R19<>0),1,0),IF(AND(S19>X19,S19<Y19,S19<>0),1,0))) | AA19: =IF(COUNT(E19:S19)=0,"",SUM(IF(AND(E19>X19,E19<Y19),E19,0),IF(AND(F19>X19,F19<Y19),F19,0),IF(AND(G19>X19,G19<Y19),G19,0),IF(AND(H19>X19,H19<Y19),H19,0),IF(AND(I19>X19,I19<Y19),I19,0),IF(AND(J19>X19,J19<Y19),J19,0),IF(AND(K19>X19,K19<Y19),K19,0),IF(AND(L19>X19,L19<Y19),L19,0),IF(AND(M19>X19,M19<Y19),M19,0),IF(AND(N19>X19,N19<Y19),N19,0),IF(AND(O19>X19,O19<Y19),O19,0),IF(AND(P19>X19,P19<Y19),P19,0),IF(AND(Q19>X19,Q19<Y19),Q19,0),IF(AND(R19>X19,R19<Y19),R19,0),IF(AND(S19>X19,S19<Y19),S19,0))) | AB19: =IF(COUNT(E19:S19)=0,"",SUMSQ(IF(AND(E19>X19,E19<Y19),E19,0),IF(AND(F19>X19,F19<Y19),F19,0),IF(AND(G19>X19,G19<Y19),G19,0),IF(AND(H19>X19,H19<Y19),H19,0),IF(AND(I19>X19,I19<Y19),I19,0),IF(AND(J19>X19,J19<Y19),J19,0),IF(AND(K19>X19,K19<Y19),K19,0),IF(AND(L19>X19,L19<Y19),L19,0),IF(AND(M19>X19,M19<Y19),M19,0),IF(AND(N19>X19,N19<Y19),N19,0),IF(AND(O19>X19,O19<Y19),O19,0),IF(AND(P19>X19,P19<Y19),P19,0),IF(AND(Q19>X19,Q19<Y19),Q19,0),IF(AND(R19>X19,R19<Y19),R19,0),IF(AND(S19>X19,S19<Y19),S19,0))) | AC19: =IF(COUNT(E19:S19)=0,"",POWER(40*SQRT(SUM(IF(AND(E19>X19,E19<Y19),1,0),IF(AND(F19>X19,F19<Y19),1,0),IF(AND(G19>X19,G19<Y19),1,0),IF(AND(H19>X19,H19<Y19),1,0),IF(AND(I19>X19,I19<Y19),1,0),IF(AND(J19>X19,J19<Y19),1,0),IF(AND(K19>X19,K19<Y19),1,0),IF(AND(L19>X19,L19<Y19),1,0),IF(AND(M19>X19,M19<Y19),1,0),IF(AND(N19>X19,N19<Y19),1,0),IF(AND(O19>X19,O19<Y19),1,0),IF(AND(P19>X19,P19<Y19),1,0),IF(AND(Q19>X19,Q19<Y19),1,0),IF(AND(R19>X19,R19<Y19),1,0),IF(AND(S19>X19,S19<Y19),1,0))*AB19-POWER(AA19,2))/AA19,2)) | AD19: 14 | AE19: =IF(SUM(INDIRECT(CHAR(COLUMN()+38)&(ROW()-5)*8-2&":"&CHAR(COLUMN()+38)&(ROW()-5)*8+5))=0,"",SUM(INDIRECT(CHAR(COLUMN()+38)&(ROW()-5)*8-2&":"&CHAR(COLUMN()+38)&(ROW()-5)*8+5))/INDIRECT("C"&(ROW()-5)*8-2)) | AF19: =IF(SUM(INDIRECT(CHAR(COLUMN()+38)&(ROW()-5)*8-2&":"&CHAR(COLUMN()+38)&(ROW()-5)*8+5))=0,"",SUM(INDIRECT(CHAR(COLUMN()+38)&(ROW()-5)*8-2&":"&CHAR(COLUMN()+38)&(ROW()-5)*8+5))/INDIRECT("C"&(ROW()-5)*8-2)) | AG19: =IF(SUM(INDIRECT(CHAR(COLUMN()+38)&(ROW()-5)*8-2&":"&CHAR(COLUMN()+38)&(ROW()-5)*8+5))=0,"",SUM(INDIRECT(CHAR(COLUMN()+38)&(ROW()-5)*8-2&":"&CHAR(COLUMN()+38)&(ROW()-5)*8+5))/INDIRECT("C"&(ROW()-5)*8-2)) | AH19: =IF(SUM(INDIRECT(CHAR(COLUMN()+38)&(ROW()-5)*8-2&":"&CHAR(COLUMN()+38)&(ROW()-5)*8+5))=0,"",SUM(INDIRECT(CHAR(COLUMN()+38)&(ROW()-5)*8-2&":"&CHAR(COLUMN()+38)&(ROW()-5)*8+5))/INDIRECT("C"&(ROW()-5)*8-2)) | AI19: =IF(SUM(INDIRECT(CHAR(COLUMN()+38)&(ROW()-5)*8-2&":"&CHAR(COLUMN()+38)&(ROW()-5)*8+5))=0,"",SUM(INDIRECT(CHAR(COLUMN()+38)&(ROW()-5)*8-2&":"&CHAR(COLUMN()+38)&(ROW()-5)*8+5))/INDIRECT("C"&(ROW()-5)*8-2)) | AJ19: =IF(SUM(INDIRECT(CHAR(COLUMN()+38)&(ROW()-5)*8-2&":"&CHAR(COLUMN()+38)&(ROW()-5)*8+5))=0,"",SUM(INDIRECT(CHAR(COLUMN()+38)&(ROW()-5)*8-2&":"&CHAR(COLUMN()+38)&(ROW()-5)*8+5))/INDIRECT("C"&(ROW()-5)*8-2)) | AK19: =IF(SUM(INDIRECT(CHAR(COLUMN()+38)&(ROW()-5)*8-2&":"&CHAR(COLUMN()+38)&(ROW()-5)*8+5))=0,"",SUM(INDIRECT(CHAR(COLUMN()+38)&(ROW()-5)*8-2&":"&CHAR(COLUMN()+38)&(ROW()-5)*8+5))/INDIRECT("C"&(ROW()-5)*8-2)) | AL19: =IF(SUM(INDIRECT(CHAR(COLUMN()+38)&(ROW()-5)*8-2&":"&CHAR(COLUMN()+38)&(ROW()-5)*8+5))=0,"",SUM(INDIRECT(CHAR(COLUMN()+38)&(ROW()-5)*8-2&":"&CHAR(COLUMN()+38)&(ROW()-5)*8+5))/INDIRECT("C"&(ROW()-5)*8-2)) | ... AS19: =IF(SUM(INDIRECT(CHAR(COLUMN()+38)&(ROW()-5)*8-2&":"&CHAR(COLUMN()+38)&(ROW()-5)*8+5))=0,"",SUM(INDIRECT(CHAR(COLUMN()+38)&(ROW()-5)*8-2&":"&CHAR(COLUMN()+38)&(ROW()-5)*8+5))/INDIRECT("C"&(ROW()-5)*8-2)) | AT19: 14 | AU19: =IF(COUNT($AE19:$AS19)=0,"",PERCENTILE($AE19:$AS19,0.25)) | AV19: =IF(COUNT($AE19:$AS19)=0,"",MAX($AE19:$AS19)) | AW19: =IF(COUNT($AE19:$AS19)=0,"",MIN($AE19:$AS19)) | AX19: =IF(COUNT($AE19:$AS19)=0,"",PERCENTILE($AE19:$AS19,0.75))
T20: =IF(COUNT(E20:S20)=0,"",SUM(E20:S20)) | U20: =IF(COUNT(E20:S20)=0,"",SUMSQ(E20:S20)) | V20: =IF(COUNT(E20:S20)=0,"",AVERAGE(E20:S20)) | W20: =IF(COUNT(E20:S20)=0,"",STDEVP(E20:S20)) | X20: =IF(COUNT(E20:S20)=0,"",V20-1*W20) | Y20: =IF(COUNT(E20:S20)=0,"",V20+1*W20) | Z20: =IF(COUNT(E20:S20)=0,"",SUM(IF(AND(E20>X20,E20<Y20),E20,0),IF(AND(F20>X20,F20<Y20),F20,0),IF(AND(G20>X20,G20<Y20),G20,0),IF(AND(H20>X20,H20<Y20),H20,0),IF(AND(I20>X20,I20<Y20),I20,0),IF(AND(J20>X20,J20<Y20),J20,0),IF(AND(K20>X20,K20<Y20),K20,0),IF(AND(L20>X20,L20<Y20),L20,0),IF(AND(M20>X20,M20<Y20),M20,0),IF(AND(N20>X20,N20<Y20),N20,0),IF(AND(O20>X20,O20<Y20),O20,0),IF(AND(P20>X20,P20<Y20),P20,0),IF(AND(Q20>X20,Q20<Y20),Q20,0),IF(AND(R20>X20,R20<Y20),R20,0),IF(AND(S20>X20,S20<Y20),S20,0))/SUM(IF(AND(E20>X20,E20<Y20,E20<>0),1,0),IF(AND(F20>X20,F20<Y20,F20<>0),1,0),IF(AND(G20>X20,G20<Y20,G20<>0),1,0),IF(AND(H20>X20,H20<Y20,H20<>0),1,0),IF(AND(I20>X20,I20<Y20,I20<>0),1,0),IF(AND(J20>X20,J20<Y20,J20<>0),1,0),IF(AND(K20>X20,K20<Y20,K20<>0),1,0),IF(AND(L20>X20,L20<Y20,L20<>0),1,0),IF(AND(M20>X20,M20<Y20,M20<>0),1,0),IF(AND(N20>X20,N20<Y20,N20<>0),1,0),IF(AND(O20>X20,O20<Y20,O20<>0),1,0),IF(AND(P20>X20,P20<Y20,P20<>0),1,0),IF(AND(Q20>X20,Q20<Y20,Q20<>0),1,0),IF(AND(R20>X20,R20<Y20,R20<>0),1,0),IF(AND(S20>X20,S20<Y20,S20<>0),1,0))) | AA20: =IF(COUNT(E20:S20)=0,"",SUM(IF(AND(E20>X20,E20<Y20),E20,0),IF(AND(F20>X20,F20<Y20),F20,0),IF(AND(G20>X20,G20<Y20),G20,0),IF(AND(H20>X20,H20<Y20),H20,0),IF(AND(I20>X20,I20<Y20),I20,0),IF(AND(J20>X20,J20<Y20),J20,0),IF(AND(K20>X20,K20<Y20),K20,0),IF(AND(L20>X20,L20<Y20),L20,0),IF(AND(M20>X20,M20<Y20),M20,0),IF(AND(N20>X20,N20<Y20),N20,0),IF(AND(O20>X20,O20<Y20),O20,0),IF(AND(P20>X20,P20<Y20),P20,0),IF(AND(Q20>X20,Q20<Y20),Q20,0),IF(AND(R20>X20,R20<Y20),R20,0),IF(AND(S20>X20,S20<Y20),S20,0))) | AB20: =IF(COUNT(E20:S20)=0,"",SUMSQ(IF(AND(E20>X20,E20<Y20),E20,0),IF(AND(F20>X20,F20<Y20),F20,0),IF(AND(G20>X20,G20<Y20),G20,0),IF(AND(H20>X20,H20<Y20),H20,0),IF(AND(I20>X20,I20<Y20),I20,0),IF(AND(J20>X20,J20<Y20),J20,0),IF(AND(K20>X20,K20<Y20),K20,0),IF(AND(L20>X20,L20<Y20),L20,0),IF(AND(M20>X20,M20<Y20),M20,0),IF(AND(N20>X20,N20<Y20),N20,0),IF(AND(O20>X20,O20<Y20),O20,0),IF(AND(P20>X20,P20<Y20),P20,0),IF(AND(Q20>X20,Q20<Y20),Q20,0),IF(AND(R20>X20,R20<Y20),R20,0),IF(AND(S20>X20,S20<Y20),S20,0))) | AC20: =IF(COUNT(E20:S20)=0,"",POWER(40*SQRT(SUM(IF(AND(E20>X20,E20<Y20),1,0),IF(AND(F20>X20,F20<Y20),1,0),IF(AND(G20>X20,G20<Y20),1,0),IF(AND(H20>X20,H20<Y20),1,0),IF(AND(I20>X20,I20<Y20),1,0),IF(AND(J20>X20,J20<Y20),1,0),IF(AND(K20>X20,K20<Y20),1,0),IF(AND(L20>X20,L20<Y20),1,0),IF(AND(M20>X20,M20<Y20),1,0),IF(AND(N20>X20,N20<Y20),1,0),IF(AND(O20>X20,O20<Y20),1,0),IF(AND(P20>X20,P20<Y20),1,0),IF(AND(Q20>X20,Q20<Y20),1,0),IF(AND(R20>X20,R20<Y20),1,0),IF(AND(S20>X20,S20<Y20),1,0))*AB20-POWER(AA20,2))/AA20,2)) | AD20: 15 | AE20: =IF(SUM(INDIRECT(CHAR(COLUMN()+38)&(ROW()-5)*8-2&":"&CHAR(COLUMN()+38)&(ROW()-5)*8+5))=0,"",SUM(INDIRECT(CHAR(COLUMN()+38)&(ROW()-5)*8-2&":"&CHAR(COLUMN()+38)&(ROW()-5)*8+5))/INDIRECT("C"&(ROW()-5)*8-2)) | AF20: =IF(SUM(INDIRECT(CHAR(COLUMN()+38)&(ROW()-5)*8-2&":"&CHAR(COLUMN()+38)&(ROW()-5)*8+5))=0,"",SUM(INDIRECT(CHAR(COLUMN()+38)&(ROW()-5)*8-2&":"&CHAR(COLUMN()+38)&(ROW()-5)*8+5))/INDIRECT("C"&(ROW()-5)*8-2)) | AG20: =IF(SUM(INDIRECT(CHAR(COLUMN()+38)&(ROW()-5)*8-2&":"&CHAR(COLUMN()+38)&(ROW()-5)*8+5))=0,"",SUM(INDIRECT(CHAR(COLUMN()+38)&(ROW()-5)*8-2&":"&CHAR(COLUMN()+38)&(ROW()-5)*8+5))/INDIRECT("C"&(ROW()-5)*8-2)) | AH20: =IF(SUM(INDIRECT(CHAR(COLUMN()+38)&(ROW()-5)*8-2&":"&CHAR(COLUMN()+38)&(ROW()-5)*8+5))=0,"",SUM(INDIRECT(CHAR(COLUMN()+38)&(ROW()-5)*8-2&":"&CHAR(COLUMN()+38)&(ROW()-5)*8+5))/INDIRECT("C"&(ROW()-5)*8-2)) | AI20: =IF(SUM(INDIRECT(CHAR(COLUMN()+38)&(ROW()-5)*8-2&":"&CHAR(COLUMN()+38)&(ROW()-5)*8+5))=0,"",SUM(INDIRECT(CHAR(COLUMN()+38)&(ROW()-5)*8-2&":"&CHAR(COLUMN()+38)&(ROW()-5)*8+5))/INDIRECT("C"&(ROW()-5)*8-2)) | AJ20: =IF(SUM(INDIRECT(CHAR(COLUMN()+38)&(ROW()-5)*8-2&":"&CHAR(COLUMN()+38)&(ROW()-5)*8+5))=0,"",SUM(INDIRECT(CHAR(COLUMN()+38)&(ROW()-5)*8-2&":"&CHAR(COLUMN()+38)&(ROW()-5)*8+5))/INDIRECT("C"&(ROW()-5)*8-2)) | AK20: =IF(SUM(INDIRECT(CHAR(COLUMN()+38)&(ROW()-5)*8-2&":"&CHAR(COLUMN()+38)&(ROW()-5)*8+5))=0,"",SUM(INDIRECT(CHAR(COLUMN()+38)&(ROW()-5)*8-2&":"&CHAR(COLUMN()+38)&(ROW()-5)*8+5))/INDIRECT("C"&(ROW()-5)*8-2)) | AL20: =IF(SUM(INDIRECT(CHAR(COLUMN()+38)&(ROW()-5)*8-2&":"&CHAR(COLUMN()+38)&(ROW()-5)*8+5))=0,"",SUM(INDIRECT(CHAR(COLUMN()+38)&(ROW()-5)*8-2&":"&CHAR(COLUMN()+38)&(ROW()-5)*8+5))/INDIRECT("C"&(ROW()-5)*8-2)) | ... AS20: =IF(SUM(INDIRECT(CHAR(COLUMN()+38)&(ROW()-5)*8-2&":"&CHAR(COLUMN()+38)&(ROW()-5)*8+5))=0,"",SUM(INDIRECT(CHAR(COLUMN()+38)&(ROW()-5)*8-2&":"&CHAR(COLUMN()+38)&(ROW()-5)*8+5))/INDIRECT("C"&(ROW()-5)*8-2)) | AT20: 15 | AU20: =IF(COUNT($AE20:$AS20)=0,"",PERCENTILE($AE20:$AS20,0.25)) | AV20: =IF(COUNT($AE20:$AS20)=0,"",MAX($AE20:$AS20)) | AW20: =IF(COUNT($AE20:$AS20)=0,"",MIN($AE20:$AS20)) | AX20: =IF(COUNT($AE20:$AS20)=0,"",PERCENTILE($AE20:$AS20,0.75))
T21: =IF(COUNT(E21:S21)=0,"",SUM(E21:S21)) | U21: =IF(COUNT(E21:S21)=0,"",SUMSQ(E21:S21)) | V21: =IF(COUNT(E21:S21)=0,"",AVERAGE(E21:S21)) | W21: =IF(COUNT(E21:S21)=0,"",STDEVP(E21:S21)) | X21: =IF(COUNT(E21:S21)=0,"",V21-1*W21) | Y21: =IF(COUNT(E21:S21)=0,"",V21+1*W21) | AA21: =IF(COUNT(E21:S21)=0,"",SUM(IF(AND(E21>X21,E21<Y21),E21,0),IF(AND(F21>X21,F21<Y21),F21,0),IF(AND(G21>X21,G21<Y21),G21,0),IF(AND(H21>X21,H21<Y21),H21,0),IF(AND(I21>X21,I21<Y21),I21,0),IF(AND(J21>X21,J21<Y21),J21,0),IF(AND(K21>X21,K21<Y21),K21,0),IF(AND(L21>X21,L21<Y21),L21,0),IF(AND(M21>X21,M21<Y21),M21,0),IF(AND(N21>X21,N21<Y21),N21,0),IF(AND(O21>X21,O21<Y21),O21,0),IF(AND(P21>X21,P21<Y21),P21,0),IF(AND(Q21>X21,Q21<Y21),Q21,0),IF(AND(R21>X21,R21<Y21),R21,0),IF(AND(S21>X21,S21<Y21),S21,0))) | AB21: =IF(COUNT(E21:S21)=0,"",SUMSQ(IF(AND(E21>X21,E21<Y21),E21,0),IF(AND(F21>X21,F21<Y21),F21,0),IF(AND(G21>X21,G21<Y21),G21,0),IF(AND(H21>X21,H21<Y21),H21,0),IF(AND(I21>X21,I21<Y21),I21,0),IF(AND(J21>X21,J21<Y21),J21,0),IF(AND(K21>X21,K21<Y21),K21,0),IF(AND(L21>X21,L21<Y21),L21,0),IF(AND(M21>X21,M21<Y21),M21,0),IF(AND(N21>X21,N21<Y21),N21,0),IF(AND(O21>X21,O21<Y21),O21,0),IF(AND(P21>X21,P21<Y21),P21,0),IF(AND(Q21>X21,Q21<Y21),Q21,0),IF(AND(R21>X21,R21<Y21),R21,0),IF(AND(S21>X21,S21<Y21),S21,0))) | AC21: =IF(COUNT(E21:S21)=0,"",POWER(40*SQRT(SUM(IF(AND(E21>X21,E21<Y21),1,0),IF(AND(F21>X21,F21<Y21),1,0),IF(AND(G21>X21,G21<Y21),1,0),IF(AND(H21>X21,H21<Y21),1,0),IF(AND(I21>X21,I21<Y21),1,0),IF(AND(J21>X21,J21<Y21),1,0),IF(AND(K21>X21,K21<Y21),1,0),IF(AND(L21>X21,L21<Y21),1,0),IF(AND(M21>X21,M21<Y21),1,0),IF(AND(N21>X21,N21<Y21),1,0),IF(AND(O21>X21,O21<Y21),1,0),IF(AND(P21>X21,P21<Y21),1,0),IF(AND(Q21>X21,Q21<Y21),1,0),IF(AND(R21>X21,R21<Y21),1,0),IF(AND(S21>X21,S21<Y21),1,0))*AB21-POWER(AA21,2))/AA21,2)) | AD21: 16 | AE21: =IF(SUM(INDIRECT(CHAR(COLUMN()+38)&(ROW()-5)*8-2&":"&CHAR(COLUMN()+38)&(ROW()-5)*8+5))=0,"",SUM(INDIRECT(CHAR(COLUMN()+38)&(ROW()-5)*8-2&":"&CHAR(COLUMN()+38)&(ROW()-5)*8+5))/INDIRECT("C"&(ROW()-5)*8-2)) | AF21: =IF(SUM(INDIRECT(CHAR(COLUMN()+38)&(ROW()-5)*8-2&":"&CHAR(COLUMN()+38)&(ROW()-5)*8+5))=0,"",SUM(INDIRECT(CHAR(COLUMN()+38)&(ROW()-5)*8-2&":"&CHAR(COLUMN()+38)&(ROW()-5)*8+5))/INDIRECT("C"&(ROW()-5)*8-2)) | AG21: =IF(SUM(INDIRECT(CHAR(COLUMN()+38)&(ROW()-5)*8-2&":"&CHAR(COLUMN()+38)&(ROW()-5)*8+5))=0,"",SUM(INDIRECT(CHAR(COLUMN()+38)&(ROW()-5)*8-2&":"&CHAR(COLUMN()+38)&(ROW()-5)*8+5))/INDIRECT("C"&(ROW()-5)*8-2)) | AH21: =IF(SUM(INDIRECT(CHAR(COLUMN()+38)&(ROW()-5)*8-2&":"&CHAR(COLUMN()+38)&(ROW()-5)*8+5))=0,"",SUM(INDIRECT(CHAR(COLUMN()+38)&(ROW()-5)*8-2&":"&CHAR(COLUMN()+38)&(ROW()-5)*8+5))/INDIRECT("C"&(ROW()-5)*8-2)) | AI21: =IF(SUM(INDIRECT(CHAR(COLUMN()+38)&(ROW()-5)*8-2&":"&CHAR(COLUMN()+38)&(ROW()-5)*8+5))=0,"",SUM(INDIRECT(CHAR(COLUMN()+38)&(ROW()-5)*8-2&":"&CHAR(COLUMN()+38)&(ROW()-5)*8+5))/INDIRECT("C"&(ROW()-5)*8-2)) | AJ21: =IF(SUM(INDIRECT(CHAR(COLUMN()+38)&(ROW()-5)*8-2&":"&CHAR(COLUMN()+38)&(ROW()-5)*8+5))=0,"",SUM(INDIRECT(CHAR(COLUMN()+38)&(ROW()-5)*8-2&":"&CHAR(COLUMN()+38)&(ROW()-5)*8+5))/INDIRECT("C"&(ROW()-5)*8-2)) | AK21: =IF(SUM(INDIRECT(CHAR(COLUMN()+38)&(ROW()-5)*8-2&":"&CHAR(COLUMN()+38)&(ROW()-5)*8+5))=0,"",SUM(INDIRECT(CHAR(COLUMN()+38)&(ROW()-5)*8-2&":"&CHAR(COLUMN()+38)&(ROW()-5)*8+5))/INDIRECT("C"&(ROW()-5)*8-2)) | AL21: =IF(SUM(INDIRECT(CHAR(COLUMN()+38)&(ROW()-5)*8-2&":"&CHAR(COLUMN()+38)&(ROW()-5)*8+5))=0,"",SUM(INDIRECT(CHAR(COLUMN()+38)&(ROW()-5)*8-2&":"&CHAR(COLUMN()+38)&(ROW()-5)*8+5))/INDIRECT("C"&(ROW()-5)*8-2)) | ... AS21: =IF(SUM(INDIRECT(CHAR(COLUMN()+38)&(ROW()-5)*8-2&":"&CHAR(COLUMN()+38)&(ROW()-5)*8+5))=0,"",SUM(INDIRECT(CHAR(COLUMN()+38)&(ROW()-5)*8-2&":"&CHAR(COLUMN()+38)&(ROW()-5)*8+5))/INDIRECT("C"&(ROW()-5)*8-2)) | AT21: 16 | AU21: =IF(COUNT($AE21:$AS21)=0,"",PERCENTILE($AE21:$AS21,0.25)) | AV21: =IF(COUNT($AE21:$AS21)=0,"",MAX($AE21:$AS21)) | AW21: =IF(COUNT($AE21:$AS21)=0,"",MIN($AE21:$AS21)) | AX21: =IF(COUNT($AE21:$AS21)=0,"",PERCENTILE($AE21:$AS21,0.75))
A22: 3 | T22: =IF(COUNT(E22:S22)=0,"",SUM(E22:S22)) | U22: =IF(COUNT(E22:S22)=0,"",SUMSQ(E22:S22)) | V22: =IF(COUNT(E22:S22)=0,"",AVERAGE(E22:S22)) | W22: =IF(COUNT(E22:S22)=0,"",STDEVP(E22:S22)) | X22: =IF(COUNT(E22:S22)=0,"",V22-1*W22) | Y22: =IF(COUNT(E22:S22)=0,"",V22+1*W22) | Z22: =IF(COUNT(E22:S22)=0,"",SUM(IF(AND(E22>X22,E22<Y22),E22,0),IF(AND(F22>X22,F22<Y22),F22,0),IF(AND(G22>X22,G22<Y22),G22,0),IF(AND(H22>X22,H22<Y22),H22,0),IF(AND(I22>X22,I22<Y22),I22,0),IF(AND(J22>X22,J22<Y22),J22,0),IF(AND(K22>X22,K22<Y22),K22,0),IF(AND(L22>X22,L22<Y22),L22,0),IF(AND(M22>X22,M22<Y22),M22,0),IF(AND(N22>X22,N22<Y22),N22,0),IF(AND(O22>X22,O22<Y22),O22,0),IF(AND(P22>X22,P22<Y22),P22,0),IF(AND(Q22>X22,Q22<Y22),Q22,0),IF(AND(R22>X22,R22<Y22),R22,0),IF(AND(S22>X22,S22<Y22),S22,0))/SUM(IF(AND(E22>X22,E22<Y22,E22<>0),1,0),IF(AND(F22>X22,F22<Y22,F22<>0),1,0),IF(AND(G22>X22,G22<Y22,G22<>0),1,0),IF(AND(H22>X22,H22<Y22,H22<>0),1,0),IF(AND(I22>X22,I22<Y22,I22<>0),1,0),IF(AND(J22>X22,J22<Y22,J22<>0),1,0),IF(AND(K22>X22,K22<Y22,K22<>0),1,0),IF(AND(L22>X22,L22<Y22,L22<>0),1,0),IF(AND(M22>X22,M22<Y22,M22<>0),1,0),IF(AND(N22>X22,N22<Y22,N22<>0),1,0),IF(AND(O22>X22,O22<Y22,O22<>0),1,0),IF(AND(P22>X22,P22<Y22,P22<>0),1,0),IF(AND(Q22>X22,Q22<Y22,Q22<>0),1,0),IF(AND(R22>X22,R22<Y22,R22<>0),1,0),IF(AND(S22>X22,S22<Y22,S22<>0),1,0))) | AA22: =IF(COUNT(E22:S22)=0,"",SUM(IF(AND(E22>X22,E22<Y22),E22,0),IF(AND(F22>X22,F22<Y22),F22,0),IF(AND(G22>X22,G22<Y22),G22,0),IF(AND(H22>X22,H22<Y22),H22,0),IF(AND(I22>X22,I22<Y22),I22,0),IF(AND(J22>X22,J22<Y22),J22,0),IF(AND(K22>X22,K22<Y22),K22,0),IF(AND(L22>X22,L22<Y22),L22,0),IF(AND(M22>X22,M22<Y22),M22,0),IF(AND(N22>X22,N22<Y22),N22,0),IF(AND(O22>X22,O22<Y22),O22,0),IF(AND(P22>X22,P22<Y22),P22,0),IF(AND(Q22>X22,Q22<Y22),Q22,0),IF(AND(R22>X22,R22<Y22),R22,0),IF(AND(S22>X22,S22<Y22),S22,0))) | AB22: =IF(COUNT(E22:S22)=0,"",SUMSQ(IF(AND(E22>X22,E22<Y22),E22,0),IF(AND(F22>X22,F22<Y22),F22,0),IF(AND(G22>X22,G22<Y22),G22,0),IF(AND(H22>X22,H22<Y22),H22,0),IF(AND(I22>X22,I22<Y22),I22,0),IF(AND(J22>X22,J22<Y22),J22,0),IF(AND(K22>X22,K22<Y22),K22,0),IF(AND(L22>X22,L22<Y22),L22,0),IF(AND(M22>X22,M22<Y22),M22,0),IF(AND(N22>X22,N22<Y22),N22,0),IF(AND(O22>X22,O22<Y22),O22,0),IF(AND(P22>X22,P22<Y22),P22,0),IF(AND(Q22>X22,Q22<Y22),Q22,0),IF(AND(R22>X22,R22<Y22),R22,0),IF(AND(S22>X22,S22<Y22),S22,0))) | AC22: =IF(COUNT(E22:S22)=0,"",POWER(40*SQRT(SUM(IF(AND(E22>X22,E22<Y22),1,0),IF(AND(F22>X22,F22<Y22),1,0),IF(AND(G22>X22,G22<Y22),1,0),IF(AND(H22>X22,H22<Y22),1,0),IF(AND(I22>X22,I22<Y22),1,0),IF(AND(J22>X22,J22<Y22),1,0),IF(AND(K22>X22,K22<Y22),1,0),IF(AND(L22>X22,L22<Y22),1,0),IF(AND(M22>X22,M22<Y22),1,0),IF(AND(N22>X22,N22<Y22),1,0),IF(AND(O22>X22,O22<Y22),1,0),IF(AND(P22>X22,P22<Y22),1,0),IF(AND(Q22>X22,Q22<Y22),1,0),IF(AND(R22>X22,R22<Y22),1,0),IF(AND(S22>X22,S22<Y22),1,0))*AB22-POWER(AA22,2))/AA22,2)) | AD22: 17 | AE22: =IF(SUM(INDIRECT(CHAR(COLUMN()+38)&(ROW()-5)*8-2&":"&CHAR(COLUMN()+38)&(ROW()-5)*8+5))=0,"",SUM(INDIRECT(CHAR(COLUMN()+38)&(ROW()-5)*8-2&":"&CHAR(COLUMN()+38)&(ROW()-5)*8+5))/INDIRECT("C"&(ROW()-5)*8-2)) | AF22: =IF(SUM(INDIRECT(CHAR(COLUMN()+38)&(ROW()-5)*8-2&":"&CHAR(COLUMN()+38)&(ROW()-5)*8+5))=0,"",SUM(INDIRECT(CHAR(COLUMN()+38)&(ROW()-5)*8-2&":"&CHAR(COLUMN()+38)&(ROW()-5)*8+5))/INDIRECT("C"&(ROW()-5)*8-2)) | AG22: =IF(SUM(INDIRECT(CHAR(COLUMN()+38)&(ROW()-5)*8-2&":"&CHAR(COLUMN()+38)&(ROW()-5)*8+5))=0,"",SUM(INDIRECT(CHAR(COLUMN()+38)&(ROW()-5)*8-2&":"&CHAR(COLUMN()+38)&(ROW()-5)*8+5))/INDIRECT("C"&(ROW()-5)*8-2)) | AH22: =IF(SUM(INDIRECT(CHAR(COLUMN()+38)&(ROW()-5)*8-2&":"&CHAR(COLUMN()+38)&(ROW()-5)*8+5))=0,"",SUM(INDIRECT(CHAR(COLUMN()+38)&(ROW()-5)*8-2&":"&CHAR(COLUMN()+38)&(ROW()-5)*8+5))/INDIRECT("C"&(ROW()-5)*8-2)) | AI22: =IF(SUM(INDIRECT(CHAR(COLUMN()+38)&(ROW()-5)*8-2&":"&CHAR(COLUMN()+38)&(ROW()-5)*8+5))=0,"",SUM(INDIRECT(CHAR(COLUMN()+38)&(ROW()-5)*8-2&":"&CHAR(COLUMN()+38)&(ROW()-5)*8+5))/INDIRECT("C"&(ROW()-5)*8-2)) | AJ22: =IF(SUM(INDIRECT(CHAR(COLUMN()+38)&(ROW()-5)*8-2&":"&CHAR(COLUMN()+38)&(ROW()-5)*8+5))=0,"",SUM(INDIRECT(CHAR(COLUMN()+38)&(ROW()-5)*8-2&":"&CHAR(COLUMN()+38)&(ROW()-5)*8+5))/INDIRECT("C"&(ROW()-5)*8-2)) | AK22: =IF(SUM(INDIRECT(CHAR(COLUMN()+38)&(ROW()-5)*8-2&":"&CHAR(COLUMN()+38)&(ROW()-5)*8+5))=0,"",SUM(INDIRECT(CHAR(COLUMN()+38)&(ROW()-5)*8-2&":"&CHAR(COLUMN()+38)&(ROW()-5)*8+5))/INDIRECT("C"&(ROW()-5)*8-2)) | AL22: =IF(SUM(INDIRECT(CHAR(COLUMN()+38)&(ROW()-5)*8-2&":"&CHAR(COLUMN()+38)&(ROW()-5)*8+5))=0,"",SUM(INDIRECT(CHAR(COLUMN()+38)&(ROW()-5)*8-2&":"&CHAR(COLUMN()+38)&(ROW()-5)*8+5))/INDIRECT("C"&(ROW()-5)*8-2)) | ... AS22: =IF(SUM(INDIRECT(CHAR(COLUMN()+38)&(ROW()-5)*8-2&":"&CHAR(COLUMN()+38)&(ROW()-5)*8+5))=0,"",SUM(INDIRECT(CHAR(COLUMN()+38)&(ROW()-5)*8-2&":"&CHAR(COLUMN()+38)&(ROW()-5)*8+5))/INDIRECT("C"&(ROW()-5)*8-2)) | AT22: 17 | AU22: =IF(COUNT($AE22:$AS22)=0,"",PERCENTILE($AE22:$AS22,0.25)) | AV22: =IF(COUNT($AE22:$AS22)=0,"",MAX($AE22:$AS22)) | AW22: =IF(COUNT($AE22:$AS22)=0,"",MIN($AE22:$AS22)) | AX22: =IF(COUNT($AE22:$AS22)=0,"",PERCENTILE($AE22:$AS22,0.75))
T23: =IF(COUNT(E23:S23)=0,"",SUM(E23:S23)) | U23: =IF(COUNT(E23:S23)=0,"",SUMSQ(E23:S23)) | V23: =IF(COUNT(E23:S23)=0,"",AVERAGE(E23:S23)) | W23: =IF(COUNT(E23:S23)=0,"",STDEVP(E23:S23)) | X23: =IF(COUNT(E23:S23)=0,"",V23-1*W23) | Y23: =IF(COUNT(E23:S23)=0,"",V23+1*W23) | Z23: =IF(COUNT(E23:S23)=0,"",SUM(IF(AND(E23>X23,E23<Y23),E23,0),IF(AND(F23>X23,F23<Y23),F23,0),IF(AND(G23>X23,G23<Y23),G23,0),IF(AND(H23>X23,H23<Y23),H23,0),IF(AND(I23>X23,I23<Y23),I23,0),IF(AND(J23>X23,J23<Y23),J23,0),IF(AND(K23>X23,K23<Y23),K23,0),IF(AND(L23>X23,L23<Y23),L23,0),IF(AND(M23>X23,M23<Y23),M23,0),IF(AND(N23>X23,N23<Y23),N23,0),IF(AND(O23>X23,O23<Y23),O23,0),IF(AND(P23>X23,P23<Y23),P23,0),IF(AND(Q23>X23,Q23<Y23),Q23,0),IF(AND(R23>X23,R23<Y23),R23,0),IF(AND(S23>X23,S23<Y23),S23,0))/SUM(IF(AND(E23>X23,E23<Y23,E23<>0),1,0),IF(AND(F23>X23,F23<Y23,F23<>0),1,0),IF(AND(G23>X23,G23<Y23,G23<>0),1,0),IF(AND(H23>X23,H23<Y23,H23<>0),1,0),IF(AND(I23>X23,I23<Y23,I23<>0),1,0),IF(AND(J23>X23,J23<Y23,J23<>0),1,0),IF(AND(K23>X23,K23<Y23,K23<>0),1,0),IF(AND(L23>X23,L23<Y23,L23<>0),1,0),IF(AND(M23>X23,M23<Y23,M23<>0),1,0),IF(AND(N23>X23,N23<Y23,N23<>0),1,0),IF(AND(O23>X23,O23<Y23,O23<>0),1,0),IF(AND(P23>X23,P23<Y23,P23<>0),1,0),IF(AND(Q23>X23,Q23<Y23,Q23<>0),1,0),IF(AND(R23>X23,R23<Y23,R23<>0),1,0),IF(AND(S23>X23,S23<Y23,S23<>0),1,0))) | AA23: =IF(COUNT(E23:S23)=0,"",SUM(IF(AND(E23>X23,E23<Y23),E23,0),IF(AND(F23>X23,F23<Y23),F23,0),IF(AND(G23>X23,G23<Y23),G23,0),IF(AND(H23>X23,H23<Y23),H23,0),IF(AND(I23>X23,I23<Y23),I23,0),IF(AND(J23>X23,J23<Y23),J23,0),IF(AND(K23>X23,K23<Y23),K23,0),IF(AND(L23>X23,L23<Y23),L23,0),IF(AND(M23>X23,M23<Y23),M23,0),IF(AND(N23>X23,N23<Y23),N23,0),IF(AND(O23>X23,O23<Y23),O23,0),IF(AND(P23>X23,P23<Y23),P23,0),IF(AND(Q23>X23,Q23<Y23),Q23,0),IF(AND(R23>X23,R23<Y23),R23,0),IF(AND(S23>X23,S23<Y23),S23,0))) | AB23: =IF(COUNT(E23:S23)=0,"",SUMSQ(IF(AND(E23>X23,E23<Y23),E23,0),IF(AND(F23>X23,F23<Y23),F23,0),IF(AND(G23>X23,G23<Y23),G23,0),IF(AND(H23>X23,H23<Y23),H23,0),IF(AND(I23>X23,I23<Y23),I23,0),IF(AND(J23>X23,J23<Y23),J23,0),IF(AND(K23>X23,K23<Y23),K23,0),IF(AND(L23>X23,L23<Y23),L23,0),IF(AND(M23>X23,M23<Y23),M23,0),IF(AND(N23>X23,N23<Y23),N23,0),IF(AND(O23>X23,O23<Y23),O23,0),IF(AND(P23>X23,P23<Y23),P23,0),IF(AND(Q23>X23,Q23<Y23),Q23,0),IF(AND(R23>X23,R23<Y23),R23,0),IF(AND(S23>X23,S23<Y23),S23,0))) | AC23: =IF(COUNT(E23:S23)=0,"",POWER(40*SQRT(SUM(IF(AND(E23>X23,E23<Y23),1,0),IF(AND(F23>X23,F23<Y23),1,0),IF(AND(G23>X23,G23<Y23),1,0),IF(AND(H23>X23,H23<Y23),1,0),IF(AND(I23>X23,I23<Y23),1,0),IF(AND(J23>X23,J23<Y23),1,0),IF(AND(K23>X23,K23<Y23),1,0),IF(AND(L23>X23,L23<Y23),1,0),IF(AND(M23>X23,M23<Y23),1,0),IF(AND(N23>X23,N23<Y23),1,0),IF(AND(O23>X23,O23<Y23),1,0),IF(AND(P23>X23,P23<Y23),1,0),IF(AND(Q23>X23,Q23<Y23),1,0),IF(AND(R23>X23,R23<Y23),1,0),IF(AND(S23>X23,S23<Y23),1,0))*AB23-POWER(AA23,2))/AA23,2)) | AD23: 18 | AE23: =IF(SUM(INDIRECT(CHAR(COLUMN()+38)&(ROW()-5)*8-2&":"&CHAR(COLUMN()+38)&(ROW()-5)*8+5))=0,"",SUM(INDIRECT(CHAR(COLUMN()+38)&(ROW()-5)*8-2&":"&CHAR(COLUMN()+38)&(ROW()-5)*8+5))/INDIRECT("C"&(ROW()-5)*8-2)) | AF23: =IF(SUM(INDIRECT(CHAR(COLUMN()+38)&(ROW()-5)*8-2&":"&CHAR(COLUMN()+38)&(ROW()-5)*8+5))=0,"",SUM(INDIRECT(CHAR(COLUMN()+38)&(ROW()-5)*8-2&":"&CHAR(COLUMN()+38)&(ROW()-5)*8+5))/INDIRECT("C"&(ROW()-5)*8-2)) | AG23: =IF(SUM(INDIRECT(CHAR(COLUMN()+38)&(ROW()-5)*8-2&":"&CHAR(COLUMN()+38)&(ROW()-5)*8+5))=0,"",SUM(INDIRECT(CHAR(COLUMN()+38)&(ROW()-5)*8-2&":"&CHAR(COLUMN()+38)&(ROW()-5)*8+5))/INDIRECT("C"&(ROW()-5)*8-2)) | AH23: =IF(SUM(INDIRECT(CHAR(COLUMN()+38)&(ROW()-5)*8-2&":"&CHAR(COLUMN()+38)&(ROW()-5)*8+5))=0,"",SUM(INDIRECT(CHAR(COLUMN()+38)&(ROW()-5)*8-2&":"&CHAR(COLUMN()+38)&(ROW()-5)*8+5))/INDIRECT("C"&(ROW()-5)*8-2)) | AI23: =IF(SUM(INDIRECT(CHAR(COLUMN()+38)&(ROW()-5)*8-2&":"&CHAR(COLUMN()+38)&(ROW()-5)*8+5))=0,"",SUM(INDIRECT(CHAR(COLUMN()+38)&(ROW()-5)*8-2&":"&CHAR(COLUMN()+38)&(ROW()-5)*8+5))/INDIRECT("C"&(ROW()-5)*8-2)) | AJ23: =IF(SUM(INDIRECT(CHAR(COLUMN()+38)&(ROW()-5)*8-2&":"&CHAR(COLUMN()+38)&(ROW()-5)*8+5))=0,"",SUM(INDIRECT(CHAR(COLUMN()+38)&(ROW()-5)*8-2&":"&CHAR(COLUMN()+38)&(ROW()-5)*8+5))/INDIRECT("C"&(ROW()-5)*8-2)) | AK23: =IF(SUM(INDIRECT(CHAR(COLUMN()+38)&(ROW()-5)*8-2&":"&CHAR(COLUMN()+38)&(ROW()-5)*8+5))=0,"",SUM(INDIRECT(CHAR(COLUMN()+38)&(ROW()-5)*8-2&":"&CHAR(COLUMN()+38)&(ROW()-5)*8+5))/INDIRECT("C"&(ROW()-5)*8-2)) | AL23: =IF(SUM(INDIRECT(CHAR(COLUMN()+38)&(ROW()-5)*8-2&":"&CHAR(COLUMN()+38)&(ROW()-5)*8+5))=0,"",SUM(INDIRECT(CHAR(COLUMN()+38)&(ROW()-5)*8-2&":"&CHAR(COLUMN()+38)&(ROW()-5)*8+5))/INDIRECT("C"&(ROW()-5)*8-2)) | ... AS23: =IF(SUM(INDIRECT(CHAR(COLUMN()+38)&(ROW()-5)*8-2&":"&CHAR(COLUMN()+38)&(ROW()-5)*8+5))=0,"",SUM(INDIRECT(CHAR(COLUMN()+38)&(ROW()-5)*8-2&":"&CHAR(COLUMN()+38)&(ROW()-5)*8+5))/INDIRECT("C"&(ROW()-5)*8-2)) | AT23: 18 | AU23: =IF(COUNT($AE23:$AS23)=0,"",PERCENTILE($AE23:$AS23,0.25)) | AV23: =IF(COUNT($AE23:$AS23)=0,"",MAX($AE23:$AS23)) | AW23: =IF(COUNT($AE23:$AS23)=0,"",MIN($AE23:$AS23)) | AX23: =IF(COUNT($AE23:$AS23)=0,"",PERCENTILE($AE23:$AS23,0.75))
T24: =IF(COUNT(E24:S24)=0,"",SUM(E24:S24)) | U24: =IF(COUNT(E24:S24)=0,"",SUMSQ(E24:S24)) | V24: =IF(COUNT(E24:S24)=0,"",AVERAGE(E24:S24)) | W24: =IF(COUNT(E24:S24)=0,"",STDEVP(E24:S24)) | X24: =IF(COUNT(E24:S24)=0,"",V24-1*W24) | Y24: =IF(COUNT(E24:S24)=0,"",V24+1*W24) | Z24: =IF(COUNT(E24:S24)=0,"",SUM(IF(AND(E24>X24,E24<Y24),E24,0),IF(AND(F24>X24,F24<Y24),F24,0),IF(AND(G24>X24,G24<Y24),G24,0),IF(AND(H24>X24,H24<Y24),H24,0),IF(AND(I24>X24,I24<Y24),I24,0),IF(AND(J24>X24,J24<Y24),J24,0),IF(AND(K24>X24,K24<Y24),K24,0),IF(AND(L24>X24,L24<Y24),L24,0),IF(AND(M24>X24,M24<Y24),M24,0),IF(AND(N24>X24,N24<Y24),N24,0),IF(AND(O24>X24,O24<Y24),O24,0),IF(AND(P24>X24,P24<Y24),P24,0),IF(AND(Q24>X24,Q24<Y24),Q24,0),IF(AND(R24>X24,R24<Y24),R24,0),IF(AND(S24>X24,S24<Y24),S24,0))/SUM(IF(AND(E24>X24,E24<Y24,E24<>0),1,0),IF(AND(F24>X24,F24<Y24,F24<>0),1,0),IF(AND(G24>X24,G24<Y24,G24<>0),1,0),IF(AND(H24>X24,H24<Y24,H24<>0),1,0),IF(AND(I24>X24,I24<Y24,I24<>0),1,0),IF(AND(J24>X24,J24<Y24,J24<>0),1,0),IF(AND(K24>X24,K24<Y24,K24<>0),1,0),IF(AND(L24>X24,L24<Y24,L24<>0),1,0),IF(AND(M24>X24,M24<Y24,M24<>0),1,0),IF(AND(N24>X24,N24<Y24,N24<>0),1,0),IF(AND(O24>X24,O24<Y24,O24<>0),1,0),IF(AND(P24>X24,P24<Y24,P24<>0),1,0),IF(AND(Q24>X24,Q24<Y24,Q24<>0),1,0),IF(AND(R24>X24,R24<Y24,R24<>0),1,0),IF(AND(S24>X24,S24<Y24,S24<>0),1,0))) | AA24: =IF(COUNT(E24:S24)=0,"",SUM(IF(AND(E24>X24,E24<Y24),E24,0),IF(AND(F24>X24,F24<Y24),F24,0),IF(AND(G24>X24,G24<Y24),G24,0),IF(AND(H24>X24,H24<Y24),H24,0),IF(AND(I24>X24,I24<Y24),I24,0),IF(AND(J24>X24,J24<Y24),J24,0),IF(AND(K24>X24,K24<Y24),K24,0),IF(AND(L24>X24,L24<Y24),L24,0),IF(AND(M24>X24,M24<Y24),M24,0),IF(AND(N24>X24,N24<Y24),N24,0),IF(AND(O24>X24,O24<Y24),O24,0),IF(AND(P24>X24,P24<Y24),P24,0),IF(AND(Q24>X24,Q24<Y24),Q24,0),IF(AND(R24>X24,R24<Y24),R24,0),IF(AND(S24>X24,S24<Y24),S24,0))) | AB24: =IF(COUNT(E24:S24)=0,"",SUMSQ(IF(AND(E24>X24,E24<Y24),E24,0),IF(AND(F24>X24,F24<Y24),F24,0),IF(AND(G24>X24,G24<Y24),G24,0),IF(AND(H24>X24,H24<Y24),H24,0),IF(AND(I24>X24,I24<Y24),I24,0),IF(AND(J24>X24,J24<Y24),J24,0),IF(AND(K24>X24,K24<Y24),K24,0),IF(AND(L24>X24,L24<Y24),L24,0),IF(AND(M24>X24,M24<Y24),M24,0),IF(AND(N24>X24,N24<Y24),N24,0),IF(AND(O24>X24,O24<Y24),O24,0),IF(AND(P24>X24,P24<Y24),P24,0),IF(AND(Q24>X24,Q24<Y24),Q24,0),IF(AND(R24>X24,R24<Y24),R24,0),IF(AND(S24>X24,S24<Y24),S24,0))) | AC24: =IF(COUNT(E24:S24)=0,"",POWER(40*SQRT(SUM(IF(AND(E24>X24,E24<Y24),1,0),IF(AND(F24>X24,F24<Y24),1,0),IF(AND(G24>X24,G24<Y24),1,0),IF(AND(H24>X24,H24<Y24),1,0),IF(AND(I24>X24,I24<Y24),1,0),IF(AND(J24>X24,J24<Y24),1,0),IF(AND(K24>X24,K24<Y24),1,0),IF(AND(L24>X24,L24<Y24),1,0),IF(AND(M24>X24,M24<Y24),1,0),IF(AND(N24>X24,N24<Y24),1,0),IF(AND(O24>X24,O24<Y24),1,0),IF(AND(P24>X24,P24<Y24),1,0),IF(AND(Q24>X24,Q24<Y24),1,0),IF(AND(R24>X24,R24<Y24),1,0),IF(AND(S24>X24,S24<Y24),1,0))*AB24-POWER(AA24,2))/AA24,2)) | AD24: 19 | AE24: =IF(SUM(INDIRECT(CHAR(COLUMN()+38)&(ROW()-5)*8-2&":"&CHAR(COLUMN()+38)&(ROW()-5)*8+5))=0,"",SUM(INDIRECT(CHAR(COLUMN()+38)&(ROW()-5)*8-2&":"&CHAR(COLUMN()+38)&(ROW()-5)*8+5))/INDIRECT("C"&(ROW()-5)*8-2)) | AF24: =IF(SUM(INDIRECT(CHAR(COLUMN()+38)&(ROW()-5)*8-2&":"&CHAR(COLUMN()+38)&(ROW()-5)*8+5))=0,"",SUM(INDIRECT(CHAR(COLUMN()+38)&(ROW()-5)*8-2&":"&CHAR(COLUMN()+38)&(ROW()-5)*8+5))/INDIRECT("C"&(ROW()-5)*8-2)) | AG24: =IF(SUM(INDIRECT(CHAR(COLUMN()+38)&(ROW()-5)*8-2&":"&CHAR(COLUMN()+38)&(ROW()-5)*8+5))=0,"",SUM(INDIRECT(CHAR(COLUMN()+38)&(ROW()-5)*8-2&":"&CHAR(COLUMN()+38)&(ROW()-5)*8+5))/INDIRECT("C"&(ROW()-5)*8-2)) | AH24: =IF(SUM(INDIRECT(CHAR(COLUMN()+38)&(ROW()-5)*8-2&":"&CHAR(COLUMN()+38)&(ROW()-5)*8+5))=0,"",SUM(INDIRECT(CHAR(COLUMN()+38)&(ROW()-5)*8-2&":"&CHAR(COLUMN()+38)&(ROW()-5)*8+5))/INDIRECT("C"&(ROW()-5)*8-2)) | AI24: =IF(SUM(INDIRECT(CHAR(COLUMN()+38)&(ROW()-5)*8-2&":"&CHAR(COLUMN()+38)&(ROW()-5)*8+5))=0,"",SUM(INDIRECT(CHAR(COLUMN()+38)&(ROW()-5)*8-2&":"&CHAR(COLUMN()+38)&(ROW()-5)*8+5))/INDIRECT("C"&(ROW()-5)*8-2)) | AJ24: =IF(SUM(INDIRECT(CHAR(COLUMN()+38)&(ROW()-5)*8-2&":"&CHAR(COLUMN()+38)&(ROW()-5)*8+5))=0,"",SUM(INDIRECT(CHAR(COLUMN()+38)&(ROW()-5)*8-2&":"&CHAR(COLUMN()+38)&(ROW()-5)*8+5))/INDIRECT("C"&(ROW()-5)*8-2)) | AK24: =IF(SUM(INDIRECT(CHAR(COLUMN()+38)&(ROW()-5)*8-2&":"&CHAR(COLUMN()+38)&(ROW()-5)*8+5))=0,"",SUM(INDIRECT(CHAR(COLUMN()+38)&(ROW()-5)*8-2&":"&CHAR(COLUMN()+38)&(ROW()-5)*8+5))/INDIRECT("C"&(ROW()-5)*8-2)) | AL24: =IF(SUM(INDIRECT(CHAR(COLUMN()+38)&(ROW()-5)*8-2&":"&CHAR(COLUMN()+38)&(ROW()-5)*8+5))=0,"",SUM(INDIRECT(CHAR(COLUMN()+38)&(ROW()-5)*8-2&":"&CHAR(COLUMN()+38)&(ROW()-5)*8+5))/INDIRECT("C"&(ROW()-5)*8-2)) | ... AS24: =IF(SUM(INDIRECT(CHAR(COLUMN()+38)&(ROW()-5)*8-2&":"&CHAR(COLUMN()+38)&(ROW()-5)*8+5))=0,"",SUM(INDIRECT(CHAR(COLUMN()+38)&(ROW()-5)*8-2&":"&CHAR(COLUMN()+38)&(ROW()-5)*8+5))/INDIRECT("C"&(ROW()-5)*8-2)) | AT24: 19 | AU24: =IF(COUNT($AE24:$AS24)=0,"",PERCENTILE($AE24:$AS24,0.25)) | AV24: =IF(COUNT($AE24:$AS24)=0,"",MAX($AE24:$AS24)) | AW24: =IF(COUNT($AE24:$AS24)=0,"",MIN($AE24:$AS24)) | AX24: =IF(COUNT($AE24:$AS24)=0,"",PERCENTILE($AE24:$AS24,0.75))
T25: =IF(COUNT(E25:S25)=0,"",SUM(E25:S25)) | U25: =IF(COUNT(E25:S25)=0,"",SUMSQ(E25:S25)) | V25: =IF(COUNT(E25:S25)=0,"",AVERAGE(E25:S25)) | W25: =IF(COUNT(E25:S25)=0,"",STDEVP(E25:S25)) | X25: =IF(COUNT(E25:S25)=0,"",V25-1*W25) | Y25: =IF(COUNT(E25:S25)=0,"",V25+1*W25) | Z25: =IF(COUNT(E25:S25)=0,"",SUM(IF(AND(E25>X25,E25<Y25),E25,0),IF(AND(F25>X25,F25<Y25),F25,0),IF(AND(G25>X25,G25<Y25),G25,0),IF(AND(H25>X25,H25<Y25),H25,0),IF(AND(I25>X25,I25<Y25),I25,0),IF(AND(J25>X25,J25<Y25),J25,0),IF(AND(K25>X25,K25<Y25),K25,0),IF(AND(L25>X25,L25<Y25),L25,0),IF(AND(M25>X25,M25<Y25),M25,0),IF(AND(N25>X25,N25<Y25),N25,0),IF(AND(O25>X25,O25<Y25),O25,0),IF(AND(P25>X25,P25<Y25),P25,0),IF(AND(Q25>X25,Q25<Y25),Q25,0),IF(AND(R25>X25,R25<Y25),R25,0),IF(AND(S25>X25,S25<Y25),S25,0))/SUM(IF(AND(E25>X25,E25<Y25,E25<>0),1,0),IF(AND(F25>X25,F25<Y25,F25<>0),1,0),IF(AND(G25>X25,G25<Y25,G25<>0),1,0),IF(AND(H25>X25,H25<Y25,H25<>0),1,0),IF(AND(I25>X25,I25<Y25,I25<>0),1,0),IF(AND(J25>X25,J25<Y25,J25<>0),1,0),IF(AND(K25>X25,K25<Y25,K25<>0),1,0),IF(AND(L25>X25,L25<Y25,L25<>0),1,0),IF(AND(M25>X25,M25<Y25,M25<>0),1,0),IF(AND(N25>X25,N25<Y25,N25<>0),1,0),IF(AND(O25>X25,O25<Y25,O25<>0),1,0),IF(AND(P25>X25,P25<Y25,P25<>0),1,0),IF(AND(Q25>X25,Q25<Y25,Q25<>0),1,0),IF(AND(R25>X25,R25<Y25,R25<>0),1,0),IF(AND(S25>X25,S25<Y25,S25<>0),1,0))) | AA25: =IF(COUNT(E25:S25)=0,"",SUM(IF(AND(E25>X25,E25<Y25),E25,0),IF(AND(F25>X25,F25<Y25),F25,0),IF(AND(G25>X25,G25<Y25),G25,0),IF(AND(H25>X25,H25<Y25),H25,0),IF(AND(I25>X25,I25<Y25),I25,0),IF(AND(J25>X25,J25<Y25),J25,0),IF(AND(K25>X25,K25<Y25),K25,0),IF(AND(L25>X25,L25<Y25),L25,0),IF(AND(M25>X25,M25<Y25),M25,0),IF(AND(N25>X25,N25<Y25),N25,0),IF(AND(O25>X25,O25<Y25),O25,0),IF(AND(P25>X25,P25<Y25),P25,0),IF(AND(Q25>X25,Q25<Y25),Q25,0),IF(AND(R25>X25,R25<Y25),R25,0),IF(AND(S25>X25,S25<Y25),S25,0))) | AB25: =IF(COUNT(E25:S25)=0,"",SUMSQ(IF(AND(E25>X25,E25<Y25),E25,0),IF(AND(F25>X25,F25<Y25),F25,0),IF(AND(G25>X25,G25<Y25),G25,0),IF(AND(H25>X25,H25<Y25),H25,0),IF(AND(I25>X25,I25<Y25),I25,0),IF(AND(J25>X25,J25<Y25),J25,0),IF(AND(K25>X25,K25<Y25),K25,0),IF(AND(L25>X25,L25<Y25),L25,0),IF(AND(M25>X25,M25<Y25),M25,0),IF(AND(N25>X25,N25<Y25),N25,0),IF(AND(O25>X25,O25<Y25),O25,0),IF(AND(P25>X25,P25<Y25),P25,0),IF(AND(Q25>X25,Q25<Y25),Q25,0),IF(AND(R25>X25,R25<Y25),R25,0),IF(AND(S25>X25,S25<Y25),S25,0))) | AC25: =IF(COUNT(E25:S25)=0,"",POWER(40*SQRT(SUM(IF(AND(E25>X25,E25<Y25),1,0),IF(AND(F25>X25,F25<Y25),1,0),IF(AND(G25>X25,G25<Y25),1,0),IF(AND(H25>X25,H25<Y25),1,0),IF(AND(I25>X25,I25<Y25),1,0),IF(AND(J25>X25,J25<Y25),1,0),IF(AND(K25>X25,K25<Y25),1,0),IF(AND(L25>X25,L25<Y25),1,0),IF(AND(M25>X25,M25<Y25),1,0),IF(AND(N25>X25,N25<Y25),1,0),IF(AND(O25>X25,O25<Y25),1,0),IF(AND(P25>X25,P25<Y25),1,0),IF(AND(Q25>X25,Q25<Y25),1,0),IF(AND(R25>X25,R25<Y25),1,0),IF(AND(S25>X25,S25<Y25),1,0))*AB25-POWER(AA25,2))/AA25,2)) | AD25: 20 | AE25: =IF(SUM(INDIRECT(CHAR(COLUMN()+38)&(ROW()-5)*8-2&":"&CHAR(COLUMN()+38)&(ROW()-5)*8+5))=0,"",SUM(INDIRECT(CHAR(COLUMN()+38)&(ROW()-5)*8-2&":"&CHAR(COLUMN()+38)&(ROW()-5)*8+5))/INDIRECT("C"&(ROW()-5)*8-2)) | AF25: =IF(SUM(INDIRECT(CHAR(COLUMN()+38)&(ROW()-5)*8-2&":"&CHAR(COLUMN()+38)&(ROW()-5)*8+5))=0,"",SUM(INDIRECT(CHAR(COLUMN()+38)&(ROW()-5)*8-2&":"&CHAR(COLUMN()+38)&(ROW()-5)*8+5))/INDIRECT("C"&(ROW()-5)*8-2)) | AG25: =IF(SUM(INDIRECT(CHAR(COLUMN()+38)&(ROW()-5)*8-2&":"&CHAR(COLUMN()+38)&(ROW()-5)*8+5))=0,"",SUM(INDIRECT(CHAR(COLUMN()+38)&(ROW()-5)*8-2&":"&CHAR(COLUMN()+38)&(ROW()-5)*8+5))/INDIRECT("C"&(ROW()-5)*8-2)) | AH25: =IF(SUM(INDIRECT(CHAR(COLUMN()+38)&(ROW()-5)*8-2&":"&CHAR(COLUMN()+38)&(ROW()-5)*8+5))=0,"",SUM(INDIRECT(CHAR(COLUMN()+38)&(ROW()-5)*8-2&":"&CHAR(COLUMN()+38)&(ROW()-5)*8+5))/INDIRECT("C"&(ROW()-5)*8-2)) | AI25: =IF(SUM(INDIRECT(CHAR(COLUMN()+38)&(ROW()-5)*8-2&":"&CHAR(COLUMN()+38)&(ROW()-5)*8+5))=0,"",SUM(INDIRECT(CHAR(COLUMN()+38)&(ROW()-5)*8-2&":"&CHAR(COLUMN()+38)&(ROW()-5)*8+5))/INDIRECT("C"&(ROW()-5)*8-2)) | AJ25: =IF(SUM(INDIRECT(CHAR(COLUMN()+38)&(ROW()-5)*8-2&":"&CHAR(COLUMN()+38)&(ROW()-5)*8+5))=0,"",SUM(INDIRECT(CHAR(COLUMN()+38)&(ROW()-5)*8-2&":"&CHAR(COLUMN()+38)&(ROW()-5)*8+5))/INDIRECT("C"&(ROW()-5)*8-2)) | AK25: =IF(SUM(INDIRECT(CHAR(COLUMN()+38)&(ROW()-5)*8-2&":"&CHAR(COLUMN()+38)&(ROW()-5)*8+5))=0,"",SUM(INDIRECT(CHAR(COLUMN()+38)&(ROW()-5)*8-2&":"&CHAR(COLUMN()+38)&(ROW()-5)*8+5))/INDIRECT("C"&(ROW()-5)*8-2)) | AL25: =IF(SUM(INDIRECT(CHAR(COLUMN()+38)&(ROW()-5)*8-2&":"&CHAR(COLUMN()+38)&(ROW()-5)*8+5))=0,"",SUM(INDIRECT(CHAR(COLUMN()+38)&(ROW()-5)*8-2&":"&CHAR(COLUMN()+38)&(ROW()-5)*8+5))/INDIRECT("C"&(ROW()-5)*8-2)) | ... AS25: =IF(SUM(INDIRECT(CHAR(COLUMN()+38)&(ROW()-5)*8-2&":"&CHAR(COLUMN()+38)&(ROW()-5)*8+5))=0,"",SUM(INDIRECT(CHAR(COLUMN()+38)&(ROW()-5)*8-2&":"&CHAR(COLUMN()+38)&(ROW()-5)*8+5))/INDIRECT("C"&(ROW()-5)*8-2)) | AT25: 20 | AU25: =IF(COUNT($AE25:$AS25)=0,"",PERCENTILE($AE25:$AS25,0.25)) | AV25: =IF(COUNT($AE25:$AS25)=0,"",MAX($AE25:$AS25)) | AW25: =IF(COUNT($AE25:$AS25)=0,"",MIN($AE25:$AS25)) | AX25: =IF(COUNT($AE25:$AS25)=0,"",PERCENTILE($AE25:$AS25,0.75))
T26: =IF(COUNT(E26:S26)=0,"",SUM(E26:S26)) | U26: =IF(COUNT(E26:S26)=0,"",SUMSQ(E26:S26)) | V26: =IF(COUNT(E26:S26)=0,"",AVERAGE(E26:S26)) | W26: =IF(COUNT(E26:S26)=0,"",STDEVP(E26:S26)) | X26: =IF(COUNT(E26:S26)=0,"",V26-1*W26) | Y26: =IF(COUNT(E26:S26)=0,"",V26+1*W26) | Z26: =IF(COUNT(E26:S26)=0,"",SUM(IF(AND(E26>X26,E26<Y26),E26,0),IF(AND(F26>X26,F26<Y26),F26,0),IF(AND(G26>X26,G26<Y26),G26,0),IF(AND(H26>X26,H26<Y26),H26,0),IF(AND(I26>X26,I26<Y26),I26,0),IF(AND(J26>X26,J26<Y26),J26,0),IF(AND(K26>X26,K26<Y26),K26,0),IF(AND(L26>X26,L26<Y26),L26,0),IF(AND(M26>X26,M26<Y26),M26,0),IF(AND(N26>X26,N26<Y26),N26,0),IF(AND(O26>X26,O26<Y26),O26,0),IF(AND(P26>X26,P26<Y26),P26,0),IF(AND(Q26>X26,Q26<Y26),Q26,0),IF(AND(R26>X26,R26<Y26),R26,0),IF(AND(S26>X26,S26<Y26),S26,0))/SUM(IF(AND(E26>X26,E26<Y26,E26<>0),1,0),IF(AND(F26>X26,F26<Y26,F26<>0),1,0),IF(AND(G26>X26,G26<Y26,G26<>0),1,0),IF(AND(H26>X26,H26<Y26,H26<>0),1,0),IF(AND(I26>X26,I26<Y26,I26<>0),1,0),IF(AND(J26>X26,J26<Y26,J26<>0),1,0),IF(AND(K26>X26,K26<Y26,K26<>0),1,0),IF(AND(L26>X26,L26<Y26,L26<>0),1,0),IF(AND(M26>X26,M26<Y26,M26<>0),1,0),IF(AND(N26>X26,N26<Y26,N26<>0),1,0),IF(AND(O26>X26,O26<Y26,O26<>0),1,0),IF(AND(P26>X26,P26<Y26,P26<>0),1,0),IF(AND(Q26>X26,Q26<Y26,Q26<>0),1,0),IF(AND(R26>X26,R26<Y26,R26<>0),1,0),IF(AND(S26>X26,S26<Y26,S26<>0),1,0))) | AA26: =IF(COUNT(E26:S26)=0,"",SUM(IF(AND(E26>X26,E26<Y26),E26,0),IF(AND(F26>X26,F26<Y26),F26,0),IF(AND(G26>X26,G26<Y26),G26,0),IF(AND(H26>X26,H26<Y26),H26,0),IF(AND(I26>X26,I26<Y26),I26,0),IF(AND(J26>X26,J26<Y26),J26,0),IF(AND(K26>X26,K26<Y26),K26,0),IF(AND(L26>X26,L26<Y26),L26,0),IF(AND(M26>X26,M26<Y26),M26,0),IF(AND(N26>X26,N26<Y26),N26,0),IF(AND(O26>X26,O26<Y26),O26,0),IF(AND(P26>X26,P26<Y26),P26,0),IF(AND(Q26>X26,Q26<Y26),Q26,0),IF(AND(R26>X26,R26<Y26),R26,0),IF(AND(S26>X26,S26<Y26),S26,0))) | AB26: =IF(COUNT(E26:S26)=0,"",SUMSQ(IF(AND(E26>X26,E26<Y26),E26,0),IF(AND(F26>X26,F26<Y26),F26,0),IF(AND(G26>X26,G26<Y26),G26,0),IF(AND(H26>X26,H26<Y26),H26,0),IF(AND(I26>X26,I26<Y26),I26,0),IF(AND(J26>X26,J26<Y26),J26,0),IF(AND(K26>X26,K26<Y26),K26,0),IF(AND(L26>X26,L26<Y26),L26,0),IF(AND(M26>X26,M26<Y26),M26,0),IF(AND(N26>X26,N26<Y26),N26,0),IF(AND(O26>X26,O26<Y26),O26,0),IF(AND(P26>X26,P26<Y26),P26,0),IF(AND(Q26>X26,Q26<Y26),Q26,0),IF(AND(R26>X26,R26<Y26),R26,0),IF(AND(S26>X26,S26<Y26),S26,0))) | AC26: =IF(COUNT(E26:S26)=0,"",POWER(40*SQRT(SUM(IF(AND(E26>X26,E26<Y26),1,0),IF(AND(F26>X26,F26<Y26),1,0),IF(AND(G26>X26,G26<Y26),1,0),IF(AND(H26>X26,H26<Y26),1,0),IF(AND(I26>X26,I26<Y26),1,0),IF(AND(J26>X26,J26<Y26),1,0),IF(AND(K26>X26,K26<Y26),1,0),IF(AND(L26>X26,L26<Y26),1,0),IF(AND(M26>X26,M26<Y26),1,0),IF(AND(N26>X26,N26<Y26),1,0),IF(AND(O26>X26,O26<Y26),1,0),IF(AND(P26>X26,P26<Y26),1,0),IF(AND(Q26>X26,Q26<Y26),1,0),IF(AND(R26>X26,R26<Y26),1,0),IF(AND(S26>X26,S26<Y26),1,0))*AB26-POWER(AA26,2))/AA26,2)) | AD26: 21 | AE26: =IF(SUM(INDIRECT(CHAR(COLUMN()+38)&(ROW()-5)*8-2&":"&CHAR(COLUMN()+38)&(ROW()-5)*8+5))=0,"",SUM(INDIRECT(CHAR(COLUMN()+38)&(ROW()-5)*8-2&":"&CHAR(COLUMN()+38)&(ROW()-5)*8+5))/INDIRECT("C"&(ROW()-5)*8-2)) | AF26: =IF(SUM(INDIRECT(CHAR(COLUMN()+38)&(ROW()-5)*8-2&":"&CHAR(COLUMN()+38)&(ROW()-5)*8+5))=0,"",SUM(INDIRECT(CHAR(COLUMN()+38)&(ROW()-5)*8-2&":"&CHAR(COLUMN()+38)&(ROW()-5)*8+5))/INDIRECT("C"&(ROW()-5)*8-2)) | AG26: =IF(SUM(INDIRECT(CHAR(COLUMN()+38)&(ROW()-5)*8-2&":"&CHAR(COLUMN()+38)&(ROW()-5)*8+5))=0,"",SUM(INDIRECT(CHAR(COLUMN()+38)&(ROW()-5)*8-2&":"&CHAR(COLUMN()+38)&(ROW()-5)*8+5))/INDIRECT("C"&(ROW()-5)*8-2)) | AH26: =IF(SUM(INDIRECT(CHAR(COLUMN()+38)&(ROW()-5)*8-2&":"&CHAR(COLUMN()+38)&(ROW()-5)*8+5))=0,"",SUM(INDIRECT(CHAR(COLUMN()+38)&(ROW()-5)*8-2&":"&CHAR(COLUMN()+38)&(ROW()-5)*8+5))/INDIRECT("C"&(ROW()-5)*8-2)) | AI26: =IF(SUM(INDIRECT(CHAR(COLUMN()+38)&(ROW()-5)*8-2&":"&CHAR(COLUMN()+38)&(ROW()-5)*8+5))=0,"",SUM(INDIRECT(CHAR(COLUMN()+38)&(ROW()-5)*8-2&":"&CHAR(COLUMN()+38)&(ROW()-5)*8+5))/INDIRECT("C"&(ROW()-5)*8-2)) | AJ26: =IF(SUM(INDIRECT(CHAR(COLUMN()+38)&(ROW()-5)*8-2&":"&CHAR(COLUMN()+38)&(ROW()-5)*8+5))=0,"",SUM(INDIRECT(CHAR(COLUMN()+38)&(ROW()-5)*8-2&":"&CHAR(COLUMN()+38)&(ROW()-5)*8+5))/INDIRECT("C"&(ROW()-5)*8-2)) | AK26: =IF(SUM(INDIRECT(CHAR(COLUMN()+38)&(ROW()-5)*8-2&":"&CHAR(COLUMN()+38)&(ROW()-5)*8+5))=0,"",SUM(INDIRECT(CHAR(COLUMN()+38)&(ROW()-5)*8-2&":"&CHAR(COLUMN()+38)&(ROW()-5)*8+5))/INDIRECT("C"&(ROW()-5)*8-2)) | AL26: =IF(SUM(INDIRECT(CHAR(COLUMN()+38)&(ROW()-5)*8-2&":"&CHAR(COLUMN()+38)&(ROW()-5)*8+5))=0,"",SUM(INDIRECT(CHAR(COLUMN()+38)&(ROW()-5)*8-2&":"&CHAR(COLUMN()+38)&(ROW()-5)*8+5))/INDIRECT("C"&(ROW()-5)*8-2)) | ... AS26: =IF(SUM(INDIRECT(CHAR(COLUMN()+38)&(ROW()-5)*8-2&":"&CHAR(COLUMN()+38)&(ROW()-5)*8+5))=0,"",SUM(INDIRECT(CHAR(COLUMN()+38)&(ROW()-5)*8-2&":"&CHAR(COLUMN()+38)&(ROW()-5)*8+5))/INDIRECT("C"&(ROW()-5)*8-2)) | AT26: 21 | AU26: =IF(COUNT($AE26:$AS26)=0,"",PERCENTILE($AE26:$AS26,0.25)) | AV26: =IF(COUNT($AE26:$AS26)=0,"",MAX($AE26:$AS26)) | AW26: =IF(COUNT($AE26:$AS26)=0,"",MIN($AE26:$AS26)) | AX26: =IF(COUNT($AE26:$AS26)=0,"",PERCENTILE($AE26:$AS26,0.75))
T27: =IF(COUNT(E27:S27)=0,"",SUM(E27:S27)) | U27: =IF(COUNT(E27:S27)=0,"",SUMSQ(E27:S27)) | V27: =IF(COUNT(E27:S27)=0,"",AVERAGE(E27:S27)) | W27: =IF(COUNT(E27:S27)=0,"",STDEVP(E27:S27)) | X27: =IF(COUNT(E27:S27)=0,"",V27-1*W27) | Y27: =IF(COUNT(E27:S27)=0,"",V27+1*W27) | Z27: =IF(COUNT(E27:S27)=0,"",SUM(IF(AND(E27>X27,E27<Y27),E27,0),IF(AND(F27>X27,F27<Y27),F27,0),IF(AND(G27>X27,G27<Y27),G27,0),IF(AND(H27>X27,H27<Y27),H27,0),IF(AND(I27>X27,I27<Y27),I27,0),IF(AND(J27>X27,J27<Y27),J27,0),IF(AND(K27>X27,K27<Y27),K27,0),IF(AND(L27>X27,L27<Y27),L27,0),IF(AND(M27>X27,M27<Y27),M27,0),IF(AND(N27>X27,N27<Y27),N27,0),IF(AND(O27>X27,O27<Y27),O27,0),IF(AND(P27>X27,P27<Y27),P27,0),IF(AND(Q27>X27,Q27<Y27),Q27,0),IF(AND(R27>X27,R27<Y27),R27,0),IF(AND(S27>X27,S27<Y27),S27,0))/SUM(IF(AND(E27>X27,E27<Y27,E27<>0),1,0),IF(AND(F27>X27,F27<Y27,F27<>0),1,0),IF(AND(G27>X27,G27<Y27,G27<>0),1,0),IF(AND(H27>X27,H27<Y27,H27<>0),1,0),IF(AND(I27>X27,I27<Y27,I27<>0),1,0),IF(AND(J27>X27,J27<Y27,J27<>0),1,0),IF(AND(K27>X27,K27<Y27,K27<>0),1,0),IF(AND(L27>X27,L27<Y27,L27<>0),1,0),IF(AND(M27>X27,M27<Y27,M27<>0),1,0),IF(AND(N27>X27,N27<Y27,N27<>0),1,0),IF(AND(O27>X27,O27<Y27,O27<>0),1,0),IF(AND(P27>X27,P27<Y27,P27<>0),1,0),IF(AND(Q27>X27,Q27<Y27,Q27<>0),1,0),IF(AND(R27>X27,R27<Y27,R27<>0),1,0),IF(AND(S27>X27,S27<Y27,S27<>0),1,0))) | AA27: =IF(COUNT(E27:S27)=0,"",SUM(IF(AND(E27>X27,E27<Y27),E27,0),IF(AND(F27>X27,F27<Y27),F27,0),IF(AND(G27>X27,G27<Y27),G27,0),IF(AND(H27>X27,H27<Y27),H27,0),IF(AND(I27>X27,I27<Y27),I27,0),IF(AND(J27>X27,J27<Y27),J27,0),IF(AND(K27>X27,K27<Y27),K27,0),IF(AND(L27>X27,L27<Y27),L27,0),IF(AND(M27>X27,M27<Y27),M27,0),IF(AND(N27>X27,N27<Y27),N27,0),IF(AND(O27>X27,O27<Y27),O27,0),IF(AND(P27>X27,P27<Y27),P27,0),IF(AND(Q27>X27,Q27<Y27),Q27,0),IF(AND(R27>X27,R27<Y27),R27,0),IF(AND(S27>X27,S27<Y27),S27,0))) | AB27: =IF(COUNT(E27:S27)=0,"",SUMSQ(IF(AND(E27>X27,E27<Y27),E27,0),IF(AND(F27>X27,F27<Y27),F27,0),IF(AND(G27>X27,G27<Y27),G27,0),IF(AND(H27>X27,H27<Y27),H27,0),IF(AND(I27>X27,I27<Y27),I27,0),IF(AND(J27>X27,J27<Y27),J27,0),IF(AND(K27>X27,K27<Y27),K27,0),IF(AND(L27>X27,L27<Y27),L27,0),IF(AND(M27>X27,M27<Y27),M27,0),IF(AND(N27>X27,N27<Y27),N27,0),IF(AND(O27>X27,O27<Y27),O27,0),IF(AND(P27>X27,P27<Y27),P27,0),IF(AND(Q27>X27,Q27<Y27),Q27,0),IF(AND(R27>X27,R27<Y27),R27,0),IF(AND(S27>X27,S27<Y27),S27,0))) | AC27: =IF(COUNT(E27:S27)=0,"",POWER(40*SQRT(SUM(IF(AND(E27>X27,E27<Y27),1,0),IF(AND(F27>X27,F27<Y27),1,0),IF(AND(G27>X27,G27<Y27),1,0),IF(AND(H27>X27,H27<Y27),1,0),IF(AND(I27>X27,I27<Y27),1,0),IF(AND(J27>X27,J27<Y27),1,0),IF(AND(K27>X27,K27<Y27),1,0),IF(AND(L27>X27,L27<Y27),1,0),IF(AND(M27>X27,M27<Y27),1,0),IF(AND(N27>X27,N27<Y27),1,0),IF(AND(O27>X27,O27<Y27),1,0),IF(AND(P27>X27,P27<Y27),1,0),IF(AND(Q27>X27,Q27<Y27),1,0),IF(AND(R27>X27,R27<Y27),1,0),IF(AND(S27>X27,S27<Y27),1,0))*AB27-POWER(AA27,2))/AA27,2)) | AD27: 22 | AE27: =IF(SUM(INDIRECT(CHAR(COLUMN()+38)&(ROW()-5)*8-2&":"&CHAR(COLUMN()+38)&(ROW()-5)*8+5))=0,"",SUM(INDIRECT(CHAR(COLUMN()+38)&(ROW()-5)*8-2&":"&CHAR(COLUMN()+38)&(ROW()-5)*8+5))/INDIRECT("C"&(ROW()-5)*8-2)) | AF27: =IF(SUM(INDIRECT(CHAR(COLUMN()+38)&(ROW()-5)*8-2&":"&CHAR(COLUMN()+38)&(ROW()-5)*8+5))=0,"",SUM(INDIRECT(CHAR(COLUMN()+38)&(ROW()-5)*8-2&":"&CHAR(COLUMN()+38)&(ROW()-5)*8+5))/INDIRECT("C"&(ROW()-5)*8-2)) | AG27: =IF(SUM(INDIRECT(CHAR(COLUMN()+38)&(ROW()-5)*8-2&":"&CHAR(COLUMN()+38)&(ROW()-5)*8+5))=0,"",SUM(INDIRECT(CHAR(COLUMN()+38)&(ROW()-5)*8-2&":"&CHAR(COLUMN()+38)&(ROW()-5)*8+5))/INDIRECT("C"&(ROW()-5)*8-2)) | AH27: =IF(SUM(INDIRECT(CHAR(COLUMN()+38)&(ROW()-5)*8-2&":"&CHAR(COLUMN()+38)&(ROW()-5)*8+5))=0,"",SUM(INDIRECT(CHAR(COLUMN()+38)&(ROW()-5)*8-2&":"&CHAR(COLUMN()+38)&(ROW()-5)*8+5))/INDIRECT("C"&(ROW()-5)*8-2)) | AI27: =IF(SUM(INDIRECT(CHAR(COLUMN()+38)&(ROW()-5)*8-2&":"&CHAR(COLUMN()+38)&(ROW()-5)*8+5))=0,"",SUM(INDIRECT(CHAR(COLUMN()+38)&(ROW()-5)*8-2&":"&CHAR(COLUMN()+38)&(ROW()-5)*8+5))/INDIRECT("C"&(ROW()-5)*8-2)) | AJ27: =IF(SUM(INDIRECT(CHAR(COLUMN()+38)&(ROW()-5)*8-2&":"&CHAR(COLUMN()+38)&(ROW()-5)*8+5))=0,"",SUM(INDIRECT(CHAR(COLUMN()+38)&(ROW()-5)*8-2&":"&CHAR(COLUMN()+38)&(ROW()-5)*8+5))/INDIRECT("C"&(ROW()-5)*8-2)) | AK27: =IF(SUM(INDIRECT(CHAR(COLUMN()+38)&(ROW()-5)*8-2&":"&CHAR(COLUMN()+38)&(ROW()-5)*8+5))=0,"",SUM(INDIRECT(CHAR(COLUMN()+38)&(ROW()-5)*8-2&":"&CHAR(COLUMN()+38)&(ROW()-5)*8+5))/INDIRECT("C"&(ROW()-5)*8-2)) | AL27: =IF(SUM(INDIRECT(CHAR(COLUMN()+38)&(ROW()-5)*8-2&":"&CHAR(COLUMN()+38)&(ROW()-5)*8+5))=0,"",SUM(INDIRECT(CHAR(COLUMN()+38)&(ROW()-5)*8-2&":"&CHAR(COLUMN()+38)&(ROW()-5)*8+5))/INDIRECT("C"&(ROW()-5)*8-2)) | ... AS27: =IF(SUM(INDIRECT(CHAR(COLUMN()+38)&(ROW()-5)*8-2&":"&CHAR(COLUMN()+38)&(ROW()-5)*8+5))=0,"",SUM(INDIRECT(CHAR(COLUMN()+38)&(ROW()-5)*8-2&":"&CHAR(COLUMN()+38)&(ROW()-5)*8+5))/INDIRECT("C"&(ROW()-5)*8-2)) | AT27: 22 | AU27: =IF(COUNT($AE27:$AS27)=0,"",PERCENTILE($AE27:$AS27,0.25)) | AV27: =IF(COUNT($AE27:$AS27)=0,"",MAX($AE27:$AS27)) | AW27: =IF(COUNT($AE27:$AS27)=0,"",MIN($AE27:$AS27)) | AX27: =IF(COUNT($AE27:$AS27)=0,"",PERCENTILE($AE27:$AS27,0.75))
T28: =IF(COUNT(E28:S28)=0,"",SUM(E28:S28)) | U28: =IF(COUNT(E28:S28)=0,"",SUMSQ(E28:S28)) | V28: =IF(COUNT(E28:S28)=0,"",AVERAGE(E28:S28)) | W28: =IF(COUNT(E28:S28)=0,"",STDEVP(E28:S28)) | X28: =IF(COUNT(E28:S28)=0,"",V28-1*W28) | Y28: =IF(COUNT(E28:S28)=0,"",V28+1*W28) | Z28: =IF(COUNT(E28:S28)=0,"",SUM(IF(AND(E28>X28,E28<Y28),E28,0),IF(AND(F28>X28,F28<Y28),F28,0),IF(AND(G28>X28,G28<Y28),G28,0),IF(AND(H28>X28,H28<Y28),H28,0),IF(AND(I28>X28,I28<Y28),I28,0),IF(AND(J28>X28,J28<Y28),J28,0),IF(AND(K28>X28,K28<Y28),K28,0),IF(AND(L28>X28,L28<Y28),L28,0),IF(AND(M28>X28,M28<Y28),M28,0),IF(AND(N28>X28,N28<Y28),N28,0),IF(AND(O28>X28,O28<Y28),O28,0),IF(AND(P28>X28,P28<Y28),P28,0),IF(AND(Q28>X28,Q28<Y28),Q28,0),IF(AND(R28>X28,R28<Y28),R28,0),IF(AND(S28>X28,S28<Y28),S28,0))/SUM(IF(AND(E28>X28,E28<Y28,E28<>0),1,0),IF(AND(F28>X28,F28<Y28,F28<>0),1,0),IF(AND(G28>X28,G28<Y28,G28<>0),1,0),IF(AND(H28>X28,H28<Y28,H28<>0),1,0),IF(AND(I28>X28,I28<Y28,I28<>0),1,0),IF(AND(J28>X28,J28<Y28,J28<>0),1,0),IF(AND(K28>X28,K28<Y28,K28<>0),1,0),IF(AND(L28>X28,L28<Y28,L28<>0),1,0),IF(AND(M28>X28,M28<Y28,M28<>0),1,0),IF(AND(N28>X28,N28<Y28,N28<>0),1,0),IF(AND(O28>X28,O28<Y28,O28<>0),1,0),IF(AND(P28>X28,P28<Y28,P28<>0),1,0),IF(AND(Q28>X28,Q28<Y28,Q28<>0),1,0),IF(AND(R28>X28,R28<Y28,R28<>0),1,0),IF(AND(S28>X28,S28<Y28,S28<>0),1,0))) | AA28: =IF(COUNT(E28:S28)=0,"",SUM(IF(AND(E28>X28,E28<Y28),E28,0),IF(AND(F28>X28,F28<Y28),F28,0),IF(AND(G28>X28,G28<Y28),G28,0),IF(AND(H28>X28,H28<Y28),H28,0),IF(AND(I28>X28,I28<Y28),I28,0),IF(AND(J28>X28,J28<Y28),J28,0),IF(AND(K28>X28,K28<Y28),K28,0),IF(AND(L28>X28,L28<Y28),L28,0),IF(AND(M28>X28,M28<Y28),M28,0),IF(AND(N28>X28,N28<Y28),N28,0),IF(AND(O28>X28,O28<Y28),O28,0),IF(AND(P28>X28,P28<Y28),P28,0),IF(AND(Q28>X28,Q28<Y28),Q28,0),IF(AND(R28>X28,R28<Y28),R28,0),IF(AND(S28>X28,S28<Y28),S28,0))) | AB28: =IF(COUNT(E28:S28)=0,"",SUMSQ(IF(AND(E28>X28,E28<Y28),E28,0),IF(AND(F28>X28,F28<Y28),F28,0),IF(AND(G28>X28,G28<Y28),G28,0),IF(AND(H28>X28,H28<Y28),H28,0),IF(AND(I28>X28,I28<Y28),I28,0),IF(AND(J28>X28,J28<Y28),J28,0),IF(AND(K28>X28,K28<Y28),K28,0),IF(AND(L28>X28,L28<Y28),L28,0),IF(AND(M28>X28,M28<Y28),M28,0),IF(AND(N28>X28,N28<Y28),N28,0),IF(AND(O28>X28,O28<Y28),O28,0),IF(AND(P28>X28,P28<Y28),P28,0),IF(AND(Q28>X28,Q28<Y28),Q28,0),IF(AND(R28>X28,R28<Y28),R28,0),IF(AND(S28>X28,S28<Y28),S28,0))) | AC28: =IF(COUNT(E28:S28)=0,"",POWER(40*SQRT(SUM(IF(AND(E28>X28,E28<Y28),1,0),IF(AND(F28>X28,F28<Y28),1,0),IF(AND(G28>X28,G28<Y28),1,0),IF(AND(H28>X28,H28<Y28),1,0),IF(AND(I28>X28,I28<Y28),1,0),IF(AND(J28>X28,J28<Y28),1,0),IF(AND(K28>X28,K28<Y28),1,0),IF(AND(L28>X28,L28<Y28),1,0),IF(AND(M28>X28,M28<Y28),1,0),IF(AND(N28>X28,N28<Y28),1,0),IF(AND(O28>X28,O28<Y28),1,0),IF(AND(P28>X28,P28<Y28),1,0),IF(AND(Q28>X28,Q28<Y28),1,0),IF(AND(R28>X28,R28<Y28),1,0),IF(AND(S28>X28,S28<Y28),1,0))*AB28-POWER(AA28,2))/AA28,2)) | AD28: 23 | AE28: =IF(SUM(INDIRECT(CHAR(COLUMN()+38)&(ROW()-5)*8-2&":"&CHAR(COLUMN()+38)&(ROW()-5)*8+5))=0,"",SUM(INDIRECT(CHAR(COLUMN()+38)&(ROW()-5)*8-2&":"&CHAR(COLUMN()+38)&(ROW()-5)*8+5))/INDIRECT("C"&(ROW()-5)*8-2)) | AF28: =IF(SUM(INDIRECT(CHAR(COLUMN()+38)&(ROW()-5)*8-2&":"&CHAR(COLUMN()+38)&(ROW()-5)*8+5))=0,"",SUM(INDIRECT(CHAR(COLUMN()+38)&(ROW()-5)*8-2&":"&CHAR(COLUMN()+38)&(ROW()-5)*8+5))/INDIRECT("C"&(ROW()-5)*8-2)) | AG28: =IF(SUM(INDIRECT(CHAR(COLUMN()+38)&(ROW()-5)*8-2&":"&CHAR(COLUMN()+38)&(ROW()-5)*8+5))=0,"",SUM(INDIRECT(CHAR(COLUMN()+38)&(ROW()-5)*8-2&":"&CHAR(COLUMN()+38)&(ROW()-5)*8+5))/INDIRECT("C"&(ROW()-5)*8-2)) | AH28: =IF(SUM(INDIRECT(CHAR(COLUMN()+38)&(ROW()-5)*8-2&":"&CHAR(COLUMN()+38)&(ROW()-5)*8+5))=0,"",SUM(INDIRECT(CHAR(COLUMN()+38)&(ROW()-5)*8-2&":"&CHAR(COLUMN()+38)&(ROW()-5)*8+5))/INDIRECT("C"&(ROW()-5)*8-2)) | AI28: =IF(SUM(INDIRECT(CHAR(COLUMN()+38)&(ROW()-5)*8-2&":"&CHAR(COLUMN()+38)&(ROW()-5)*8+5))=0,"",SUM(INDIRECT(CHAR(COLUMN()+38)&(ROW()-5)*8-2&":"&CHAR(COLUMN()+38)&(ROW()-5)*8+5))/INDIRECT("C"&(ROW()-5)*8-2)) | AJ28: =IF(SUM(INDIRECT(CHAR(COLUMN()+38)&(ROW()-5)*8-2&":"&CHAR(COLUMN()+38)&(ROW()-5)*8+5))=0,"",SUM(INDIRECT(CHAR(COLUMN()+38)&(ROW()-5)*8-2&":"&CHAR(COLUMN()+38)&(ROW()-5)*8+5))/INDIRECT("C"&(ROW()-5)*8-2)) | AK28: =IF(SUM(INDIRECT(CHAR(COLUMN()+38)&(ROW()-5)*8-2&":"&CHAR(COLUMN()+38)&(ROW()-5)*8+5))=0,"",SUM(INDIRECT(CHAR(COLUMN()+38)&(ROW()-5)*8-2&":"&CHAR(COLUMN()+38)&(ROW()-5)*8+5))/INDIRECT("C"&(ROW()-5)*8-2)) | AL28: =IF(SUM(INDIRECT(CHAR(COLUMN()+38)&(ROW()-5)*8-2&":"&CHAR(COLUMN()+38)&(ROW()-5)*8+5))=0,"",SUM(INDIRECT(CHAR(COLUMN()+38)&(ROW()-5)*8-2&":"&CHAR(COLUMN()+38)&(ROW()-5)*8+5))/INDIRECT("C"&(ROW()-5)*8-2)) | ... AS28: =IF(SUM(INDIRECT(CHAR(COLUMN()+38)&(ROW()-5)*8-2&":"&CHAR(COLUMN()+38)&(ROW()-5)*8+5))=0,"",SUM(INDIRECT(CHAR(COLUMN()+38)&(ROW()-5)*8-2&":"&CHAR(COLUMN()+38)&(ROW()-5)*8+5))/INDIRECT("C"&(ROW()-5)*8-2)) | AT28: 23 | AU28: =IF(COUNT($AE28:$AS28)=0,"",PERCENTILE($AE28:$AS28,0.25)) | AV28: =IF(COUNT($AE28:$AS28)=0,"",MAX($AE28:$AS28)) | AW28: =IF(COUNT($AE28:$AS28)=0,"",MIN($AE28:$AS28)) | AX28: =IF(COUNT($AE28:$AS28)=0,"",PERCENTILE($AE28:$AS28,0.75))
T29: =IF(COUNT(E29:S29)=0,"",SUM(E29:S29)) | U29: =IF(COUNT(E29:S29)=0,"",SUMSQ(E29:S29)) | V29: =IF(COUNT(E29:S29)=0,"",AVERAGE(E29:S29)) | W29: =IF(COUNT(E29:S29)=0,"",STDEVP(E29:S29)) | X29: =IF(COUNT(E29:S29)=0,"",V29-1*W29) | Y29: =IF(COUNT(E29:S29)=0,"",V29+1*W29) | AA29: =IF(COUNT(E29:S29)=0,"",SUM(IF(AND(E29>X29,E29<Y29),E29,0),IF(AND(F29>X29,F29<Y29),F29,0),IF(AND(G29>X29,G29<Y29),G29,0),IF(AND(H29>X29,H29<Y29),H29,0),IF(AND(I29>X29,I29<Y29),I29,0),IF(AND(J29>X29,J29<Y29),J29,0),IF(AND(K29>X29,K29<Y29),K29,0),IF(AND(L29>X29,L29<Y29),L29,0),IF(AND(M29>X29,M29<Y29),M29,0),IF(AND(N29>X29,N29<Y29),N29,0),IF(AND(O29>X29,O29<Y29),O29,0),IF(AND(P29>X29,P29<Y29),P29,0),IF(AND(Q29>X29,Q29<Y29),Q29,0),IF(AND(R29>X29,R29<Y29),R29,0),IF(AND(S29>X29,S29<Y29),S29,0))) | AB29: =IF(COUNT(E29:S29)=0,"",SUMSQ(IF(AND(E29>X29,E29<Y29),E29,0),IF(AND(F29>X29,F29<Y29),F29,0),IF(AND(G29>X29,G29<Y29),G29,0),IF(AND(H29>X29,H29<Y29),H29,0),IF(AND(I29>X29,I29<Y29),I29,0),IF(AND(J29>X29,J29<Y29),J29,0),IF(AND(K29>X29,K29<Y29),K29,0),IF(AND(L29>X29,L29<Y29),L29,0),IF(AND(M29>X29,M29<Y29),M29,0),IF(AND(N29>X29,N29<Y29),N29,0),IF(AND(O29>X29,O29<Y29),O29,0),IF(AND(P29>X29,P29<Y29),P29,0),IF(AND(Q29>X29,Q29<Y29),Q29,0),IF(AND(R29>X29,R29<Y29),R29,0),IF(AND(S29>X29,S29<Y29),S29,0))) | AC29: =IF(COUNT(E29:S29)=0,"",POWER(40*SQRT(SUM(IF(AND(E29>X29,E29<Y29),1,0),IF(AND(F29>X29,F29<Y29),1,0),IF(AND(G29>X29,G29<Y29),1,0),IF(AND(H29>X29,H29<Y29),1,0),IF(AND(I29>X29,I29<Y29),1,0),IF(AND(J29>X29,J29<Y29),1,0),IF(AND(K29>X29,K29<Y29),1,0),IF(AND(L29>X29,L29<Y29),1,0),IF(AND(M29>X29,M29<Y29),1,0),IF(AND(N29>X29,N29<Y29),1,0),IF(AND(O29>X29,O29<Y29),1,0),IF(AND(P29>X29,P29<Y29),1,0),IF(AND(Q29>X29,Q29<Y29),1,0),IF(AND(R29>X29,R29<Y29),1,0),IF(AND(S29>X29,S29<Y29),1,0))*AB29-POWER(AA29,2))/AA29,2)) | AD29: 24 | AE29: =IF(SUM(INDIRECT(CHAR(COLUMN()+38)&(ROW()-5)*8-2&":"&CHAR(COLUMN()+38)&(ROW()-5)*8+5))=0,"",SUM(INDIRECT(CHAR(COLUMN()+38)&(ROW()-5)*8-2&":"&CHAR(COLUMN()+38)&(ROW()-5)*8+5))/INDIRECT("C"&(ROW()-5)*8-2)) | AF29: =IF(SUM(INDIRECT(CHAR(COLUMN()+38)&(ROW()-5)*8-2&":"&CHAR(COLUMN()+38)&(ROW()-5)*8+5))=0,"",SUM(INDIRECT(CHAR(COLUMN()+38)&(ROW()-5)*8-2&":"&CHAR(COLUMN()+38)&(ROW()-5)*8+5))/INDIRECT("C"&(ROW()-5)*8-2)) | AG29: =IF(SUM(INDIRECT(CHAR(COLUMN()+38)&(ROW()-5)*8-2&":"&CHAR(COLUMN()+38)&(ROW()-5)*8+5))=0,"",SUM(INDIRECT(CHAR(COLUMN()+38)&(ROW()-5)*8-2&":"&CHAR(COLUMN()+38)&(ROW()-5)*8+5))/INDIRECT("C"&(ROW()-5)*8-2)) | AH29: =IF(SUM(INDIRECT(CHAR(COLUMN()+38)&(ROW()-5)*8-2&":"&CHAR(COLUMN()+38)&(ROW()-5)*8+5))=0,"",SUM(INDIRECT(CHAR(COLUMN()+38)&(ROW()-5)*8-2&":"&CHAR(COLUMN()+38)&(ROW()-5)*8+5))/INDIRECT("C"&(ROW()-5)*8-2)) | AI29: =IF(SUM(INDIRECT(CHAR(COLUMN()+38)&(ROW()-5)*8-2&":"&CHAR(COLUMN()+38)&(ROW()-5)*8+5))=0,"",SUM(INDIRECT(CHAR(COLUMN()+38)&(ROW()-5)*8-2&":"&CHAR(COLUMN()+38)&(ROW()-5)*8+5))/INDIRECT("C"&(ROW()-5)*8-2)) | AJ29: =IF(SUM(INDIRECT(CHAR(COLUMN()+38)&(ROW()-5)*8-2&":"&CHAR(COLUMN()+38)&(ROW()-5)*8+5))=0,"",SUM(INDIRECT(CHAR(COLUMN()+38)&(ROW()-5)*8-2&":"&CHAR(COLUMN()+38)&(ROW()-5)*8+5))/INDIRECT("C"&(ROW()-5)*8-2)) | AK29: =IF(SUM(INDIRECT(CHAR(COLUMN()+38)&(ROW()-5)*8-2&":"&CHAR(COLUMN()+38)&(ROW()-5)*8+5))=0,"",SUM(INDIRECT(CHAR(COLUMN()+38)&(ROW()-5)*8-2&":"&CHAR(COLUMN()+38)&(ROW()-5)*8+5))/INDIRECT("C"&(ROW()-5)*8-2)) | AL29: =IF(SUM(INDIRECT(CHAR(COLUMN()+38)&(ROW()-5)*8-2&":"&CHAR(COLUMN()+38)&(ROW()-5)*8+5))=0,"",SUM(INDIRECT(CHAR(COLUMN()+38)&(ROW()-5)*8-2&":"&CHAR(COLUMN()+38)&(ROW()-5)*8+5))/INDIRECT("C"&(ROW()-5)*8-2)) | ... AS29: =IF(SUM(INDIRECT(CHAR(COLUMN()+38)&(ROW()-5)*8-2&":"&CHAR(COLUMN()+38)&(ROW()-5)*8+5))=0,"",SUM(INDIRECT(CHAR(COLUMN()+38)&(ROW()-5)*8-2&":"&CHAR(COLUMN()+38)&(ROW()-5)*8+5))/INDIRECT("C"&(ROW()-5)*8-2)) | AT29: 24 | AU29: =IF(COUNT($AE29:$AS29)=0,"",PERCENTILE($AE29:$AS29,0.25)) | AV29: =IF(COUNT($AE29:$AS29)=0,"",MAX($AE29:$AS29)) | AW29: =IF(COUNT($AE29:$AS29)=0,"",MIN($AE29:$AS29)) | AX29: =IF(COUNT($AE29:$AS29)=0,"",PERCENTILE($AE29:$AS29,0.75))
A30: 4 | T30: =IF(COUNT(E30:S30)=0,"",SUM(E30:S30)) | U30: =IF(COUNT(E30:S30)=0,"",SUMSQ(E30:S30)) | V30: =IF(COUNT(E30:S30)=0,"",AVERAGE(E30:S30)) | W30: =IF(COUNT(E30:S30)=0,"",STDEVP(E30:S30)) | X30: =IF(COUNT(E30:S30)=0,"",V30-1*W30) | Y30: =IF(COUNT(E30:S30)=0,"",V30+1*W30) | Z30: =IF(COUNT(E30:S30)=0,"",SUM(IF(AND(E30>X30,E30<Y30),E30,0),IF(AND(F30>X30,F30<Y30),F30,0),IF(AND(G30>X30,G30<Y30),G30,0),IF(AND(H30>X30,H30<Y30),H30,0),IF(AND(I30>X30,I30<Y30),I30,0),IF(AND(J30>X30,J30<Y30),J30,0),IF(AND(K30>X30,K30<Y30),K30,0),IF(AND(L30>X30,L30<Y30),L30,0),IF(AND(M30>X30,M30<Y30),M30,0),IF(AND(N30>X30,N30<Y30),N30,0),IF(AND(O30>X30,O30<Y30),O30,0),IF(AND(P30>X30,P30<Y30),P30,0),IF(AND(Q30>X30,Q30<Y30),Q30,0),IF(AND(R30>X30,R30<Y30),R30,0),IF(AND(S30>X30,S30<Y30),S30,0))/SUM(IF(AND(E30>X30,E30<Y30,E30<>0),1,0),IF(AND(F30>X30,F30<Y30,F30<>0),1,0),IF(AND(G30>X30,G30<Y30,G30<>0),1,0),IF(AND(H30>X30,H30<Y30,H30<>0),1,0),IF(AND(I30>X30,I30<Y30,I30<>0),1,0),IF(AND(J30>X30,J30<Y30,J30<>0),1,0),IF(AND(K30>X30,K30<Y30,K30<>0),1,0),IF(AND(L30>X30,L30<Y30,L30<>0),1,0),IF(AND(M30>X30,M30<Y30,M30<>0),1,0),IF(AND(N30>X30,N30<Y30,N30<>0),1,0),IF(AND(O30>X30,O30<Y30,O30<>0),1,0),IF(AND(P30>X30,P30<Y30,P30<>0),1,0),IF(AND(Q30>X30,Q30<Y30,Q30<>0),1,0),IF(AND(R30>X30,R30<Y30,R30<>0),1,0),IF(AND(S30>X30,S30<Y30,S30<>0),1,0))) | AA30: =IF(COUNT(E30:S30)=0,"",SUM(IF(AND(E30>X30,E30<Y30),E30,0),IF(AND(F30>X30,F30<Y30),F30,0),IF(AND(G30>X30,G30<Y30),G30,0),IF(AND(H30>X30,H30<Y30),H30,0),IF(AND(I30>X30,I30<Y30),I30,0),IF(AND(J30>X30,J30<Y30),J30,0),IF(AND(K30>X30,K30<Y30),K30,0),IF(AND(L30>X30,L30<Y30),L30,0),IF(AND(M30>X30,M30<Y30),M30,0),IF(AND(N30>X30,N30<Y30),N30,0),IF(AND(O30>X30,O30<Y30),O30,0),IF(AND(P30>X30,P30<Y30),P30,0),IF(AND(Q30>X30,Q30<Y30),Q30,0),IF(AND(R30>X30,R30<Y30),R30,0),IF(AND(S30>X30,S30<Y30),S30,0))) | AB30: =IF(COUNT(E30:S30)=0,"",SUMSQ(IF(AND(E30>X30,E30<Y30),E30,0),IF(AND(F30>X30,F30<Y30),F30,0),IF(AND(G30>X30,G30<Y30),G30,0),IF(AND(H30>X30,H30<Y30),H30,0),IF(AND(I30>X30,I30<Y30),I30,0),IF(AND(J30>X30,J30<Y30),J30,0),IF(AND(K30>X30,K30<Y30),K30,0),IF(AND(L30>X30,L30<Y30),L30,0),IF(AND(M30>X30,M30<Y30),M30,0),IF(AND(N30>X30,N30<Y30),N30,0),IF(AND(O30>X30,O30<Y30),O30,0),IF(AND(P30>X30,P30<Y30),P30,0),IF(AND(Q30>X30,Q30<Y30),Q30,0),IF(AND(R30>X30,R30<Y30),R30,0),IF(AND(S30>X30,S30<Y30),S30,0))) | AC30: =IF(COUNT(E30:S30)=0,"",POWER(40*SQRT(SUM(IF(AND(E30>X30,E30<Y30),1,0),IF(AND(F30>X30,F30<Y30),1,0),IF(AND(G30>X30,G30<Y30),1,0),IF(AND(H30>X30,H30<Y30),1,0),IF(AND(I30>X30,I30<Y30),1,0),IF(AND(J30>X30,J30<Y30),1,0),IF(AND(K30>X30,K30<Y30),1,0),IF(AND(L30>X30,L30<Y30),1,0),IF(AND(M30>X30,M30<Y30),1,0),IF(AND(N30>X30,N30<Y30),1,0),IF(AND(O30>X30,O30<Y30),1,0),IF(AND(P30>X30,P30<Y30),1,0),IF(AND(Q30>X30,Q30<Y30),1,0),IF(AND(R30>X30,R30<Y30),1,0),IF(AND(S30>X30,S30<Y30),1,0))*AB30-POWER(AA30,2))/AA30,2)) | AD30: 25 | AE30: =IF(SUM(INDIRECT(CHAR(COLUMN()+38)&(ROW()-5)*8-2&":"&CHAR(COLUMN()+38)&(ROW()-5)*8+5))=0,"",SUM(INDIRECT(CHAR(COLUMN()+38)&(ROW()-5)*8-2&":"&CHAR(COLUMN()+38)&(ROW()-5)*8+5))/INDIRECT("C"&(ROW()-5)*8-2)) | AF30: =IF(SUM(INDIRECT(CHAR(COLUMN()+38)&(ROW()-5)*8-2&":"&CHAR(COLUMN()+38)&(ROW()-5)*8+5))=0,"",SUM(INDIRECT(CHAR(COLUMN()+38)&(ROW()-5)*8-2&":"&CHAR(COLUMN()+38)&(ROW()-5)*8+5))/INDIRECT("C"&(ROW()-5)*8-2)) | AG30: =IF(SUM(INDIRECT(CHAR(COLUMN()+38)&(ROW()-5)*8-2&":"&CHAR(COLUMN()+38)&(ROW()-5)*8+5))=0,"",SUM(INDIRECT(CHAR(COLUMN()+38)&(ROW()-5)*8-2&":"&CHAR(COLUMN()+38)&(ROW()-5)*8+5))/INDIRECT("C"&(ROW()-5)*8-2)) | AH30: =IF(SUM(INDIRECT(CHAR(COLUMN()+38)&(ROW()-5)*8-2&":"&CHAR(COLUMN()+38)&(ROW()-5)*8+5))=0,"",SUM(INDIRECT(CHAR(COLUMN()+38)&(ROW()-5)*8-2&":"&CHAR(COLUMN()+38)&(ROW()-5)*8+5))/INDIRECT("C"&(ROW()-5)*8-2)) | AI30: =IF(SUM(INDIRECT(CHAR(COLUMN()+38)&(ROW()-5)*8-2&":"&CHAR(COLUMN()+38)&(ROW()-5)*8+5))=0,"",SUM(INDIRECT(CHAR(COLUMN()+38)&(ROW()-5)*8-2&":"&CHAR(COLUMN()+38)&(ROW()-5)*8+5))/INDIRECT("C"&(ROW()-5)*8-2)) | AJ30: =IF(SUM(INDIRECT(CHAR(COLUMN()+38)&(ROW()-5)*8-2&":"&CHAR(COLUMN()+38)&(ROW()-5)*8+5))=0,"",SUM(INDIRECT(CHAR(COLUMN()+38)&(ROW()-5)*8-2&":"&CHAR(COLUMN()+38)&(ROW()-5)*8+5))/INDIRECT("C"&(ROW()-5)*8-2)) | AK30: =IF(SUM(INDIRECT(CHAR(COLUMN()+38)&(ROW()-5)*8-2&":"&CHAR(COLUMN()+38)&(ROW()-5)*8+5))=0,"",SUM(INDIRECT(CHAR(COLUMN()+38)&(ROW()-5)*8-2&":"&CHAR(COLUMN()+38)&(ROW()-5)*8+5))/INDIRECT("C"&(ROW()-5)*8-2)) | AL30: =IF(SUM(INDIRECT(CHAR(COLUMN()+38)&(ROW()-5)*8-2&":"&CHAR(COLUMN()+38)&(ROW()-5)*8+5))=0,"",SUM(INDIRECT(CHAR(COLUMN()+38)&(ROW()-5)*8-2&":"&CHAR(COLUMN()+38)&(ROW()-5)*8+5))/INDIRECT("C"&(ROW()-5)*8-2)) | ... AS30: =IF(SUM(INDIRECT(CHAR(COLUMN()+38)&(ROW()-5)*8-2&":"&CHAR(COLUMN()+38)&(ROW()-5)*8+5))=0,"",SUM(INDIRECT(CHAR(COLUMN()+38)&(ROW()-5)*8-2&":"&CHAR(COLUMN()+38)&(ROW()-5)*8+5))/INDIRECT("C"&(ROW()-5)*8-2)) | AT30: 25 | AU30: =IF(COUNT($AE30:$AS30)=0,"",PERCENTILE($AE30:$AS30,0.25)) | AV30: =IF(COUNT($AE30:$AS30)=0,"",MAX($AE30:$AS30)) | AW30: =IF(COUNT($AE30:$AS30)=0,"",MIN($AE30:$AS30)) | AX30: =IF(COUNT($AE30:$AS30)=0,"",PERCENTILE($AE30:$AS30,0.75))
T31: =IF(COUNT(E31:S31)=0,"",SUM(E31:S31)) | U31: =IF(COUNT(E31:S31)=0,"",SUMSQ(E31:S31)) | V31: =IF(COUNT(E31:S31)=0,"",AVERAGE(E31:S31)) | W31: =IF(COUNT(E31:S31)=0,"",STDEVP(E31:S31)) | X31: =IF(COUNT(E31:S31)=0,"",V31-1*W31) | Y31: =IF(COUNT(E31:S31)=0,"",V31+1*W31) | Z31: =IF(COUNT(E31:S31)=0,"",SUM(IF(AND(E31>X31,E31<Y31),E31,0),IF(AND(F31>X31,F31<Y31),F31,0),IF(AND(G31>X31,G31<Y31),G31,0),IF(AND(H31>X31,H31<Y31),H31,0),IF(AND(I31>X31,I31<Y31),I31,0),IF(AND(J31>X31,J31<Y31),J31,0),IF(AND(K31>X31,K31<Y31),K31,0),IF(AND(L31>X31,L31<Y31),L31,0),IF(AND(M31>X31,M31<Y31),M31,0),IF(AND(N31>X31,N31<Y31),N31,0),IF(AND(O31>X31,O31<Y31),O31,0),IF(AND(P31>X31,P31<Y31),P31,0),IF(AND(Q31>X31,Q31<Y31),Q31,0),IF(AND(R31>X31,R31<Y31),R31,0),IF(AND(S31>X31,S31<Y31),S31,0))/SUM(IF(AND(E31>X31,E31<Y31,E31<>0),1,0),IF(AND(F31>X31,F31<Y31,F31<>0),1,0),IF(AND(G31>X31,G31<Y31,G31<>0),1,0),IF(AND(H31>X31,H31<Y31,H31<>0),1,0),IF(AND(I31>X31,I31<Y31,I31<>0),1,0),IF(AND(J31>X31,J31<Y31,J31<>0),1,0),IF(AND(K31>X31,K31<Y31,K31<>0),1,0),IF(AND(L31>X31,L31<Y31,L31<>0),1,0),IF(AND(M31>X31,M31<Y31,M31<>0),1,0),IF(AND(N31>X31,N31<Y31,N31<>0),1,0),IF(AND(O31>X31,O31<Y31,O31<>0),1,0),IF(AND(P31>X31,P31<Y31,P31<>0),1,0),IF(AND(Q31>X31,Q31<Y31,Q31<>0),1,0),IF(AND(R31>X31,R31<Y31,R31<>0),1,0),IF(AND(S31>X31,S31<Y31,S31<>0),1,0))) | AA31: =IF(COUNT(E31:S31)=0,"",SUM(IF(AND(E31>X31,E31<Y31),E31,0),IF(AND(F31>X31,F31<Y31),F31,0),IF(AND(G31>X31,G31<Y31),G31,0),IF(AND(H31>X31,H31<Y31),H31,0),IF(AND(I31>X31,I31<Y31),I31,0),IF(AND(J31>X31,J31<Y31),J31,0),IF(AND(K31>X31,K31<Y31),K31,0),IF(AND(L31>X31,L31<Y31),L31,0),IF(AND(M31>X31,M31<Y31),M31,0),IF(AND(N31>X31,N31<Y31),N31,0),IF(AND(O31>X31,O31<Y31),O31,0),IF(AND(P31>X31,P31<Y31),P31,0),IF(AND(Q31>X31,Q31<Y31),Q31,0),IF(AND(R31>X31,R31<Y31),R31,0),IF(AND(S31>X31,S31<Y31),S31,0))) | AB31: =IF(COUNT(E31:S31)=0,"",SUMSQ(IF(AND(E31>X31,E31<Y31),E31,0),IF(AND(F31>X31,F31<Y31),F31,0),IF(AND(G31>X31,G31<Y31),G31,0),IF(AND(H31>X31,H31<Y31),H31,0),IF(AND(I31>X31,I31<Y31),I31,0),IF(AND(J31>X31,J31<Y31),J31,0),IF(AND(K31>X31,K31<Y31),K31,0),IF(AND(L31>X31,L31<Y31),L31,0),IF(AND(M31>X31,M31<Y31),M31,0),IF(AND(N31>X31,N31<Y31),N31,0),IF(AND(O31>X31,O31<Y31),O31,0),IF(AND(P31>X31,P31<Y31),P31,0),IF(AND(Q31>X31,Q31<Y31),Q31,0),IF(AND(R31>X31,R31<Y31),R31,0),IF(AND(S31>X31,S31<Y31),S31,0))) | AC31: =IF(COUNT(E31:S31)=0,"",POWER(40*SQRT(SUM(IF(AND(E31>X31,E31<Y31),1,0),IF(AND(F31>X31,F31<Y31),1,0),IF(AND(G31>X31,G31<Y31),1,0),IF(AND(H31>X31,H31<Y31),1,0),IF(AND(I31>X31,I31<Y31),1,0),IF(AND(J31>X31,J31<Y31),1,0),IF(AND(K31>X31,K31<Y31),1,0),IF(AND(L31>X31,L31<Y31),1,0),IF(AND(M31>X31,M31<Y31),1,0),IF(AND(N31>X31,N31<Y31),1,0),IF(AND(O31>X31,O31<Y31),1,0),IF(AND(P31>X31,P31<Y31),1,0),IF(AND(Q31>X31,Q31<Y31),1,0),IF(AND(R31>X31,R31<Y31),1,0),IF(AND(S31>X31,S31<Y31),1,0))*AB31-POWER(AA31,2))/AA31,2)) | AD31: 26 | AE31: =IF(SUM(INDIRECT(CHAR(COLUMN()+38)&(ROW()-5)*8-2&":"&CHAR(COLUMN()+38)&(ROW()-5)*8+5))=0,"",SUM(INDIRECT(CHAR(COLUMN()+38)&(ROW()-5)*8-2&":"&CHAR(COLUMN()+38)&(ROW()-5)*8+5))/INDIRECT("C"&(ROW()-5)*8-2)) | AF31: =IF(SUM(INDIRECT(CHAR(COLUMN()+38)&(ROW()-5)*8-2&":"&CHAR(COLUMN()+38)&(ROW()-5)*8+5))=0,"",SUM(INDIRECT(CHAR(COLUMN()+38)&(ROW()-5)*8-2&":"&CHAR(COLUMN()+38)&(ROW()-5)*8+5))/INDIRECT("C"&(ROW()-5)*8-2)) | AG31: =IF(SUM(INDIRECT(CHAR(COLUMN()+38)&(ROW()-5)*8-2&":"&CHAR(COLUMN()+38)&(ROW()-5)*8+5))=0,"",SUM(INDIRECT(CHAR(COLUMN()+38)&(ROW()-5)*8-2&":"&CHAR(COLUMN()+38)&(ROW()-5)*8+5))/INDIRECT("C"&(ROW()-5)*8-2)) | AH31: =IF(SUM(INDIRECT(CHAR(COLUMN()+38)&(ROW()-5)*8-2&":"&CHAR(COLUMN()+38)&(ROW()-5)*8+5))=0,"",SUM(INDIRECT(CHAR(COLUMN()+38)&(ROW()-5)*8-2&":"&CHAR(COLUMN()+38)&(ROW()-5)*8+5))/INDIRECT("C"&(ROW()-5)*8-2)) | AI31: =IF(SUM(INDIRECT(CHAR(COLUMN()+38)&(ROW()-5)*8-2&":"&CHAR(COLUMN()+38)&(ROW()-5)*8+5))=0,"",SUM(INDIRECT(CHAR(COLUMN()+38)&(ROW()-5)*8-2&":"&CHAR(COLUMN()+38)&(ROW()-5)*8+5))/INDIRECT("C"&(ROW()-5)*8-2)) | AJ31: =IF(SUM(INDIRECT(CHAR(COLUMN()+38)&(ROW()-5)*8-2&":"&CHAR(COLUMN()+38)&(ROW()-5)*8+5))=0,"",SUM(INDIRECT(CHAR(COLUMN()+38)&(ROW()-5)*8-2&":"&CHAR(COLUMN()+38)&(ROW()-5)*8+5))/INDIRECT("C"&(ROW()-5)*8-2)) | AK31: =IF(SUM(INDIRECT(CHAR(COLUMN()+38)&(ROW()-5)*8-2&":"&CHAR(COLUMN()+38)&(ROW()-5)*8+5))=0,"",SUM(INDIRECT(CHAR(COLUMN()+38)&(ROW()-5)*8-2&":"&CHAR(COLUMN()+38)&(ROW()-5)*8+5))/INDIRECT("C"&(ROW()-5)*8-2)) | AL31: =IF(SUM(INDIRECT(CHAR(COLUMN()+38)&(ROW()-5)*8-2&":"&CHAR(COLUMN()+38)&(ROW()-5)*8+5))=0,"",SUM(INDIRECT(CHAR(COLUMN()+38)&(ROW()-5)*8-2&":"&CHAR(COLUMN()+38)&(ROW()-5)*8+5))/INDIRECT("C"&(ROW()-5)*8-2)) | ... AS31: =IF(SUM(INDIRECT(CHAR(COLUMN()+38)&(ROW()-5)*8-2&":"&CHAR(COLUMN()+38)&(ROW()-5)*8+5))=0,"",SUM(INDIRECT(CHAR(COLUMN()+38)&(ROW()-5)*8-2&":"&CHAR(COLUMN()+38)&(ROW()-5)*8+5))/INDIRECT("C"&(ROW()-5)*8-2)) | AT31: 26 | AU31: =IF(COUNT($AE31:$AS31)=0,"",PERCENTILE($AE31:$AS31,0.25)) | AV31: =IF(COUNT($AE31:$AS31)=0,"",MAX($AE31:$AS31)) | AW31: =IF(COUNT($AE31:$AS31)=0,"",MIN($AE31:$AS31)) | AX31: =IF(COUNT($AE31:$AS31)=0,"",PERCENTILE($AE31:$AS31,0.75))
T32: =IF(COUNT(E32:S32)=0,"",SUM(E32:S32)) | U32: =IF(COUNT(E32:S32)=0,"",SUMSQ(E32:S32)) | V32: =IF(COUNT(E32:S32)=0,"",AVERAGE(E32:S32)) | W32: =IF(COUNT(E32:S32)=0,"",STDEVP(E32:S32)) | X32: =IF(COUNT(E32:S32)=0,"",V32-1*W32) | Y32: =IF(COUNT(E32:S32)=0,"",V32+1*W32) | Z32: =IF(COUNT(E32:S32)=0,"",SUM(IF(AND(E32>X32,E32<Y32),E32,0),IF(AND(F32>X32,F32<Y32),F32,0),IF(AND(G32>X32,G32<Y32),G32,0),IF(AND(H32>X32,H32<Y32),H32,0),IF(AND(I32>X32,I32<Y32),I32,0),IF(AND(J32>X32,J32<Y32),J32,0),IF(AND(K32>X32,K32<Y32),K32,0),IF(AND(L32>X32,L32<Y32),L32,0),IF(AND(M32>X32,M32<Y32),M32,0),IF(AND(N32>X32,N32<Y32),N32,0),IF(AND(O32>X32,O32<Y32),O32,0),IF(AND(P32>X32,P32<Y32),P32,0),IF(AND(Q32>X32,Q32<Y32),Q32,0),IF(AND(R32>X32,R32<Y32),R32,0),IF(AND(S32>X32,S32<Y32),S32,0))/SUM(IF(AND(E32>X32,E32<Y32,E32<>0),1,0),IF(AND(F32>X32,F32<Y32,F32<>0),1,0),IF(AND(G32>X32,G32<Y32,G32<>0),1,0),IF(AND(H32>X32,H32<Y32,H32<>0),1,0),IF(AND(I32>X32,I32<Y32,I32<>0),1,0),IF(AND(J32>X32,J32<Y32,J32<>0),1,0),IF(AND(K32>X32,K32<Y32,K32<>0),1,0),IF(AND(L32>X32,L32<Y32,L32<>0),1,0),IF(AND(M32>X32,M32<Y32,M32<>0),1,0),IF(AND(N32>X32,N32<Y32,N32<>0),1,0),IF(AND(O32>X32,O32<Y32,O32<>0),1,0),IF(AND(P32>X32,P32<Y32,P32<>0),1,0),IF(AND(Q32>X32,Q32<Y32,Q32<>0),1,0),IF(AND(R32>X32,R32<Y32,R32<>0),1,0),IF(AND(S32>X32,S32<Y32,S32<>0),1,0))) | AA32: =IF(COUNT(E32:S32)=0,"",SUM(IF(AND(E32>X32,E32<Y32),E32,0),IF(AND(F32>X32,F32<Y32),F32,0),IF(AND(G32>X32,G32<Y32),G32,0),IF(AND(H32>X32,H32<Y32),H32,0),IF(AND(I32>X32,I32<Y32),I32,0),IF(AND(J32>X32,J32<Y32),J32,0),IF(AND(K32>X32,K32<Y32),K32,0),IF(AND(L32>X32,L32<Y32),L32,0),IF(AND(M32>X32,M32<Y32),M32,0),IF(AND(N32>X32,N32<Y32),N32,0),IF(AND(O32>X32,O32<Y32),O32,0),IF(AND(P32>X32,P32<Y32),P32,0),IF(AND(Q32>X32,Q32<Y32),Q32,0),IF(AND(R32>X32,R32<Y32),R32,0),IF(AND(S32>X32,S32<Y32),S32,0))) | AB32: =IF(COUNT(E32:S32)=0,"",SUMSQ(IF(AND(E32>X32,E32<Y32),E32,0),IF(AND(F32>X32,F32<Y32),F32,0),IF(AND(G32>X32,G32<Y32),G32,0),IF(AND(H32>X32,H32<Y32),H32,0),IF(AND(I32>X32,I32<Y32),I32,0),IF(AND(J32>X32,J32<Y32),J32,0),IF(AND(K32>X32,K32<Y32),K32,0),IF(AND(L32>X32,L32<Y32),L32,0),IF(AND(M32>X32,M32<Y32),M32,0),IF(AND(N32>X32,N32<Y32),N32,0),IF(AND(O32>X32,O32<Y32),O32,0),IF(AND(P32>X32,P32<Y32),P32,0),IF(AND(Q32>X32,Q32<Y32),Q32,0),IF(AND(R32>X32,R32<Y32),R32,0),IF(AND(S32>X32,S32<Y32),S32,0))) | AC32: =IF(COUNT(E32:S32)=0,"",POWER(40*SQRT(SUM(IF(AND(E32>X32,E32<Y32),1,0),IF(AND(F32>X32,F32<Y32),1,0),IF(AND(G32>X32,G32<Y32),1,0),IF(AND(H32>X32,H32<Y32),1,0),IF(AND(I32>X32,I32<Y32),1,0),IF(AND(J32>X32,J32<Y32),1,0),IF(AND(K32>X32,K32<Y32),1,0),IF(AND(L32>X32,L32<Y32),1,0),IF(AND(M32>X32,M32<Y32),1,0),IF(AND(N32>X32,N32<Y32),1,0),IF(AND(O32>X32,O32<Y32),1,0),IF(AND(P32>X32,P32<Y32),1,0),IF(AND(Q32>X32,Q32<Y32),1,0),IF(AND(R32>X32,R32<Y32),1,0),IF(AND(S32>X32,S32<Y32),1,0))*AB32-POWER(AA32,2))/AA32,2)) | AD32: 27 | AE32: =IF(SUM(INDIRECT(CHAR(COLUMN()+38)&(ROW()-5)*8-2&":"&CHAR(COLUMN()+38)&(ROW()-5)*8+5))=0,"",SUM(INDIRECT(CHAR(COLUMN()+38)&(ROW()-5)*8-2&":"&CHAR(COLUMN()+38)&(ROW()-5)*8+5))/INDIRECT("C"&(ROW()-5)*8-2)) | AF32: =IF(SUM(INDIRECT(CHAR(COLUMN()+38)&(ROW()-5)*8-2&":"&CHAR(COLUMN()+38)&(ROW()-5)*8+5))=0,"",SUM(INDIRECT(CHAR(COLUMN()+38)&(ROW()-5)*8-2&":"&CHAR(COLUMN()+38)&(ROW()-5)*8+5))/INDIRECT("C"&(ROW()-5)*8-2)) | AG32: =IF(SUM(INDIRECT(CHAR(COLUMN()+38)&(ROW()-5)*8-2&":"&CHAR(COLUMN()+38)&(ROW()-5)*8+5))=0,"",SUM(INDIRECT(CHAR(COLUMN()+38)&(ROW()-5)*8-2&":"&CHAR(COLUMN()+38)&(ROW()-5)*8+5))/INDIRECT("C"&(ROW()-5)*8-2)) | AH32: =IF(SUM(INDIRECT(CHAR(COLUMN()+38)&(ROW()-5)*8-2&":"&CHAR(COLUMN()+38)&(ROW()-5)*8+5))=0,"",SUM(INDIRECT(CHAR(COLUMN()+38)&(ROW()-5)*8-2&":"&CHAR(COLUMN()+38)&(ROW()-5)*8+5))/INDIRECT("C"&(ROW()-5)*8-2)) | AI32: =IF(SUM(INDIRECT(CHAR(COLUMN()+38)&(ROW()-5)*8-2&":"&CHAR(COLUMN()+38)&(ROW()-5)*8+5))=0,"",SUM(INDIRECT(CHAR(COLUMN()+38)&(ROW()-5)*8-2&":"&CHAR(COLUMN()+38)&(ROW()-5)*8+5))/INDIRECT("C"&(ROW()-5)*8-2)) | AJ32: =IF(SUM(INDIRECT(CHAR(COLUMN()+38)&(ROW()-5)*8-2&":"&CHAR(COLUMN()+38)&(ROW()-5)*8+5))=0,"",SUM(INDIRECT(CHAR(COLUMN()+38)&(ROW()-5)*8-2&":"&CHAR(COLUMN()+38)&(ROW()-5)*8+5))/INDIRECT("C"&(ROW()-5)*8-2)) | AK32: =IF(SUM(INDIRECT(CHAR(COLUMN()+38)&(ROW()-5)*8-2&":"&CHAR(COLUMN()+38)&(ROW()-5)*8+5))=0,"",SUM(INDIRECT(CHAR(COLUMN()+38)&(ROW()-5)*8-2&":"&CHAR(COLUMN()+38)&(ROW()-5)*8+5))/INDIRECT("C"&(ROW()-5)*8-2)) | AL32: =IF(SUM(INDIRECT(CHAR(COLUMN()+38)&(ROW()-5)*8-2&":"&CHAR(COLUMN()+38)&(ROW()-5)*8+5))=0,"",SUM(INDIRECT(CHAR(COLUMN()+38)&(ROW()-5)*8-2&":"&CHAR(COLUMN()+38)&(ROW()-5)*8+5))/INDIRECT("C"&(ROW()-5)*8-2)) | ... AS32: =IF(SUM(INDIRECT(CHAR(COLUMN()+38)&(ROW()-5)*8-2&":"&CHAR(COLUMN()+38)&(ROW()-5)*8+5))=0,"",SUM(INDIRECT(CHAR(COLUMN()+38)&(ROW()-5)*8-2&":"&CHAR(COLUMN()+38)&(ROW()-5)*8+5))/INDIRECT("C"&(ROW()-5)*8-2)) | AT32: 27 | AU32: =IF(COUNT($AE32:$AS32)=0,"",PERCENTILE($AE32:$AS32,0.25)) | AV32: =IF(COUNT($AE32:$AS32)=0,"",MAX($AE32:$AS32)) | AW32: =IF(COUNT($AE32:$AS32)=0,"",MIN($AE32:$AS32)) | AX32: =IF(COUNT($AE32:$AS32)=0,"",PERCENTILE($AE32:$AS32,0.75))
T33: =IF(COUNT(E33:S33)=0,"",SUM(E33:S33)) | U33: =IF(COUNT(E33:S33)=0,"",SUMSQ(E33:S33)) | V33: =IF(COUNT(E33:S33)=0,"",AVERAGE(E33:S33)) | W33: =IF(COUNT(E33:S33)=0,"",STDEVP(E33:S33)) | X33: =IF(COUNT(E33:S33)=0,"",V33-1*W33) | Y33: =IF(COUNT(E33:S33)=0,"",V33+1*W33) | Z33: =IF(COUNT(E33:S33)=0,"",SUM(IF(AND(E33>X33,E33<Y33),E33,0),IF(AND(F33>X33,F33<Y33),F33,0),IF(AND(G33>X33,G33<Y33),G33,0),IF(AND(H33>X33,H33<Y33),H33,0),IF(AND(I33>X33,I33<Y33),I33,0),IF(AND(J33>X33,J33<Y33),J33,0),IF(AND(K33>X33,K33<Y33),K33,0),IF(AND(L33>X33,L33<Y33),L33,0),IF(AND(M33>X33,M33<Y33),M33,0),IF(AND(N33>X33,N33<Y33),N33,0),IF(AND(O33>X33,O33<Y33),O33,0),IF(AND(P33>X33,P33<Y33),P33,0),IF(AND(Q33>X33,Q33<Y33),Q33,0),IF(AND(R33>X33,R33<Y33),R33,0),IF(AND(S33>X33,S33<Y33),S33,0))/SUM(IF(AND(E33>X33,E33<Y33,E33<>0),1,0),IF(AND(F33>X33,F33<Y33,F33<>0),1,0),IF(AND(G33>X33,G33<Y33,G33<>0),1,0),IF(AND(H33>X33,H33<Y33,H33<>0),1,0),IF(AND(I33>X33,I33<Y33,I33<>0),1,0),IF(AND(J33>X33,J33<Y33,J33<>0),1,0),IF(AND(K33>X33,K33<Y33,K33<>0),1,0),IF(AND(L33>X33,L33<Y33,L33<>0),1,0),IF(AND(M33>X33,M33<Y33,M33<>0),1,0),IF(AND(N33>X33,N33<Y33,N33<>0),1,0),IF(AND(O33>X33,O33<Y33,O33<>0),1,0),IF(AND(P33>X33,P33<Y33,P33<>0),1,0),IF(AND(Q33>X33,Q33<Y33,Q33<>0),1,0),IF(AND(R33>X33,R33<Y33,R33<>0),1,0),IF(AND(S33>X33,S33<Y33,S33<>0),1,0))) | AA33: =IF(COUNT(E33:S33)=0,"",SUM(IF(AND(E33>X33,E33<Y33),E33,0),IF(AND(F33>X33,F33<Y33),F33,0),IF(AND(G33>X33,G33<Y33),G33,0),IF(AND(H33>X33,H33<Y33),H33,0),IF(AND(I33>X33,I33<Y33),I33,0),IF(AND(J33>X33,J33<Y33),J33,0),IF(AND(K33>X33,K33<Y33),K33,0),IF(AND(L33>X33,L33<Y33),L33,0),IF(AND(M33>X33,M33<Y33),M33,0),IF(AND(N33>X33,N33<Y33),N33,0),IF(AND(O33>X33,O33<Y33),O33,0),IF(AND(P33>X33,P33<Y33),P33,0),IF(AND(Q33>X33,Q33<Y33),Q33,0),IF(AND(R33>X33,R33<Y33),R33,0),IF(AND(S33>X33,S33<Y33),S33,0))) | AB33: =IF(COUNT(E33:S33)=0,"",SUMSQ(IF(AND(E33>X33,E33<Y33),E33,0),IF(AND(F33>X33,F33<Y33),F33,0),IF(AND(G33>X33,G33<Y33),G33,0),IF(AND(H33>X33,H33<Y33),H33,0),IF(AND(I33>X33,I33<Y33),I33,0),IF(AND(J33>X33,J33<Y33),J33,0),IF(AND(K33>X33,K33<Y33),K33,0),IF(AND(L33>X33,L33<Y33),L33,0),IF(AND(M33>X33,M33<Y33),M33,0),IF(AND(N33>X33,N33<Y33),N33,0),IF(AND(O33>X33,O33<Y33),O33,0),IF(AND(P33>X33,P33<Y33),P33,0),IF(AND(Q33>X33,Q33<Y33),Q33,0),IF(AND(R33>X33,R33<Y33),R33,0),IF(AND(S33>X33,S33<Y33),S33,0))) | AC33: =IF(COUNT(E33:S33)=0,"",POWER(40*SQRT(SUM(IF(AND(E33>X33,E33<Y33),1,0),IF(AND(F33>X33,F33<Y33),1,0),IF(AND(G33>X33,G33<Y33),1,0),IF(AND(H33>X33,H33<Y33),1,0),IF(AND(I33>X33,I33<Y33),1,0),IF(AND(J33>X33,J33<Y33),1,0),IF(AND(K33>X33,K33<Y33),1,0),IF(AND(L33>X33,L33<Y33),1,0),IF(AND(M33>X33,M33<Y33),1,0),IF(AND(N33>X33,N33<Y33),1,0),IF(AND(O33>X33,O33<Y33),1,0),IF(AND(P33>X33,P33<Y33),1,0),IF(AND(Q33>X33,Q33<Y33),1,0),IF(AND(R33>X33,R33<Y33),1,0),IF(AND(S33>X33,S33<Y33),1,0))*AB33-POWER(AA33,2))/AA33,2)) | AD33: 28 | AE33: =IF(SUM(INDIRECT(CHAR(COLUMN()+38)&(ROW()-5)*8-2&":"&CHAR(COLUMN()+38)&(ROW()-5)*8+5))=0,"",SUM(INDIRECT(CHAR(COLUMN()+38)&(ROW()-5)*8-2&":"&CHAR(COLUMN()+38)&(ROW()-5)*8+5))/INDIRECT("C"&(ROW()-5)*8-2)) | AF33: =IF(SUM(INDIRECT(CHAR(COLUMN()+38)&(ROW()-5)*8-2&":"&CHAR(COLUMN()+38)&(ROW()-5)*8+5))=0,"",SUM(INDIRECT(CHAR(COLUMN()+38)&(ROW()-5)*8-2&":"&CHAR(COLUMN()+38)&(ROW()-5)*8+5))/INDIRECT("C"&(ROW()-5)*8-2)) | AG33: =IF(SUM(INDIRECT(CHAR(COLUMN()+38)&(ROW()-5)*8-2&":"&CHAR(COLUMN()+38)&(ROW()-5)*8+5))=0,"",SUM(INDIRECT(CHAR(COLUMN()+38)&(ROW()-5)*8-2&":"&CHAR(COLUMN()+38)&(ROW()-5)*8+5))/INDIRECT("C"&(ROW()-5)*8-2)) | AH33: =IF(SUM(INDIRECT(CHAR(COLUMN()+38)&(ROW()-5)*8-2&":"&CHAR(COLUMN()+38)&(ROW()-5)*8+5))=0,"",SUM(INDIRECT(CHAR(COLUMN()+38)&(ROW()-5)*8-2&":"&CHAR(COLUMN()+38)&(ROW()-5)*8+5))/INDIRECT("C"&(ROW()-5)*8-2)) | AI33: =IF(SUM(INDIRECT(CHAR(COLUMN()+38)&(ROW()-5)*8-2&":"&CHAR(COLUMN()+38)&(ROW()-5)*8+5))=0,"",SUM(INDIRECT(CHAR(COLUMN()+38)&(ROW()-5)*8-2&":"&CHAR(COLUMN()+38)&(ROW()-5)*8+5))/INDIRECT("C"&(ROW()-5)*8-2)) | AJ33: =IF(SUM(INDIRECT(CHAR(COLUMN()+38)&(ROW()-5)*8-2&":"&CHAR(COLUMN()+38)&(ROW()-5)*8+5))=0,"",SUM(INDIRECT(CHAR(COLUMN()+38)&(ROW()-5)*8-2&":"&CHAR(COLUMN()+38)&(ROW()-5)*8+5))/INDIRECT("C"&(ROW()-5)*8-2)) | AK33: =IF(SUM(INDIRECT(CHAR(COLUMN()+38)&(ROW()-5)*8-2&":"&CHAR(COLUMN()+38)&(ROW()-5)*8+5))=0,"",SUM(INDIRECT(CHAR(COLUMN()+38)&(ROW()-5)*8-2&":"&CHAR(COLUMN()+38)&(ROW()-5)*8+5))/INDIRECT("C"&(ROW()-5)*8-2)) | AL33: =IF(SUM(INDIRECT(CHAR(COLUMN()+38)&(ROW()-5)*8-2&":"&CHAR(COLUMN()+38)&(ROW()-5)*8+5))=0,"",SUM(INDIRECT(CHAR(COLUMN()+38)&(ROW()-5)*8-2&":"&CHAR(COLUMN()+38)&(ROW()-5)*8+5))/INDIRECT("C"&(ROW()-5)*8-2)) | ... AS33: =IF(SUM(INDIRECT(CHAR(COLUMN()+38)&(ROW()-5)*8-2&":"&CHAR(COLUMN()+38)&(ROW()-5)*8+5))=0,"",SUM(INDIRECT(CHAR(COLUMN()+38)&(ROW()-5)*8-2&":"&CHAR(COLUMN()+38)&(ROW()-5)*8+5))/INDIRECT("C"&(ROW()-5)*8-2)) | AT33: 28 | AU33: =IF(COUNT($AE33:$AS33)=0,"",PERCENTILE($AE33:$AS33,0.25)) | AV33: =IF(COUNT($AE33:$AS33)=0,"",MAX($AE33:$AS33)) | AW33: =IF(COUNT($AE33:$AS33)=0,"",MIN($AE33:$AS33)) | AX33: =IF(COUNT($AE33:$AS33)=0,"",PERCENTILE($AE33:$AS33,0.75))
T34: =IF(COUNT(E34:S34)=0,"",SUM(E34:S34)) | U34: =IF(COUNT(E34:S34)=0,"",SUMSQ(E34:S34)) | V34: =IF(COUNT(E34:S34)=0,"",AVERAGE(E34:S34)) | W34: =IF(COUNT(E34:S34)=0,"",STDEVP(E34:S34)) | X34: =IF(COUNT(E34:S34)=0,"",V34-1*W34) | Y34: =IF(COUNT(E34:S34)=0,"",V34+1*W34) | Z34: =IF(COUNT(E34:S34)=0,"",SUM(IF(AND(E34>X34,E34<Y34),E34,0),IF(AND(F34>X34,F34<Y34),F34,0),IF(AND(G34>X34,G34<Y34),G34,0),IF(AND(H34>X34,H34<Y34),H34,0),IF(AND(I34>X34,I34<Y34),I34,0),IF(AND(J34>X34,J34<Y34),J34,0),IF(AND(K34>X34,K34<Y34),K34,0),IF(AND(L34>X34,L34<Y34),L34,0),IF(AND(M34>X34,M34<Y34),M34,0),IF(AND(N34>X34,N34<Y34),N34,0),IF(AND(O34>X34,O34<Y34),O34,0),IF(AND(P34>X34,P34<Y34),P34,0),IF(AND(Q34>X34,Q34<Y34),Q34,0),IF(AND(R34>X34,R34<Y34),R34,0),IF(AND(S34>X34,S34<Y34),S34,0))/SUM(IF(AND(E34>X34,E34<Y34,E34<>0),1,0),IF(AND(F34>X34,F34<Y34,F34<>0),1,0),IF(AND(G34>X34,G34<Y34,G34<>0),1,0),IF(AND(H34>X34,H34<Y34,H34<>0),1,0),IF(AND(I34>X34,I34<Y34,I34<>0),1,0),IF(AND(J34>X34,J34<Y34,J34<>0),1,0),IF(AND(K34>X34,K34<Y34,K34<>0),1,0),IF(AND(L34>X34,L34<Y34,L34<>0),1,0),IF(AND(M34>X34,M34<Y34,M34<>0),1,0),IF(AND(N34>X34,N34<Y34,N34<>0),1,0),IF(AND(O34>X34,O34<Y34,O34<>0),1,0),IF(AND(P34>X34,P34<Y34,P34<>0),1,0),IF(AND(Q34>X34,Q34<Y34,Q34<>0),1,0),IF(AND(R34>X34,R34<Y34,R34<>0),1,0),IF(AND(S34>X34,S34<Y34,S34<>0),1,0))) | AA34: =IF(COUNT(E34:S34)=0,"",SUM(IF(AND(E34>X34,E34<Y34),E34,0),IF(AND(F34>X34,F34<Y34),F34,0),IF(AND(G34>X34,G34<Y34),G34,0),IF(AND(H34>X34,H34<Y34),H34,0),IF(AND(I34>X34,I34<Y34),I34,0),IF(AND(J34>X34,J34<Y34),J34,0),IF(AND(K34>X34,K34<Y34),K34,0),IF(AND(L34>X34,L34<Y34),L34,0),IF(AND(M34>X34,M34<Y34),M34,0),IF(AND(N34>X34,N34<Y34),N34,0),IF(AND(O34>X34,O34<Y34),O34,0),IF(AND(P34>X34,P34<Y34),P34,0),IF(AND(Q34>X34,Q34<Y34),Q34,0),IF(AND(R34>X34,R34<Y34),R34,0),IF(AND(S34>X34,S34<Y34),S34,0))) | AB34: =IF(COUNT(E34:S34)=0,"",SUMSQ(IF(AND(E34>X34,E34<Y34),E34,0),IF(AND(F34>X34,F34<Y34),F34,0),IF(AND(G34>X34,G34<Y34),G34,0),IF(AND(H34>X34,H34<Y34),H34,0),IF(AND(I34>X34,I34<Y34),I34,0),IF(AND(J34>X34,J34<Y34),J34,0),IF(AND(K34>X34,K34<Y34),K34,0),IF(AND(L34>X34,L34<Y34),L34,0),IF(AND(M34>X34,M34<Y34),M34,0),IF(AND(N34>X34,N34<Y34),N34,0),IF(AND(O34>X34,O34<Y34),O34,0),IF(AND(P34>X34,P34<Y34),P34,0),IF(AND(Q34>X34,Q34<Y34),Q34,0),IF(AND(R34>X34,R34<Y34),R34,0),IF(AND(S34>X34,S34<Y34),S34,0))) | AC34: =IF(COUNT(E34:S34)=0,"",POWER(40*SQRT(SUM(IF(AND(E34>X34,E34<Y34),1,0),IF(AND(F34>X34,F34<Y34),1,0),IF(AND(G34>X34,G34<Y34),1,0),IF(AND(H34>X34,H34<Y34),1,0),IF(AND(I34>X34,I34<Y34),1,0),IF(AND(J34>X34,J34<Y34),1,0),IF(AND(K34>X34,K34<Y34),1,0),IF(AND(L34>X34,L34<Y34),1,0),IF(AND(M34>X34,M34<Y34),1,0),IF(AND(N34>X34,N34<Y34),1,0),IF(AND(O34>X34,O34<Y34),1,0),IF(AND(P34>X34,P34<Y34),1,0),IF(AND(Q34>X34,Q34<Y34),1,0),IF(AND(R34>X34,R34<Y34),1,0),IF(AND(S34>X34,S34<Y34),1,0))*AB34-POWER(AA34,2))/AA34,2)) | AD34: 29 | AE34: =IF(SUM(INDIRECT(CHAR(COLUMN()+38)&(ROW()-5)*8-2&":"&CHAR(COLUMN()+38)&(ROW()-5)*8+5))=0,"",SUM(INDIRECT(CHAR(COLUMN()+38)&(ROW()-5)*8-2&":"&CHAR(COLUMN()+38)&(ROW()-5)*8+5))/INDIRECT("C"&(ROW()-5)*8-2)) | AF34: =IF(SUM(INDIRECT(CHAR(COLUMN()+38)&(ROW()-5)*8-2&":"&CHAR(COLUMN()+38)&(ROW()-5)*8+5))=0,"",SUM(INDIRECT(CHAR(COLUMN()+38)&(ROW()-5)*8-2&":"&CHAR(COLUMN()+38)&(ROW()-5)*8+5))/INDIRECT("C"&(ROW()-5)*8-2)) | AG34: =IF(SUM(INDIRECT(CHAR(COLUMN()+38)&(ROW()-5)*8-2&":"&CHAR(COLUMN()+38)&(ROW()-5)*8+5))=0,"",SUM(INDIRECT(CHAR(COLUMN()+38)&(ROW()-5)*8-2&":"&CHAR(COLUMN()+38)&(ROW()-5)*8+5))/INDIRECT("C"&(ROW()-5)*8-2)) | AH34: =IF(SUM(INDIRECT(CHAR(COLUMN()+38)&(ROW()-5)*8-2&":"&CHAR(COLUMN()+38)&(ROW()-5)*8+5))=0,"",SUM(INDIRECT(CHAR(COLUMN()+38)&(ROW()-5)*8-2&":"&CHAR(COLUMN()+38)&(ROW()-5)*8+5))/INDIRECT("C"&(ROW()-5)*8-2)) | AI34: =IF(SUM(INDIRECT(CHAR(COLUMN()+38)&(ROW()-5)*8-2&":"&CHAR(COLUMN()+38)&(ROW()-5)*8+5))=0,"",SUM(INDIRECT(CHAR(COLUMN()+38)&(ROW()-5)*8-2&":"&CHAR(COLUMN()+38)&(ROW()-5)*8+5))/INDIRECT("C"&(ROW()-5)*8-2)) | AJ34: =IF(SUM(INDIRECT(CHAR(COLUMN()+38)&(ROW()-5)*8-2&":"&CHAR(COLUMN()+38)&(ROW()-5)*8+5))=0,"",SUM(INDIRECT(CHAR(COLUMN()+38)&(ROW()-5)*8-2&":"&CHAR(COLUMN()+38)&(ROW()-5)*8+5))/INDIRECT("C"&(ROW()-5)*8-2)) | AK34: =IF(SUM(INDIRECT(CHAR(COLUMN()+38)&(ROW()-5)*8-2&":"&CHAR(COLUMN()+38)&(ROW()-5)*8+5))=0,"",SUM(INDIRECT(CHAR(COLUMN()+38)&(ROW()-5)*8-2&":"&CHAR(COLUMN()+38)&(ROW()-5)*8+5))/INDIRECT("C"&(ROW()-5)*8-2)) | AL34: =IF(SUM(INDIRECT(CHAR(COLUMN()+38)&(ROW()-5)*8-2&":"&CHAR(COLUMN()+38)&(ROW()-5)*8+5))=0,"",SUM(INDIRECT(CHAR(COLUMN()+38)&(ROW()-5)*8-2&":"&CHAR(COLUMN()+38)&(ROW()-5)*8+5))/INDIRECT("C"&(ROW()-5)*8-2)) | ... AS34: =IF(SUM(INDIRECT(CHAR(COLUMN()+38)&(ROW()-5)*8-2&":"&CHAR(COLUMN()+38)&(ROW()-5)*8+5))=0,"",SUM(INDIRECT(CHAR(COLUMN()+38)&(ROW()-5)*8-2&":"&CHAR(COLUMN()+38)&(ROW()-5)*8+5))/INDIRECT("C"&(ROW()-5)*8-2)) | AT34: 29 | AU34: =IF(COUNT($AE34:$AS34)=0,"",PERCENTILE($AE34:$AS34,0.25)) | AV34: =IF(COUNT($AE34:$AS34)=0,"",MAX($AE34:$AS34)) | AW34: =IF(COUNT($AE34:$AS34)=0,"",MIN($AE34:$AS34)) | AX34: =IF(COUNT($AE34:$AS34)=0,"",PERCENTILE($AE34:$AS34,0.75))
T35: =IF(COUNT(E35:S35)=0,"",SUM(E35:S35)) | U35: =IF(COUNT(E35:S35)=0,"",SUMSQ(E35:S35)) | V35: =IF(COUNT(E35:S35)=0,"",AVERAGE(E35:S35)) | W35: =IF(COUNT(E35:S35)=0,"",STDEVP(E35:S35)) | X35: =IF(COUNT(E35:S35)=0,"",V35-1*W35) | Y35: =IF(COUNT(E35:S35)=0,"",V35+1*W35) | Z35: =IF(COUNT(E35:S35)=0,"",SUM(IF(AND(E35>X35,E35<Y35),E35,0),IF(AND(F35>X35,F35<Y35),F35,0),IF(AND(G35>X35,G35<Y35),G35,0),IF(AND(H35>X35,H35<Y35),H35,0),IF(AND(I35>X35,I35<Y35),I35,0),IF(AND(J35>X35,J35<Y35),J35,0),IF(AND(K35>X35,K35<Y35),K35,0),IF(AND(L35>X35,L35<Y35),L35,0),IF(AND(M35>X35,M35<Y35),M35,0),IF(AND(N35>X35,N35<Y35),N35,0),IF(AND(O35>X35,O35<Y35),O35,0),IF(AND(P35>X35,P35<Y35),P35,0),IF(AND(Q35>X35,Q35<Y35),Q35,0),IF(AND(R35>X35,R35<Y35),R35,0),IF(AND(S35>X35,S35<Y35),S35,0))/SUM(IF(AND(E35>X35,E35<Y35,E35<>0),1,0),IF(AND(F35>X35,F35<Y35,F35<>0),1,0),IF(AND(G35>X35,G35<Y35,G35<>0),1,0),IF(AND(H35>X35,H35<Y35,H35<>0),1,0),IF(AND(I35>X35,I35<Y35,I35<>0),1,0),IF(AND(J35>X35,J35<Y35,J35<>0),1,0),IF(AND(K35>X35,K35<Y35,K35<>0),1,0),IF(AND(L35>X35,L35<Y35,L35<>0),1,0),IF(AND(M35>X35,M35<Y35,M35<>0),1,0),IF(AND(N35>X35,N35<Y35,N35<>0),1,0),IF(AND(O35>X35,O35<Y35,O35<>0),1,0),IF(AND(P35>X35,P35<Y35,P35<>0),1,0),IF(AND(Q35>X35,Q35<Y35,Q35<>0),1,0),IF(AND(R35>X35,R35<Y35,R35<>0),1,0),IF(AND(S35>X35,S35<Y35,S35<>0),1,0))) | AA35: =IF(COUNT(E35:S35)=0,"",SUM(IF(AND(E35>X35,E35<Y35),E35,0),IF(AND(F35>X35,F35<Y35),F35,0),IF(AND(G35>X35,G35<Y35),G35,0),IF(AND(H35>X35,H35<Y35),H35,0),IF(AND(I35>X35,I35<Y35),I35,0),IF(AND(J35>X35,J35<Y35),J35,0),IF(AND(K35>X35,K35<Y35),K35,0),IF(AND(L35>X35,L35<Y35),L35,0),IF(AND(M35>X35,M35<Y35),M35,0),IF(AND(N35>X35,N35<Y35),N35,0),IF(AND(O35>X35,O35<Y35),O35,0),IF(AND(P35>X35,P35<Y35),P35,0),IF(AND(Q35>X35,Q35<Y35),Q35,0),IF(AND(R35>X35,R35<Y35),R35,0),IF(AND(S35>X35,S35<Y35),S35,0))) | AB35: =IF(COUNT(E35:S35)=0,"",SUMSQ(IF(AND(E35>X35,E35<Y35),E35,0),IF(AND(F35>X35,F35<Y35),F35,0),IF(AND(G35>X35,G35<Y35),G35,0),IF(AND(H35>X35,H35<Y35),H35,0),IF(AND(I35>X35,I35<Y35),I35,0),IF(AND(J35>X35,J35<Y35),J35,0),IF(AND(K35>X35,K35<Y35),K35,0),IF(AND(L35>X35,L35<Y35),L35,0),IF(AND(M35>X35,M35<Y35),M35,0),IF(AND(N35>X35,N35<Y35),N35,0),IF(AND(O35>X35,O35<Y35),O35,0),IF(AND(P35>X35,P35<Y35),P35,0),IF(AND(Q35>X35,Q35<Y35),Q35,0),IF(AND(R35>X35,R35<Y35),R35,0),IF(AND(S35>X35,S35<Y35),S35,0))) | AC35: =IF(COUNT(E35:S35)=0,"",POWER(40*SQRT(SUM(IF(AND(E35>X35,E35<Y35),1,0),IF(AND(F35>X35,F35<Y35),1,0),IF(AND(G35>X35,G35<Y35),1,0),IF(AND(H35>X35,H35<Y35),1,0),IF(AND(I35>X35,I35<Y35),1,0),IF(AND(J35>X35,J35<Y35),1,0),IF(AND(K35>X35,K35<Y35),1,0),IF(AND(L35>X35,L35<Y35),1,0),IF(AND(M35>X35,M35<Y35),1,0),IF(AND(N35>X35,N35<Y35),1,0),IF(AND(O35>X35,O35<Y35),1,0),IF(AND(P35>X35,P35<Y35),1,0),IF(AND(Q35>X35,Q35<Y35),1,0),IF(AND(R35>X35,R35<Y35),1,0),IF(AND(S35>X35,S35<Y35),1,0))*AB35-POWER(AA35,2))/AA35,2)) | AD35: 30 | AE35: =IF(SUM(INDIRECT(CHAR(COLUMN()+38)&(ROW()-5)*8-2&":"&CHAR(COLUMN()+38)&(ROW()-5)*8+5))=0,"",SUM(INDIRECT(CHAR(COLUMN()+38)&(ROW()-5)*8-2&":"&CHAR(COLUMN()+38)&(ROW()-5)*8+5))/INDIRECT("C"&(ROW()-5)*8-2)) | AF35: =IF(SUM(INDIRECT(CHAR(COLUMN()+38)&(ROW()-5)*8-2&":"&CHAR(COLUMN()+38)&(ROW()-5)*8+5))=0,"",SUM(INDIRECT(CHAR(COLUMN()+38)&(ROW()-5)*8-2&":"&CHAR(COLUMN()+38)&(ROW()-5)*8+5))/INDIRECT("C"&(ROW()-5)*8-2)) | AG35: =IF(SUM(INDIRECT(CHAR(COLUMN()+38)&(ROW()-5)*8-2&":"&CHAR(COLUMN()+38)&(ROW()-5)*8+5))=0,"",SUM(INDIRECT(CHAR(COLUMN()+38)&(ROW()-5)*8-2&":"&CHAR(COLUMN()+38)&(ROW()-5)*8+5))/INDIRECT("C"&(ROW()-5)*8-2)) | AH35: =IF(SUM(INDIRECT(CHAR(COLUMN()+38)&(ROW()-5)*8-2&":"&CHAR(COLUMN()+38)&(ROW()-5)*8+5))=0,"",SUM(INDIRECT(CHAR(COLUMN()+38)&(ROW()-5)*8-2&":"&CHAR(COLUMN()+38)&(ROW()-5)*8+5))/INDIRECT("C"&(ROW()-5)*8-2)) | AI35: =IF(SUM(INDIRECT(CHAR(COLUMN()+38)&(ROW()-5)*8-2&":"&CHAR(COLUMN()+38)&(ROW()-5)*8+5))=0,"",SUM(INDIRECT(CHAR(COLUMN()+38)&(ROW()-5)*8-2&":"&CHAR(COLUMN()+38)&(ROW()-5)*8+5))/INDIRECT("C"&(ROW()-5)*8-2)) | AJ35: =IF(SUM(INDIRECT(CHAR(COLUMN()+38)&(ROW()-5)*8-2&":"&CHAR(COLUMN()+38)&(ROW()-5)*8+5))=0,"",SUM(INDIRECT(CHAR(COLUMN()+38)&(ROW()-5)*8-2&":"&CHAR(COLUMN()+38)&(ROW()-5)*8+5))/INDIRECT("C"&(ROW()-5)*8-2)) | AK35: =IF(SUM(INDIRECT(CHAR(COLUMN()+38)&(ROW()-5)*8-2&":"&CHAR(COLUMN()+38)&(ROW()-5)*8+5))=0,"",SUM(INDIRECT(CHAR(COLUMN()+38)&(ROW()-5)*8-2&":"&CHAR(COLUMN()+38)&(ROW()-5)*8+5))/INDIRECT("C"&(ROW()-5)*8-2)) | AL35: =IF(SUM(INDIRECT(CHAR(COLUMN()+38)&(ROW()-5)*8-2&":"&CHAR(COLUMN()+38)&(ROW()-5)*8+5))=0,"",SUM(INDIRECT(CHAR(COLUMN()+38)&(ROW()-5)*8-2&":"&CHAR(COLUMN()+38)&(ROW()-5)*8+5))/INDIRECT("C"&(ROW()-5)*8-2)) | ... AS35: =IF(SUM(INDIRECT(CHAR(COLUMN()+38)&(ROW()-5)*8-2&":"&CHAR(COLUMN()+38)&(ROW()-5)*8+5))=0,"",SUM(INDIRECT(CHAR(COLUMN()+38)&(ROW()-5)*8-2&":"&CHAR(COLUMN()+38)&(ROW()-5)*8+5))/INDIRECT("C"&(ROW()-5)*8-2)) | AT35: 30 | AU35: =IF(COUNT($AE35:$AS35)=0,"",PERCENTILE($AE35:$AS35,0.25)) | AV35: =IF(COUNT($AE35:$AS35)=0,"",MAX($AE35:$AS35)) | AW35: =IF(COUNT($AE35:$AS35)=0,"",MIN($AE35:$AS35)) | AX35: =IF(COUNT($AE35:$AS35)=0,"",PERCENTILE($AE35:$AS35,0.75))
T36: =IF(COUNT(E36:S36)=0,"",SUM(E36:S36)) | U36: =IF(COUNT(E36:S36)=0,"",SUMSQ(E36:S36)) | V36: =IF(COUNT(E36:S36)=0,"",AVERAGE(E36:S36)) | W36: =IF(COUNT(E36:S36)=0,"",STDEVP(E36:S36)) | X36: =IF(COUNT(E36:S36)=0,"",V36-1*W36) | Y36: =IF(COUNT(E36:S36)=0,"",V36+1*W36) | Z36: =IF(COUNT(E36:S36)=0,"",SUM(IF(AND(E36>X36,E36<Y36),E36,0),IF(AND(F36>X36,F36<Y36),F36,0),IF(AND(G36>X36,G36<Y36),G36,0),IF(AND(H36>X36,H36<Y36),H36,0),IF(AND(I36>X36,I36<Y36),I36,0),IF(AND(J36>X36,J36<Y36),J36,0),IF(AND(K36>X36,K36<Y36),K36,0),IF(AND(L36>X36,L36<Y36),L36,0),IF(AND(M36>X36,M36<Y36),M36,0),IF(AND(N36>X36,N36<Y36),N36,0),IF(AND(O36>X36,O36<Y36),O36,0),IF(AND(P36>X36,P36<Y36),P36,0),IF(AND(Q36>X36,Q36<Y36),Q36,0),IF(AND(R36>X36,R36<Y36),R36,0),IF(AND(S36>X36,S36<Y36),S36,0))/SUM(IF(AND(E36>X36,E36<Y36,E36<>0),1,0),IF(AND(F36>X36,F36<Y36,F36<>0),1,0),IF(AND(G36>X36,G36<Y36,G36<>0),1,0),IF(AND(H36>X36,H36<Y36,H36<>0),1,0),IF(AND(I36>X36,I36<Y36,I36<>0),1,0),IF(AND(J36>X36,J36<Y36,J36<>0),1,0),IF(AND(K36>X36,K36<Y36,K36<>0),1,0),IF(AND(L36>X36,L36<Y36,L36<>0),1,0),IF(AND(M36>X36,M36<Y36,M36<>0),1,0),IF(AND(N36>X36,N36<Y36,N36<>0),1,0),IF(AND(O36>X36,O36<Y36,O36<>0),1,0),IF(AND(P36>X36,P36<Y36,P36<>0),1,0),IF(AND(Q36>X36,Q36<Y36,Q36<>0),1,0),IF(AND(R36>X36,R36<Y36,R36<>0),1,0),IF(AND(S36>X36,S36<Y36,S36<>0),1,0))) | AA36: =IF(COUNT(E36:S36)=0,"",SUM(IF(AND(E36>X36,E36<Y36),E36,0),IF(AND(F36>X36,F36<Y36),F36,0),IF(AND(G36>X36,G36<Y36),G36,0),IF(AND(H36>X36,H36<Y36),H36,0),IF(AND(I36>X36,I36<Y36),I36,0),IF(AND(J36>X36,J36<Y36),J36,0),IF(AND(K36>X36,K36<Y36),K36,0),IF(AND(L36>X36,L36<Y36),L36,0),IF(AND(M36>X36,M36<Y36),M36,0),IF(AND(N36>X36,N36<Y36),N36,0),IF(AND(O36>X36,O36<Y36),O36,0),IF(AND(P36>X36,P36<Y36),P36,0),IF(AND(Q36>X36,Q36<Y36),Q36,0),IF(AND(R36>X36,R36<Y36),R36,0),IF(AND(S36>X36,S36<Y36),S36,0))) | AB36: =IF(COUNT(E36:S36)=0,"",SUMSQ(IF(AND(E36>X36,E36<Y36),E36,0),IF(AND(F36>X36,F36<Y36),F36,0),IF(AND(G36>X36,G36<Y36),G36,0),IF(AND(H36>X36,H36<Y36),H36,0),IF(AND(I36>X36,I36<Y36),I36,0),IF(AND(J36>X36,J36<Y36),J36,0),IF(AND(K36>X36,K36<Y36),K36,0),IF(AND(L36>X36,L36<Y36),L36,0),IF(AND(M36>X36,M36<Y36),M36,0),IF(AND(N36>X36,N36<Y36),N36,0),IF(AND(O36>X36,O36<Y36),O36,0),IF(AND(P36>X36,P36<Y36),P36,0),IF(AND(Q36>X36,Q36<Y36),Q36,0),IF(AND(R36>X36,R36<Y36),R36,0),IF(AND(S36>X36,S36<Y36),S36,0))) | AC36: =IF(COUNT(E36:S36)=0,"",POWER(40*SQRT(SUM(IF(AND(E36>X36,E36<Y36),1,0),IF(AND(F36>X36,F36<Y36),1,0),IF(AND(G36>X36,G36<Y36),1,0),IF(AND(H36>X36,H36<Y36),1,0),IF(AND(I36>X36,I36<Y36),1,0),IF(AND(J36>X36,J36<Y36),1,0),IF(AND(K36>X36,K36<Y36),1,0),IF(AND(L36>X36,L36<Y36),1,0),IF(AND(M36>X36,M36<Y36),1,0),IF(AND(N36>X36,N36<Y36),1,0),IF(AND(O36>X36,O36<Y36),1,0),IF(AND(P36>X36,P36<Y36),1,0),IF(AND(Q36>X36,Q36<Y36),1,0),IF(AND(R36>X36,R36<Y36),1,0),IF(AND(S36>X36,S36<Y36),1,0))*AB36-POWER(AA36,2))/AA36,2)) | AD36: 31 | AE36: =IF(SUM(INDIRECT(CHAR(COLUMN()+38)&(ROW()-5)*8-2&":"&CHAR(COLUMN()+38)&(ROW()-5)*8+5))=0,"",SUM(INDIRECT(CHAR(COLUMN()+38)&(ROW()-5)*8-2&":"&CHAR(COLUMN()+38)&(ROW()-5)*8+5))/INDIRECT("C"&(ROW()-5)*8-2)) | AF36: =IF(SUM(INDIRECT(CHAR(COLUMN()+38)&(ROW()-5)*8-2&":"&CHAR(COLUMN()+38)&(ROW()-5)*8+5))=0,"",SUM(INDIRECT(CHAR(COLUMN()+38)&(ROW()-5)*8-2&":"&CHAR(COLUMN()+38)&(ROW()-5)*8+5))/INDIRECT("C"&(ROW()-5)*8-2)) | AG36: =IF(SUM(INDIRECT(CHAR(COLUMN()+38)&(ROW()-5)*8-2&":"&CHAR(COLUMN()+38)&(ROW()-5)*8+5))=0,"",SUM(INDIRECT(CHAR(COLUMN()+38)&(ROW()-5)*8-2&":"&CHAR(COLUMN()+38)&(ROW()-5)*8+5))/INDIRECT("C"&(ROW()-5)*8-2)) | AH36: =IF(SUM(INDIRECT(CHAR(COLUMN()+38)&(ROW()-5)*8-2&":"&CHAR(COLUMN()+38)&(ROW()-5)*8+5))=0,"",SUM(INDIRECT(CHAR(COLUMN()+38)&(ROW()-5)*8-2&":"&CHAR(COLUMN()+38)&(ROW()-5)*8+5))/INDIRECT("C"&(ROW()-5)*8-2)) | AI36: =IF(SUM(INDIRECT(CHAR(COLUMN()+38)&(ROW()-5)*8-2&":"&CHAR(COLUMN()+38)&(ROW()-5)*8+5))=0,"",SUM(INDIRECT(CHAR(COLUMN()+38)&(ROW()-5)*8-2&":"&CHAR(COLUMN()+38)&(ROW()-5)*8+5))/INDIRECT("C"&(ROW()-5)*8-2)) | AJ36: =IF(SUM(INDIRECT(CHAR(COLUMN()+38)&(ROW()-5)*8-2&":"&CHAR(COLUMN()+38)&(ROW()-5)*8+5))=0,"",SUM(INDIRECT(CHAR(COLUMN()+38)&(ROW()-5)*8-2&":"&CHAR(COLUMN()+38)&(ROW()-5)*8+5))/INDIRECT("C"&(ROW()-5)*8-2)) | AK36: =IF(SUM(INDIRECT(CHAR(COLUMN()+38)&(ROW()-5)*8-2&":"&CHAR(COLUMN()+38)&(ROW()-5)*8+5))=0,"",SUM(INDIRECT(CHAR(COLUMN()+38)&(ROW()-5)*8-2&":"&CHAR(COLUMN()+38)&(ROW()-5)*8+5))/INDIRECT("C"&(ROW()-5)*8-2)) | AL36: =IF(SUM(INDIRECT(CHAR(COLUMN()+38)&(ROW()-5)*8-2&":"&CHAR(COLUMN()+38)&(ROW()-5)*8+5))=0,"",SUM(INDIRECT(CHAR(COLUMN()+38)&(ROW()-5)*8-2&":"&CHAR(COLUMN()+38)&(ROW()-5)*8+5))/INDIRECT("C"&(ROW()-5)*8-2)) | ... AS36: =IF(SUM(INDIRECT(CHAR(COLUMN()+38)&(ROW()-5)*8-2&":"&CHAR(COLUMN()+38)&(ROW()-5)*8+5))=0,"",SUM(INDIRECT(CHAR(COLUMN()+38)&(ROW()-5)*8-2&":"&CHAR(COLUMN()+38)&(ROW()-5)*8+5))/INDIRECT("C"&(ROW()-5)*8-2)) | AT36: 31 | AU36: =IF(COUNT($AE36:$AS36)=0,"",PERCENTILE($AE36:$AS36,0.25)) | AV36: =IF(COUNT($AE36:$AS36)=0,"",MAX($AE36:$AS36)) | AW36: =IF(COUNT($AE36:$AS36)=0,"",MIN($AE36:$AS36)) | AX36: =IF(COUNT($AE36:$AS36)=0,"",PERCENTILE($AE36:$AS36,0.75))
T37: =IF(COUNT(E37:S37)=0,"",SUM(E37:S37)) | U37: =IF(COUNT(E37:S37)=0,"",SUMSQ(E37:S37)) | V37: =IF(COUNT(E37:S37)=0,"",AVERAGE(E37:S37)) | W37: =IF(COUNT(E37:S37)=0,"",STDEVP(E37:S37)) | X37: =IF(COUNT(E37:S37)=0,"",V37-1*W37) | Y37: =IF(COUNT(E37:S37)=0,"",V37+1*W37) | AA37: =IF(COUNT(E37:S37)=0,"",SUM(IF(AND(E37>X37,E37<Y37),E37,0),IF(AND(F37>X37,F37<Y37),F37,0),IF(AND(G37>X37,G37<Y37),G37,0),IF(AND(H37>X37,H37<Y37),H37,0),IF(AND(I37>X37,I37<Y37),I37,0),IF(AND(J37>X37,J37<Y37),J37,0),IF(AND(K37>X37,K37<Y37),K37,0),IF(AND(L37>X37,L37<Y37),L37,0),IF(AND(M37>X37,M37<Y37),M37,0),IF(AND(N37>X37,N37<Y37),N37,0),IF(AND(O37>X37,O37<Y37),O37,0),IF(AND(P37>X37,P37<Y37),P37,0),IF(AND(Q37>X37,Q37<Y37),Q37,0),IF(AND(R37>X37,R37<Y37),R37,0),IF(AND(S37>X37,S37<Y37),S37,0))) | AB37: =IF(COUNT(E37:S37)=0,"",SUMSQ(IF(AND(E37>X37,E37<Y37),E37,0),IF(AND(F37>X37,F37<Y37),F37,0),IF(AND(G37>X37,G37<Y37),G37,0),IF(AND(H37>X37,H37<Y37),H37,0),IF(AND(I37>X37,I37<Y37),I37,0),IF(AND(J37>X37,J37<Y37),J37,0),IF(AND(K37>X37,K37<Y37),K37,0),IF(AND(L37>X37,L37<Y37),L37,0),IF(AND(M37>X37,M37<Y37),M37,0),IF(AND(N37>X37,N37<Y37),N37,0),IF(AND(O37>X37,O37<Y37),O37,0),IF(AND(P37>X37,P37<Y37),P37,0),IF(AND(Q37>X37,Q37<Y37),Q37,0),IF(AND(R37>X37,R37<Y37),R37,0),IF(AND(S37>X37,S37<Y37),S37,0))) | AC37: =IF(COUNT(E37:S37)=0,"",POWER(40*SQRT(SUM(IF(AND(E37>X37,E37<Y37),1,0),IF(AND(F37>X37,F37<Y37),1,0),IF(AND(G37>X37,G37<Y37),1,0),IF(AND(H37>X37,H37<Y37),1,0),IF(AND(I37>X37,I37<Y37),1,0),IF(AND(J37>X37,J37<Y37),1,0),IF(AND(K37>X37,K37<Y37),1,0),IF(AND(L37>X37,L37<Y37),1,0),IF(AND(M37>X37,M37<Y37),1,0),IF(AND(N37>X37,N37<Y37),1,0),IF(AND(O37>X37,O37<Y37),1,0),IF(AND(P37>X37,P37<Y37),1,0),IF(AND(Q37>X37,Q37<Y37),1,0),IF(AND(R37>X37,R37<Y37),1,0),IF(AND(S37>X37,S37<Y37),1,0))*AB37-POWER(AA37,2))/AA37,2)) | AD37: 32 | AE37: =IF(SUM(INDIRECT(CHAR(COLUMN()+38)&(ROW()-5)*8-2&":"&CHAR(COLUMN()+38)&(ROW()-5)*8+5))=0,"",SUM(INDIRECT(CHAR(COLUMN()+38)&(ROW()-5)*8-2&":"&CHAR(COLUMN()+38)&(ROW()-5)*8+5))/INDIRECT("C"&(ROW()-5)*8-2)) | AF37: =IF(SUM(INDIRECT(CHAR(COLUMN()+38)&(ROW()-5)*8-2&":"&CHAR(COLUMN()+38)&(ROW()-5)*8+5))=0,"",SUM(INDIRECT(CHAR(COLUMN()+38)&(ROW()-5)*8-2&":"&CHAR(COLUMN()+38)&(ROW()-5)*8+5))/INDIRECT("C"&(ROW()-5)*8-2)) | AG37: =IF(SUM(INDIRECT(CHAR(COLUMN()+38)&(ROW()-5)*8-2&":"&CHAR(COLUMN()+38)&(ROW()-5)*8+5))=0,"",SUM(INDIRECT(CHAR(COLUMN()+38)&(ROW()-5)*8-2&":"&CHAR(COLUMN()+38)&(ROW()-5)*8+5))/INDIRECT("C"&(ROW()-5)*8-2)) | AH37: =IF(SUM(INDIRECT(CHAR(COLUMN()+38)&(ROW()-5)*8-2&":"&CHAR(COLUMN()+38)&(ROW()-5)*8+5))=0,"",SUM(INDIRECT(CHAR(COLUMN()+38)&(ROW()-5)*8-2&":"&CHAR(COLUMN()+38)&(ROW()-5)*8+5))/INDIRECT("C"&(ROW()-5)*8-2)) | AI37: =IF(SUM(INDIRECT(CHAR(COLUMN()+38)&(ROW()-5)*8-2&":"&CHAR(COLUMN()+38)&(ROW()-5)*8+5))=0,"",SUM(INDIRECT(CHAR(COLUMN()+38)&(ROW()-5)*8-2&":"&CHAR(COLUMN()+38)&(ROW()-5)*8+5))/INDIRECT("C"&(ROW()-5)*8-2)) | AJ37: =IF(SUM(INDIRECT(CHAR(COLUMN()+38)&(ROW()-5)*8-2&":"&CHAR(COLUMN()+38)&(ROW()-5)*8+5))=0,"",SUM(INDIRECT(CHAR(COLUMN()+38)&(ROW()-5)*8-2&":"&CHAR(COLUMN()+38)&(ROW()-5)*8+5))/INDIRECT("C"&(ROW()-5)*8-2)) | AK37: =IF(SUM(INDIRECT(CHAR(COLUMN()+38)&(ROW()-5)*8-2&":"&CHAR(COLUMN()+38)&(ROW()-5)*8+5))=0,"",SUM(INDIRECT(CHAR(COLUMN()+38)&(ROW()-5)*8-2&":"&CHAR(COLUMN()+38)&(ROW()-5)*8+5))/INDIRECT("C"&(ROW()-5)*8-2)) | AL37: =IF(SUM(INDIRECT(CHAR(COLUMN()+38)&(ROW()-5)*8-2&":"&CHAR(COLUMN()+38)&(ROW()-5)*8+5))=0,"",SUM(INDIRECT(CHAR(COLUMN()+38)&(ROW()-5)*8-2&":"&CHAR(COLUMN()+38)&(ROW()-5)*8+5))/INDIRECT("C"&(ROW()-5)*8-2)) | ... AS37: =IF(SUM(INDIRECT(CHAR(COLUMN()+38)&(ROW()-5)*8-2&":"&CHAR(COLUMN()+38)&(ROW()-5)*8+5))=0,"",SUM(INDIRECT(CHAR(COLUMN()+38)&(ROW()-5)*8-2&":"&CHAR(COLUMN()+38)&(ROW()-5)*8+5))/INDIRECT("C"&(ROW()-5)*8-2)) | AT37: 32 | AU37: =IF(COUNT($AE37:$AS37)=0,"",PERCENTILE($AE37:$AS37,0.25)) | AV37: =IF(COUNT($AE37:$AS37)=0,"",MAX($AE37:$AS37)) | AW37: =IF(COUNT($AE37:$AS37)=0,"",MIN($AE37:$AS37)) | AX37: =IF(COUNT($AE37:$AS37)=0,"",PERCENTILE($AE37:$AS37,0.75))
A38: 5 | T38: =IF(COUNT(E38:S38)=0,"",SUM(E38:S38)) | U38: =IF(COUNT(E38:S38)=0,"",SUMSQ(E38:S38)) | V38: =IF(COUNT(E38:S38)=0,"",AVERAGE(E38:S38)) | W38: =IF(COUNT(E38:S38)=0,"",STDEVP(E38:S38)) | X38: =IF(COUNT(E38:S38)=0,"",V38-1*W38) | Y38: =IF(COUNT(E38:S38)=0,"",V38+1*W38) | Z38: =IF(COUNT(E38:S38)=0,"",SUM(IF(AND(E38>X38,E38<Y38),E38,0),IF(AND(F38>X38,F38<Y38),F38,0),IF(AND(G38>X38,G38<Y38),G38,0),IF(AND(H38>X38,H38<Y38),H38,0),IF(AND(I38>X38,I38<Y38),I38,0),IF(AND(J38>X38,J38<Y38),J38,0),IF(AND(K38>X38,K38<Y38),K38,0),IF(AND(L38>X38,L38<Y38),L38,0),IF(AND(M38>X38,M38<Y38),M38,0),IF(AND(N38>X38,N38<Y38),N38,0),IF(AND(O38>X38,O38<Y38),O38,0),IF(AND(P38>X38,P38<Y38),P38,0),IF(AND(Q38>X38,Q38<Y38),Q38,0),IF(AND(R38>X38,R38<Y38),R38,0),IF(AND(S38>X38,S38<Y38),S38,0))/SUM(IF(AND(E38>X38,E38<Y38,E38<>0),1,0),IF(AND(F38>X38,F38<Y38,F38<>0),1,0),IF(AND(G38>X38,G38<Y38,G38<>0),1,0),IF(AND(H38>X38,H38<Y38,H38<>0),1,0),IF(AND(I38>X38,I38<Y38,I38<>0),1,0),IF(AND(J38>X38,J38<Y38,J38<>0),1,0),IF(AND(K38>X38,K38<Y38,K38<>0),1,0),IF(AND(L38>X38,L38<Y38,L38<>0),1,0),IF(AND(M38>X38,M38<Y38,M38<>0),1,0),IF(AND(N38>X38,N38<Y38,N38<>0),1,0),IF(AND(O38>X38,O38<Y38,O38<>0),1,0),IF(AND(P38>X38,P38<Y38,P38<>0),1,0),IF(AND(Q38>X38,Q38<Y38,Q38<>0),1,0),IF(AND(R38>X38,R38<Y38,R38<>0),1,0),IF(AND(S38>X38,S38<Y38,S38<>0),1,0))) | AA38: =IF(COUNT(E38:S38)=0,"",SUM(IF(AND(E38>X38,E38<Y38),E38,0),IF(AND(F38>X38,F38<Y38),F38,0),IF(AND(G38>X38,G38<Y38),G38,0),IF(AND(H38>X38,H38<Y38),H38,0),IF(AND(I38>X38,I38<Y38),I38,0),IF(AND(J38>X38,J38<Y38),J38,0),IF(AND(K38>X38,K38<Y38),K38,0),IF(AND(L38>X38,L38<Y38),L38,0),IF(AND(M38>X38,M38<Y38),M38,0),IF(AND(N38>X38,N38<Y38),N38,0),IF(AND(O38>X38,O38<Y38),O38,0),IF(AND(P38>X38,P38<Y38),P38,0),IF(AND(Q38>X38,Q38<Y38),Q38,0),IF(AND(R38>X38,R38<Y38),R38,0),IF(AND(S38>X38,S38<Y38),S38,0))) | AB38: =IF(COUNT(E38:S38)=0,"",SUMSQ(IF(AND(E38>X38,E38<Y38),E38,0),IF(AND(F38>X38,F38<Y38),F38,0),IF(AND(G38>X38,G38<Y38),G38,0),IF(AND(H38>X38,H38<Y38),H38,0),IF(AND(I38>X38,I38<Y38),I38,0),IF(AND(J38>X38,J38<Y38),J38,0),IF(AND(K38>X38,K38<Y38),K38,0),IF(AND(L38>X38,L38<Y38),L38,0),IF(AND(M38>X38,M38<Y38),M38,0),IF(AND(N38>X38,N38<Y38),N38,0),IF(AND(O38>X38,O38<Y38),O38,0),IF(AND(P38>X38,P38<Y38),P38,0),IF(AND(Q38>X38,Q38<Y38),Q38,0),IF(AND(R38>X38,R38<Y38),R38,0),IF(AND(S38>X38,S38<Y38),S38,0))) | AC38: =IF(COUNT(E38:S38)=0,"",POWER(40*SQRT(SUM(IF(AND(E38>X38,E38<Y38),1,0),IF(AND(F38>X38,F38<Y38),1,0),IF(AND(G38>X38,G38<Y38),1,0),IF(AND(H38>X38,H38<Y38),1,0),IF(AND(I38>X38,I38<Y38),1,0),IF(AND(J38>X38,J38<Y38),1,0),IF(AND(K38>X38,K38<Y38),1,0),IF(AND(L38>X38,L38<Y38),1,0),IF(AND(M38>X38,M38<Y38),1,0),IF(AND(N38>X38,N38<Y38),1,0),IF(AND(O38>X38,O38<Y38),1,0),IF(AND(P38>X38,P38<Y38),1,0),IF(AND(Q38>X38,Q38<Y38),1,0),IF(AND(R38>X38,R38<Y38),1,0),IF(AND(S38>X38,S38<Y38),1,0))*AB38-POWER(AA38,2))/AA38,2)) | AD38: 33 | AE38: =IF(SUM(INDIRECT(CHAR(COLUMN()+38)&(ROW()-5)*8-2&":"&CHAR(COLUMN()+38)&(ROW()-5)*8+5))=0,"",SUM(INDIRECT(CHAR(COLUMN()+38)&(ROW()-5)*8-2&":"&CHAR(COLUMN()+38)&(ROW()-5)*8+5))/INDIRECT("C"&(ROW()-5)*8-2)) | AF38: =IF(SUM(INDIRECT(CHAR(COLUMN()+38)&(ROW()-5)*8-2&":"&CHAR(COLUMN()+38)&(ROW()-5)*8+5))=0,"",SUM(INDIRECT(CHAR(COLUMN()+38)&(ROW()-5)*8-2&":"&CHAR(COLUMN()+38)&(ROW()-5)*8+5))/INDIRECT("C"&(ROW()-5)*8-2)) | AG38: =IF(SUM(INDIRECT(CHAR(COLUMN()+38)&(ROW()-5)*8-2&":"&CHAR(COLUMN()+38)&(ROW()-5)*8+5))=0,"",SUM(INDIRECT(CHAR(COLUMN()+38)&(ROW()-5)*8-2&":"&CHAR(COLUMN()+38)&(ROW()-5)*8+5))/INDIRECT("C"&(ROW()-5)*8-2)) | AH38: =IF(SUM(INDIRECT(CHAR(COLUMN()+38)&(ROW()-5)*8-2&":"&CHAR(COLUMN()+38)&(ROW()-5)*8+5))=0,"",SUM(INDIRECT(CHAR(COLUMN()+38)&(ROW()-5)*8-2&":"&CHAR(COLUMN()+38)&(ROW()-5)*8+5))/INDIRECT("C"&(ROW()-5)*8-2)) | AI38: =IF(SUM(INDIRECT(CHAR(COLUMN()+38)&(ROW()-5)*8-2&":"&CHAR(COLUMN()+38)&(ROW()-5)*8+5))=0,"",SUM(INDIRECT(CHAR(COLUMN()+38)&(ROW()-5)*8-2&":"&CHAR(COLUMN()+38)&(ROW()-5)*8+5))/INDIRECT("C"&(ROW()-5)*8-2)) | AJ38: =IF(SUM(INDIRECT(CHAR(COLUMN()+38)&(ROW()-5)*8-2&":"&CHAR(COLUMN()+38)&(ROW()-5)*8+5))=0,"",SUM(INDIRECT(CHAR(COLUMN()+38)&(ROW()-5)*8-2&":"&CHAR(COLUMN()+38)&(ROW()-5)*8+5))/INDIRECT("C"&(ROW()-5)*8-2)) | AK38: =IF(SUM(INDIRECT(CHAR(COLUMN()+38)&(ROW()-5)*8-2&":"&CHAR(COLUMN()+38)&(ROW()-5)*8+5))=0,"",SUM(INDIRECT(CHAR(COLUMN()+38)&(ROW()-5)*8-2&":"&CHAR(COLUMN()+38)&(ROW()-5)*8+5))/INDIRECT("C"&(ROW()-5)*8-2)) | AL38: =IF(SUM(INDIRECT(CHAR(COLUMN()+38)&(ROW()-5)*8-2&":"&CHAR(COLUMN()+38)&(ROW()-5)*8+5))=0,"",SUM(INDIRECT(CHAR(COLUMN()+38)&(ROW()-5)*8-2&":"&CHAR(COLUMN()+38)&(ROW()-5)*8+5))/INDIRECT("C"&(ROW()-5)*8-2)) | ... AS38: =IF(SUM(INDIRECT(CHAR(COLUMN()+38)&(ROW()-5)*8-2&":"&CHAR(COLUMN()+38)&(ROW()-5)*8+5))=0,"",SUM(INDIRECT(CHAR(COLUMN()+38)&(ROW()-5)*8-2&":"&CHAR(COLUMN()+38)&(ROW()-5)*8+5))/INDIRECT("C"&(ROW()-5)*8-2)) | AT38: 33 | AU38: =IF(COUNT($AE38:$AS38)=0,"",PERCENTILE($AE38:$AS38,0.25)) | AV38: =IF(COUNT($AE38:$AS38)=0,"",MAX($AE38:$AS38)) | AW38: =IF(COUNT($AE38:$AS38)=0,"",MIN($AE38:$AS38)) | AX38: =IF(COUNT($AE38:$AS38)=0,"",PERCENTILE($AE38:$AS38,0.75))
T39: =IF(COUNT(E39:S39)=0,"",SUM(E39:S39)) | U39: =IF(COUNT(E39:S39)=0,"",SUMSQ(E39:S39)) | V39: =IF(COUNT(E39:S39)=0,"",AVERAGE(E39:S39)) | W39: =IF(COUNT(E39:S39)=0,"",STDEVP(E39:S39)) | X39: =IF(COUNT(E39:S39)=0,"",V39-1*W39) | Y39: =IF(COUNT(E39:S39)=0,"",V39+1*W39) | Z39: =IF(COUNT(E39:S39)=0,"",SUM(IF(AND(E39>X39,E39<Y39),E39,0),IF(AND(F39>X39,F39<Y39),F39,0),IF(AND(G39>X39,G39<Y39),G39,0),IF(AND(H39>X39,H39<Y39),H39,0),IF(AND(I39>X39,I39<Y39),I39,0),IF(AND(J39>X39,J39<Y39),J39,0),IF(AND(K39>X39,K39<Y39),K39,0),IF(AND(L39>X39,L39<Y39),L39,0),IF(AND(M39>X39,M39<Y39),M39,0),IF(AND(N39>X39,N39<Y39),N39,0),IF(AND(O39>X39,O39<Y39),O39,0),IF(AND(P39>X39,P39<Y39),P39,0),IF(AND(Q39>X39,Q39<Y39),Q39,0),IF(AND(R39>X39,R39<Y39),R39,0),IF(AND(S39>X39,S39<Y39),S39,0))/SUM(IF(AND(E39>X39,E39<Y39,E39<>0),1,0),IF(AND(F39>X39,F39<Y39,F39<>0),1,0),IF(AND(G39>X39,G39<Y39,G39<>0),1,0),IF(AND(H39>X39,H39<Y39,H39<>0),1,0),IF(AND(I39>X39,I39<Y39,I39<>0),1,0),IF(AND(J39>X39,J39<Y39,J39<>0),1,0),IF(AND(K39>X39,K39<Y39,K39<>0),1,0),IF(AND(L39>X39,L39<Y39,L39<>0),1,0),IF(AND(M39>X39,M39<Y39,M39<>0),1,0),IF(AND(N39>X39,N39<Y39,N39<>0),1,0),IF(AND(O39>X39,O39<Y39,O39<>0),1,0),IF(AND(P39>X39,P39<Y39,P39<>0),1,0),IF(AND(Q39>X39,Q39<Y39,Q39<>0),1,0),IF(AND(R39>X39,R39<Y39,R39<>0),1,0),IF(AND(S39>X39,S39<Y39,S39<>0),1,0))) | AA39: =IF(COUNT(E39:S39)=0,"",SUM(IF(AND(E39>X39,E39<Y39),E39,0),IF(AND(F39>X39,F39<Y39),F39,0),IF(AND(G39>X39,G39<Y39),G39,0),IF(AND(H39>X39,H39<Y39),H39,0),IF(AND(I39>X39,I39<Y39),I39,0),IF(AND(J39>X39,J39<Y39),J39,0),IF(AND(K39>X39,K39<Y39),K39,0),IF(AND(L39>X39,L39<Y39),L39,0),IF(AND(M39>X39,M39<Y39),M39,0),IF(AND(N39>X39,N39<Y39),N39,0),IF(AND(O39>X39,O39<Y39),O39,0),IF(AND(P39>X39,P39<Y39),P39,0),IF(AND(Q39>X39,Q39<Y39),Q39,0),IF(AND(R39>X39,R39<Y39),R39,0),IF(AND(S39>X39,S39<Y39),S39,0))) | AB39: =IF(COUNT(E39:S39)=0,"",SUMSQ(IF(AND(E39>X39,E39<Y39),E39,0),IF(AND(F39>X39,F39<Y39),F39,0),IF(AND(G39>X39,G39<Y39),G39,0),IF(AND(H39>X39,H39<Y39),H39,0),IF(AND(I39>X39,I39<Y39),I39,0),IF(AND(J39>X39,J39<Y39),J39,0),IF(AND(K39>X39,K39<Y39),K39,0),IF(AND(L39>X39,L39<Y39),L39,0),IF(AND(M39>X39,M39<Y39),M39,0),IF(AND(N39>X39,N39<Y39),N39,0),IF(AND(O39>X39,O39<Y39),O39,0),IF(AND(P39>X39,P39<Y39),P39,0),IF(AND(Q39>X39,Q39<Y39),Q39,0),IF(AND(R39>X39,R39<Y39),R39,0),IF(AND(S39>X39,S39<Y39),S39,0))) | AC39: =IF(COUNT(E39:S39)=0,"",POWER(40*SQRT(SUM(IF(AND(E39>X39,E39<Y39),1,0),IF(AND(F39>X39,F39<Y39),1,0),IF(AND(G39>X39,G39<Y39),1,0),IF(AND(H39>X39,H39<Y39),1,0),IF(AND(I39>X39,I39<Y39),1,0),IF(AND(J39>X39,J39<Y39),1,0),IF(AND(K39>X39,K39<Y39),1,0),IF(AND(L39>X39,L39<Y39),1,0),IF(AND(M39>X39,M39<Y39),1,0),IF(AND(N39>X39,N39<Y39),1,0),IF(AND(O39>X39,O39<Y39),1,0),IF(AND(P39>X39,P39<Y39),1,0),IF(AND(Q39>X39,Q39<Y39),1,0),IF(AND(R39>X39,R39<Y39),1,0),IF(AND(S39>X39,S39<Y39),1,0))*AB39-POWER(AA39,2))/AA39,2)) | AD39: 34 | AE39: =IF(SUM(INDIRECT(CHAR(COLUMN()+38)&(ROW()-5)*8-2&":"&CHAR(COLUMN()+38)&(ROW()-5)*8+5))=0,"",SUM(INDIRECT(CHAR(COLUMN()+38)&(ROW()-5)*8-2&":"&CHAR(COLUMN()+38)&(ROW()-5)*8+5))/INDIRECT("C"&(ROW()-5)*8-2)) | AF39: =IF(SUM(INDIRECT(CHAR(COLUMN()+38)&(ROW()-5)*8-2&":"&CHAR(COLUMN()+38)&(ROW()-5)*8+5))=0,"",SUM(INDIRECT(CHAR(COLUMN()+38)&(ROW()-5)*8-2&":"&CHAR(COLUMN()+38)&(ROW()-5)*8+5))/INDIRECT("C"&(ROW()-5)*8-2)) | AG39: =IF(SUM(INDIRECT(CHAR(COLUMN()+38)&(ROW()-5)*8-2&":"&CHAR(COLUMN()+38)&(ROW()-5)*8+5))=0,"",SUM(INDIRECT(CHAR(COLUMN()+38)&(ROW()-5)*8-2&":"&CHAR(COLUMN()+38)&(ROW()-5)*8+5))/INDIRECT("C"&(ROW()-5)*8-2)) | AH39: =IF(SUM(INDIRECT(CHAR(COLUMN()+38)&(ROW()-5)*8-2&":"&CHAR(COLUMN()+38)&(ROW()-5)*8+5))=0,"",SUM(INDIRECT(CHAR(COLUMN()+38)&(ROW()-5)*8-2&":"&CHAR(COLUMN()+38)&(ROW()-5)*8+5))/INDIRECT("C"&(ROW()-5)*8-2)) | AI39: =IF(SUM(INDIRECT(CHAR(COLUMN()+38)&(ROW()-5)*8-2&":"&CHAR(COLUMN()+38)&(ROW()-5)*8+5))=0,"",SUM(INDIRECT(CHAR(COLUMN()+38)&(ROW()-5)*8-2&":"&CHAR(COLUMN()+38)&(ROW()-5)*8+5))/INDIRECT("C"&(ROW()-5)*8-2)) | AJ39: =IF(SUM(INDIRECT(CHAR(COLUMN()+38)&(ROW()-5)*8-2&":"&CHAR(COLUMN()+38)&(ROW()-5)*8+5))=0,"",SUM(INDIRECT(CHAR(COLUMN()+38)&(ROW()-5)*8-2&":"&CHAR(COLUMN()+38)&(ROW()-5)*8+5))/INDIRECT("C"&(ROW()-5)*8-2)) | AK39: =IF(SUM(INDIRECT(CHAR(COLUMN()+38)&(ROW()-5)*8-2&":"&CHAR(COLUMN()+38)&(ROW()-5)*8+5))=0,"",SUM(INDIRECT(CHAR(COLUMN()+38)&(ROW()-5)*8-2&":"&CHAR(COLUMN()+38)&(ROW()-5)*8+5))/INDIRECT("C"&(ROW()-5)*8-2)) | AL39: =IF(SUM(INDIRECT(CHAR(COLUMN()+38)&(ROW()-5)*8-2&":"&CHAR(COLUMN()+38)&(ROW()-5)*8+5))=0,"",SUM(INDIRECT(CHAR(COLUMN()+38)&(ROW()-5)*8-2&":"&CHAR(COLUMN()+38)&(ROW()-5)*8+5))/INDIRECT("C"&(ROW()-5)*8-2)) | ... AS39: =IF(SUM(INDIRECT(CHAR(COLUMN()+38)&(ROW()-5)*8-2&":"&CHAR(COLUMN()+38)&(ROW()-5)*8+5))=0,"",SUM(INDIRECT(CHAR(COLUMN()+38)&(ROW()-5)*8-2&":"&CHAR(COLUMN()+38)&(ROW()-5)*8+5))/INDIRECT("C"&(ROW()-5)*8-2)) | AT39: 34 | AU39: =IF(COUNT($AE39:$AS39)=0,"",PERCENTILE($AE39:$AS39,0.25)) | AV39: =IF(COUNT($AE39:$AS39)=0,"",MAX($AE39:$AS39)) | AW39: =IF(COUNT($AE39:$AS39)=0,"",MIN($AE39:$AS39)) | AX39: =IF(COUNT($AE39:$AS39)=0,"",PERCENTILE($AE39:$AS39,0.75))
T40: =IF(COUNT(E40:S40)=0,"",SUM(E40:S40)) | U40: =IF(COUNT(E40:S40)=0,"",SUMSQ(E40:S40)) | V40: =IF(COUNT(E40:S40)=0,"",AVERAGE(E40:S40)) | W40: =IF(COUNT(E40:S40)=0,"",STDEVP(E40:S40)) | X40: =IF(COUNT(E40:S40)=0,"",V40-1*W40) | Y40: =IF(COUNT(E40:S40)=0,"",V40+1*W40) | Z40: =IF(COUNT(E40:S40)=0,"",SUM(IF(AND(E40>X40,E40<Y40),E40,0),IF(AND(F40>X40,F40<Y40),F40,0),IF(AND(G40>X40,G40<Y40),G40,0),IF(AND(H40>X40,H40<Y40),H40,0),IF(AND(I40>X40,I40<Y40),I40,0),IF(AND(J40>X40,J40<Y40),J40,0),IF(AND(K40>X40,K40<Y40),K40,0),IF(AND(L40>X40,L40<Y40),L40,0),IF(AND(M40>X40,M40<Y40),M40,0),IF(AND(N40>X40,N40<Y40),N40,0),IF(AND(O40>X40,O40<Y40),O40,0),IF(AND(P40>X40,P40<Y40),P40,0),IF(AND(Q40>X40,Q40<Y40),Q40,0),IF(AND(R40>X40,R40<Y40),R40,0),IF(AND(S40>X40,S40<Y40),S40,0))/SUM(IF(AND(E40>X40,E40<Y40,E40<>0),1,0),IF(AND(F40>X40,F40<Y40,F40<>0),1,0),IF(AND(G40>X40,G40<Y40,G40<>0),1,0),IF(AND(H40>X40,H40<Y40,H40<>0),1,0),IF(AND(I40>X40,I40<Y40,I40<>0),1,0),IF(AND(J40>X40,J40<Y40,J40<>0),1,0),IF(AND(K40>X40,K40<Y40,K40<>0),1,0),IF(AND(L40>X40,L40<Y40,L40<>0),1,0),IF(AND(M40>X40,M40<Y40,M40<>0),1,0),IF(AND(N40>X40,N40<Y40,N40<>0),1,0),IF(AND(O40>X40,O40<Y40,O40<>0),1,0),IF(AND(P40>X40,P40<Y40,P40<>0),1,0),IF(AND(Q40>X40,Q40<Y40,Q40<>0),1,0),IF(AND(R40>X40,R40<Y40,R40<>0),1,0),IF(AND(S40>X40,S40<Y40,S40<>0),1,0))) | AA40: =IF(COUNT(E40:S40)=0,"",SUM(IF(AND(E40>X40,E40<Y40),E40,0),IF(AND(F40>X40,F40<Y40),F40,0),IF(AND(G40>X40,G40<Y40),G40,0),IF(AND(H40>X40,H40<Y40),H40,0),IF(AND(I40>X40,I40<Y40),I40,0),IF(AND(J40>X40,J40<Y40),J40,0),IF(AND(K40>X40,K40<Y40),K40,0),IF(AND(L40>X40,L40<Y40),L40,0),IF(AND(M40>X40,M40<Y40),M40,0),IF(AND(N40>X40,N40<Y40),N40,0),IF(AND(O40>X40,O40<Y40),O40,0),IF(AND(P40>X40,P40<Y40),P40,0),IF(AND(Q40>X40,Q40<Y40),Q40,0),IF(AND(R40>X40,R40<Y40),R40,0),IF(AND(S40>X40,S40<Y40),S40,0))) | AB40: =IF(COUNT(E40:S40)=0,"",SUMSQ(IF(AND(E40>X40,E40<Y40),E40,0),IF(AND(F40>X40,F40<Y40),F40,0),IF(AND(G40>X40,G40<Y40),G40,0),IF(AND(H40>X40,H40<Y40),H40,0),IF(AND(I40>X40,I40<Y40),I40,0),IF(AND(J40>X40,J40<Y40),J40,0),IF(AND(K40>X40,K40<Y40),K40,0),IF(AND(L40>X40,L40<Y40),L40,0),IF(AND(M40>X40,M40<Y40),M40,0),IF(AND(N40>X40,N40<Y40),N40,0),IF(AND(O40>X40,O40<Y40),O40,0),IF(AND(P40>X40,P40<Y40),P40,0),IF(AND(Q40>X40,Q40<Y40),Q40,0),IF(AND(R40>X40,R40<Y40),R40,0),IF(AND(S40>X40,S40<Y40),S40,0))) | AC40: =IF(COUNT(E40:S40)=0,"",POWER(40*SQRT(SUM(IF(AND(E40>X40,E40<Y40),1,0),IF(AND(F40>X40,F40<Y40),1,0),IF(AND(G40>X40,G40<Y40),1,0),IF(AND(H40>X40,H40<Y40),1,0),IF(AND(I40>X40,I40<Y40),1,0),IF(AND(J40>X40,J40<Y40),1,0),IF(AND(K40>X40,K40<Y40),1,0),IF(AND(L40>X40,L40<Y40),1,0),IF(AND(M40>X40,M40<Y40),1,0),IF(AND(N40>X40,N40<Y40),1,0),IF(AND(O40>X40,O40<Y40),1,0),IF(AND(P40>X40,P40<Y40),1,0),IF(AND(Q40>X40,Q40<Y40),1,0),IF(AND(R40>X40,R40<Y40),1,0),IF(AND(S40>X40,S40<Y40),1,0))*AB40-POWER(AA40,2))/AA40,2)) | AD40: 35 | AE40: =IF(SUM(INDIRECT(CHAR(COLUMN()+38)&(ROW()-5)*8-2&":"&CHAR(COLUMN()+38)&(ROW()-5)*8+5))=0,"",SUM(INDIRECT(CHAR(COLUMN()+38)&(ROW()-5)*8-2&":"&CHAR(COLUMN()+38)&(ROW()-5)*8+5))/INDIRECT("C"&(ROW()-5)*8-2)) | AF40: =IF(SUM(INDIRECT(CHAR(COLUMN()+38)&(ROW()-5)*8-2&":"&CHAR(COLUMN()+38)&(ROW()-5)*8+5))=0,"",SUM(INDIRECT(CHAR(COLUMN()+38)&(ROW()-5)*8-2&":"&CHAR(COLUMN()+38)&(ROW()-5)*8+5))/INDIRECT("C"&(ROW()-5)*8-2)) | AG40: =IF(SUM(INDIRECT(CHAR(COLUMN()+38)&(ROW()-5)*8-2&":"&CHAR(COLUMN()+38)&(ROW()-5)*8+5))=0,"",SUM(INDIRECT(CHAR(COLUMN()+38)&(ROW()-5)*8-2&":"&CHAR(COLUMN()+38)&(ROW()-5)*8+5))/INDIRECT("C"&(ROW()-5)*8-2)) | AH40: =IF(SUM(INDIRECT(CHAR(COLUMN()+38)&(ROW()-5)*8-2&":"&CHAR(COLUMN()+38)&(ROW()-5)*8+5))=0,"",SUM(INDIRECT(CHAR(COLUMN()+38)&(ROW()-5)*8-2&":"&CHAR(COLUMN()+38)&(ROW()-5)*8+5))/INDIRECT("C"&(ROW()-5)*8-2)) | AI40: =IF(SUM(INDIRECT(CHAR(COLUMN()+38)&(ROW()-5)*8-2&":"&CHAR(COLUMN()+38)&(ROW()-5)*8+5))=0,"",SUM(INDIRECT(CHAR(COLUMN()+38)&(ROW()-5)*8-2&":"&CHAR(COLUMN()+38)&(ROW()-5)*8+5))/INDIRECT("C"&(ROW()-5)*8-2)) | AJ40: =IF(SUM(INDIRECT(CHAR(COLUMN()+38)&(ROW()-5)*8-2&":"&CHAR(COLUMN()+38)&(ROW()-5)*8+5))=0,"",SUM(INDIRECT(CHAR(COLUMN()+38)&(ROW()-5)*8-2&":"&CHAR(COLUMN()+38)&(ROW()-5)*8+5))/INDIRECT("C"&(ROW()-5)*8-2)) | AK40: =IF(SUM(INDIRECT(CHAR(COLUMN()+38)&(ROW()-5)*8-2&":"&CHAR(COLUMN()+38)&(ROW()-5)*8+5))=0,"",SUM(INDIRECT(CHAR(COLUMN()+38)&(ROW()-5)*8-2&":"&CHAR(COLUMN()+38)&(ROW()-5)*8+5))/INDIRECT("C"&(ROW()-5)*8-2)) | AL40: =IF(SUM(INDIRECT(CHAR(COLUMN()+38)&(ROW()-5)*8-2&":"&CHAR(COLUMN()+38)&(ROW()-5)*8+5))=0,"",SUM(INDIRECT(CHAR(COLUMN()+38)&(ROW()-5)*8-2&":"&CHAR(COLUMN()+38)&(ROW()-5)*8+5))/INDIRECT("C"&(ROW()-5)*8-2)) | ... AS40: =IF(SUM(INDIRECT(CHAR(COLUMN()+38)&(ROW()-5)*8-2&":"&CHAR(COLUMN()+38)&(ROW()-5)*8+5))=0,"",SUM(INDIRECT(CHAR(COLUMN()+38)&(ROW()-5)*8-2&":"&CHAR(COLUMN()+38)&(ROW()-5)*8+5))/INDIRECT("C"&(ROW()-5)*8-2)) | AT40: 35 | AU40: =IF(COUNT($AE40:$AS40)=0,"",PERCENTILE($AE40:$AS40,0.25)) | AV40: =IF(COUNT($AE40:$AS40)=0,"",MAX($AE40:$AS40)) | AW40: =IF(COUNT($AE40:$AS40)=0,"",MIN($AE40:$AS40)) | AX40: =IF(COUNT($AE40:$AS40)=0,"",PERCENTILE($AE40:$AS40,0.75))
T41: =IF(COUNT(E41:S41)=0,"",SUM(E41:S41)) | U41: =IF(COUNT(E41:S41)=0,"",SUMSQ(E41:S41)) | V41: =IF(COUNT(E41:S41)=0,"",AVERAGE(E41:S41)) | W41: =IF(COUNT(E41:S41)=0,"",STDEVP(E41:S41)) | X41: =IF(COUNT(E41:S41)=0,"",V41-1*W41) | Y41: =IF(COUNT(E41:S41)=0,"",V41+1*W41) | Z41: =IF(COUNT(E41:S41)=0,"",SUM(IF(AND(E41>X41,E41<Y41),E41,0),IF(AND(F41>X41,F41<Y41),F41,0),IF(AND(G41>X41,G41<Y41),G41,0),IF(AND(H41>X41,H41<Y41),H41,0),IF(AND(I41>X41,I41<Y41),I41,0),IF(AND(J41>X41,J41<Y41),J41,0),IF(AND(K41>X41,K41<Y41),K41,0),IF(AND(L41>X41,L41<Y41),L41,0),IF(AND(M41>X41,M41<Y41),M41,0),IF(AND(N41>X41,N41<Y41),N41,0),IF(AND(O41>X41,O41<Y41),O41,0),IF(AND(P41>X41,P41<Y41),P41,0),IF(AND(Q41>X41,Q41<Y41),Q41,0),IF(AND(R41>X41,R41<Y41),R41,0),IF(AND(S41>X41,S41<Y41),S41,0))/SUM(IF(AND(E41>X41,E41<Y41,E41<>0),1,0),IF(AND(F41>X41,F41<Y41,F41<>0),1,0),IF(AND(G41>X41,G41<Y41,G41<>0),1,0),IF(AND(H41>X41,H41<Y41,H41<>0),1,0),IF(AND(I41>X41,I41<Y41,I41<>0),1,0),IF(AND(J41>X41,J41<Y41,J41<>0),1,0),IF(AND(K41>X41,K41<Y41,K41<>0),1,0),IF(AND(L41>X41,L41<Y41,L41<>0),1,0),IF(AND(M41>X41,M41<Y41,M41<>0),1,0),IF(AND(N41>X41,N41<Y41,N41<>0),1,0),IF(AND(O41>X41,O41<Y41,O41<>0),1,0),IF(AND(P41>X41,P41<Y41,P41<>0),1,0),IF(AND(Q41>X41,Q41<Y41,Q41<>0),1,0),IF(AND(R41>X41,R41<Y41,R41<>0),1,0),IF(AND(S41>X41,S41<Y41,S41<>0),1,0))) | AA41: =IF(COUNT(E41:S41)=0,"",SUM(IF(AND(E41>X41,E41<Y41),E41,0),IF(AND(F41>X41,F41<Y41),F41,0),IF(AND(G41>X41,G41<Y41),G41,0),IF(AND(H41>X41,H41<Y41),H41,0),IF(AND(I41>X41,I41<Y41),I41,0),IF(AND(J41>X41,J41<Y41),J41,0),IF(AND(K41>X41,K41<Y41),K41,0),IF(AND(L41>X41,L41<Y41),L41,0),IF(AND(M41>X41,M41<Y41),M41,0),IF(AND(N41>X41,N41<Y41),N41,0),IF(AND(O41>X41,O41<Y41),O41,0),IF(AND(P41>X41,P41<Y41),P41,0),IF(AND(Q41>X41,Q41<Y41),Q41,0),IF(AND(R41>X41,R41<Y41),R41,0),IF(AND(S41>X41,S41<Y41),S41,0))) | AB41: =IF(COUNT(E41:S41)=0,"",SUMSQ(IF(AND(E41>X41,E41<Y41),E41,0),IF(AND(F41>X41,F41<Y41),F41,0),IF(AND(G41>X41,G41<Y41),G41,0),IF(AND(H41>X41,H41<Y41),H41,0),IF(AND(I41>X41,I41<Y41),I41,0),IF(AND(J41>X41,J41<Y41),J41,0),IF(AND(K41>X41,K41<Y41),K41,0),IF(AND(L41>X41,L41<Y41),L41,0),IF(AND(M41>X41,M41<Y41),M41,0),IF(AND(N41>X41,N41<Y41),N41,0),IF(AND(O41>X41,O41<Y41),O41,0),IF(AND(P41>X41,P41<Y41),P41,0),IF(AND(Q41>X41,Q41<Y41),Q41,0),IF(AND(R41>X41,R41<Y41),R41,0),IF(AND(S41>X41,S41<Y41),S41,0))) | AC41: =IF(COUNT(E41:S41)=0,"",POWER(40*SQRT(SUM(IF(AND(E41>X41,E41<Y41),1,0),IF(AND(F41>X41,F41<Y41),1,0),IF(AND(G41>X41,G41<Y41),1,0),IF(AND(H41>X41,H41<Y41),1,0),IF(AND(I41>X41,I41<Y41),1,0),IF(AND(J41>X41,J41<Y41),1,0),IF(AND(K41>X41,K41<Y41),1,0),IF(AND(L41>X41,L41<Y41),1,0),IF(AND(M41>X41,M41<Y41),1,0),IF(AND(N41>X41,N41<Y41),1,0),IF(AND(O41>X41,O41<Y41),1,0),IF(AND(P41>X41,P41<Y41),1,0),IF(AND(Q41>X41,Q41<Y41),1,0),IF(AND(R41>X41,R41<Y41),1,0),IF(AND(S41>X41,S41<Y41),1,0))*AB41-POWER(AA41,2))/AA41,2)) | AD41: 36 | AE41: =IF(SUM(INDIRECT(CHAR(COLUMN()+38)&(ROW()-5)*8-2&":"&CHAR(COLUMN()+38)&(ROW()-5)*8+5))=0,"",SUM(INDIRECT(CHAR(COLUMN()+38)&(ROW()-5)*8-2&":"&CHAR(COLUMN()+38)&(ROW()-5)*8+5))/INDIRECT("C"&(ROW()-5)*8-2)) | AF41: =IF(SUM(INDIRECT(CHAR(COLUMN()+38)&(ROW()-5)*8-2&":"&CHAR(COLUMN()+38)&(ROW()-5)*8+5))=0,"",SUM(INDIRECT(CHAR(COLUMN()+38)&(ROW()-5)*8-2&":"&CHAR(COLUMN()+38)&(ROW()-5)*8+5))/INDIRECT("C"&(ROW()-5)*8-2)) | AG41: =IF(SUM(INDIRECT(CHAR(COLUMN()+38)&(ROW()-5)*8-2&":"&CHAR(COLUMN()+38)&(ROW()-5)*8+5))=0,"",SUM(INDIRECT(CHAR(COLUMN()+38)&(ROW()-5)*8-2&":"&CHAR(COLUMN()+38)&(ROW()-5)*8+5))/INDIRECT("C"&(ROW()-5)*8-2)) | AH41: =IF(SUM(INDIRECT(CHAR(COLUMN()+38)&(ROW()-5)*8-2&":"&CHAR(COLUMN()+38)&(ROW()-5)*8+5))=0,"",SUM(INDIRECT(CHAR(COLUMN()+38)&(ROW()-5)*8-2&":"&CHAR(COLUMN()+38)&(ROW()-5)*8+5))/INDIRECT("C"&(ROW()-5)*8-2)) | AI41: =IF(SUM(INDIRECT(CHAR(COLUMN()+38)&(ROW()-5)*8-2&":"&CHAR(COLUMN()+38)&(ROW()-5)*8+5))=0,"",SUM(INDIRECT(CHAR(COLUMN()+38)&(ROW()-5)*8-2&":"&CHAR(COLUMN()+38)&(ROW()-5)*8+5))/INDIRECT("C"&(ROW()-5)*8-2)) | AJ41: =IF(SUM(INDIRECT(CHAR(COLUMN()+38)&(ROW()-5)*8-2&":"&CHAR(COLUMN()+38)&(ROW()-5)*8+5))=0,"",SUM(INDIRECT(CHAR(COLUMN()+38)&(ROW()-5)*8-2&":"&CHAR(COLUMN()+38)&(ROW()-5)*8+5))/INDIRECT("C"&(ROW()-5)*8-2)) | AK41: =IF(SUM(INDIRECT(CHAR(COLUMN()+38)&(ROW()-5)*8-2&":"&CHAR(COLUMN()+38)&(ROW()-5)*8+5))=0,"",SUM(INDIRECT(CHAR(COLUMN()+38)&(ROW()-5)*8-2&":"&CHAR(COLUMN()+38)&(ROW()-5)*8+5))/INDIRECT("C"&(ROW()-5)*8-2)) | AL41: =IF(SUM(INDIRECT(CHAR(COLUMN()+38)&(ROW()-5)*8-2&":"&CHAR(COLUMN()+38)&(ROW()-5)*8+5))=0,"",SUM(INDIRECT(CHAR(COLUMN()+38)&(ROW()-5)*8-2&":"&CHAR(COLUMN()+38)&(ROW()-5)*8+5))/INDIRECT("C"&(ROW()-5)*8-2)) | ... AS41: =IF(SUM(INDIRECT(CHAR(COLUMN()+38)&(ROW()-5)*8-2&":"&CHAR(COLUMN()+38)&(ROW()-5)*8+5))=0,"",SUM(INDIRECT(CHAR(COLUMN()+38)&(ROW()-5)*8-2&":"&CHAR(COLUMN()+38)&(ROW()-5)*8+5))/INDIRECT("C"&(ROW()-5)*8-2)) | AT41: 36 | AU41: =IF(COUNT($AE41:$AS41)=0,"",PERCENTILE($AE41:$AS41,0.25)) | AV41: =IF(COUNT($AE41:$AS41)=0,"",MAX($AE41:$AS41)) | AW41: =IF(COUNT($AE41:$AS41)=0,"",MIN($AE41:$AS41)) | AX41: =IF(COUNT($AE41:$AS41)=0,"",PERCENTILE($AE41:$AS41,0.75))
T42: =IF(COUNT(E42:S42)=0,"",SUM(E42:S42)) | U42: =IF(COUNT(E42:S42)=0,"",SUMSQ(E42:S42)) | V42: =IF(COUNT(E42:S42)=0,"",AVERAGE(E42:S42)) | W42: =IF(COUNT(E42:S42)=0,"",STDEVP(E42:S42)) | X42: =IF(COUNT(E42:S42)=0,"",V42-1*W42) | Y42: =IF(COUNT(E42:S42)=0,"",V42+1*W42) | Z42: =IF(COUNT(E42:S42)=0,"",SUM(IF(AND(E42>X42,E42<Y42),E42,0),IF(AND(F42>X42,F42<Y42),F42,0),IF(AND(G42>X42,G42<Y42),G42,0),IF(AND(H42>X42,H42<Y42),H42,0),IF(AND(I42>X42,I42<Y42),I42,0),IF(AND(J42>X42,J42<Y42),J42,0),IF(AND(K42>X42,K42<Y42),K42,0),IF(AND(L42>X42,L42<Y42),L42,0),IF(AND(M42>X42,M42<Y42),M42,0),IF(AND(N42>X42,N42<Y42),N42,0),IF(AND(O42>X42,O42<Y42),O42,0),IF(AND(P42>X42,P42<Y42),P42,0),IF(AND(Q42>X42,Q42<Y42),Q42,0),IF(AND(R42>X42,R42<Y42),R42,0),IF(AND(S42>X42,S42<Y42),S42,0))/SUM(IF(AND(E42>X42,E42<Y42,E42<>0),1,0),IF(AND(F42>X42,F42<Y42,F42<>0),1,0),IF(AND(G42>X42,G42<Y42,G42<>0),1,0),IF(AND(H42>X42,H42<Y42,H42<>0),1,0),IF(AND(I42>X42,I42<Y42,I42<>0),1,0),IF(AND(J42>X42,J42<Y42,J42<>0),1,0),IF(AND(K42>X42,K42<Y42,K42<>0),1,0),IF(AND(L42>X42,L42<Y42,L42<>0),1,0),IF(AND(M42>X42,M42<Y42,M42<>0),1,0),IF(AND(N42>X42,N42<Y42,N42<>0),1,0),IF(AND(O42>X42,O42<Y42,O42<>0),1,0),IF(AND(P42>X42,P42<Y42,P42<>0),1,0),IF(AND(Q42>X42,Q42<Y42,Q42<>0),1,0),IF(AND(R42>X42,R42<Y42,R42<>0),1,0),IF(AND(S42>X42,S42<Y42,S42<>0),1,0))) | AA42: =IF(COUNT(E42:S42)=0,"",SUM(IF(AND(E42>X42,E42<Y42),E42,0),IF(AND(F42>X42,F42<Y42),F42,0),IF(AND(G42>X42,G42<Y42),G42,0),IF(AND(H42>X42,H42<Y42),H42,0),IF(AND(I42>X42,I42<Y42),I42,0),IF(AND(J42>X42,J42<Y42),J42,0),IF(AND(K42>X42,K42<Y42),K42,0),IF(AND(L42>X42,L42<Y42),L42,0),IF(AND(M42>X42,M42<Y42),M42,0),IF(AND(N42>X42,N42<Y42),N42,0),IF(AND(O42>X42,O42<Y42),O42,0),IF(AND(P42>X42,P42<Y42),P42,0),IF(AND(Q42>X42,Q42<Y42),Q42,0),IF(AND(R42>X42,R42<Y42),R42,0),IF(AND(S42>X42,S42<Y42),S42,0))) | AB42: =IF(COUNT(E42:S42)=0,"",SUMSQ(IF(AND(E42>X42,E42<Y42),E42,0),IF(AND(F42>X42,F42<Y42),F42,0),IF(AND(G42>X42,G42<Y42),G42,0),IF(AND(H42>X42,H42<Y42),H42,0),IF(AND(I42>X42,I42<Y42),I42,0),IF(AND(J42>X42,J42<Y42),J42,0),IF(AND(K42>X42,K42<Y42),K42,0),IF(AND(L42>X42,L42<Y42),L42,0),IF(AND(M42>X42,M42<Y42),M42,0),IF(AND(N42>X42,N42<Y42),N42,0),IF(AND(O42>X42,O42<Y42),O42,0),IF(AND(P42>X42,P42<Y42),P42,0),IF(AND(Q42>X42,Q42<Y42),Q42,0),IF(AND(R42>X42,R42<Y42),R42,0),IF(AND(S42>X42,S42<Y42),S42,0))) | AC42: =IF(COUNT(E42:S42)=0,"",POWER(40*SQRT(SUM(IF(AND(E42>X42,E42<Y42),1,0),IF(AND(F42>X42,F42<Y42),1,0),IF(AND(G42>X42,G42<Y42),1,0),IF(AND(H42>X42,H42<Y42),1,0),IF(AND(I42>X42,I42<Y42),1,0),IF(AND(J42>X42,J42<Y42),1,0),IF(AND(K42>X42,K42<Y42),1,0),IF(AND(L42>X42,L42<Y42),1,0),IF(AND(M42>X42,M42<Y42),1,0),IF(AND(N42>X42,N42<Y42),1,0),IF(AND(O42>X42,O42<Y42),1,0),IF(AND(P42>X42,P42<Y42),1,0),IF(AND(Q42>X42,Q42<Y42),1,0),IF(AND(R42>X42,R42<Y42),1,0),IF(AND(S42>X42,S42<Y42),1,0))*AB42-POWER(AA42,2))/AA42,2)) | AD42: 37 | AE42: =IF(SUM(INDIRECT(CHAR(COLUMN()+38)&(ROW()-5)*8-2&":"&CHAR(COLUMN()+38)&(ROW()-5)*8+5))=0,"",SUM(INDIRECT(CHAR(COLUMN()+38)&(ROW()-5)*8-2&":"&CHAR(COLUMN()+38)&(ROW()-5)*8+5))/INDIRECT("C"&(ROW()-5)*8-2)) | AF42: =IF(SUM(INDIRECT(CHAR(COLUMN()+38)&(ROW()-5)*8-2&":"&CHAR(COLUMN()+38)&(ROW()-5)*8+5))=0,"",SUM(INDIRECT(CHAR(COLUMN()+38)&(ROW()-5)*8-2&":"&CHAR(COLUMN()+38)&(ROW()-5)*8+5))/INDIRECT("C"&(ROW()-5)*8-2)) | AG42: =IF(SUM(INDIRECT(CHAR(COLUMN()+38)&(ROW()-5)*8-2&":"&CHAR(COLUMN()+38)&(ROW()-5)*8+5))=0,"",SUM(INDIRECT(CHAR(COLUMN()+38)&(ROW()-5)*8-2&":"&CHAR(COLUMN()+38)&(ROW()-5)*8+5))/INDIRECT("C"&(ROW()-5)*8-2)) | AH42: =IF(SUM(INDIRECT(CHAR(COLUMN()+38)&(ROW()-5)*8-2&":"&CHAR(COLUMN()+38)&(ROW()-5)*8+5))=0,"",SUM(INDIRECT(CHAR(COLUMN()+38)&(ROW()-5)*8-2&":"&CHAR(COLUMN()+38)&(ROW()-5)*8+5))/INDIRECT("C"&(ROW()-5)*8-2)) | AI42: =IF(SUM(INDIRECT(CHAR(COLUMN()+38)&(ROW()-5)*8-2&":"&CHAR(COLUMN()+38)&(ROW()-5)*8+5))=0,"",SUM(INDIRECT(CHAR(COLUMN()+38)&(ROW()-5)*8-2&":"&CHAR(COLUMN()+38)&(ROW()-5)*8+5))/INDIRECT("C"&(ROW()-5)*8-2)) | AJ42: =IF(SUM(INDIRECT(CHAR(COLUMN()+38)&(ROW()-5)*8-2&":"&CHAR(COLUMN()+38)&(ROW()-5)*8+5))=0,"",SUM(INDIRECT(CHAR(COLUMN()+38)&(ROW()-5)*8-2&":"&CHAR(COLUMN()+38)&(ROW()-5)*8+5))/INDIRECT("C"&(ROW()-5)*8-2)) | AK42: =IF(SUM(INDIRECT(CHAR(COLUMN()+38)&(ROW()-5)*8-2&":"&CHAR(COLUMN()+38)&(ROW()-5)*8+5))=0,"",SUM(INDIRECT(CHAR(COLUMN()+38)&(ROW()-5)*8-2&":"&CHAR(COLUMN()+38)&(ROW()-5)*8+5))/INDIRECT("C"&(ROW()-5)*8-2)) | AL42: =IF(SUM(INDIRECT(CHAR(COLUMN()+38)&(ROW()-5)*8-2&":"&CHAR(COLUMN()+38)&(ROW()-5)*8+5))=0,"",SUM(INDIRECT(CHAR(COLUMN()+38)&(ROW()-5)*8-2&":"&CHAR(COLUMN()+38)&(ROW()-5)*8+5))/INDIRECT("C"&(ROW()-5)*8-2)) | ... AS42: =IF(SUM(INDIRECT(CHAR(COLUMN()+38)&(ROW()-5)*8-2&":"&CHAR(COLUMN()+38)&(ROW()-5)*8+5))=0,"",SUM(INDIRECT(CHAR(COLUMN()+38)&(ROW()-5)*8-2&":"&CHAR(COLUMN()+38)&(ROW()-5)*8+5))/INDIRECT("C"&(ROW()-5)*8-2)) | AT42: 37 | AU42: =IF(COUNT($AE42:$AS42)=0,"",PERCENTILE($AE42:$AS42,0.25)) | AV42: =IF(COUNT($AE42:$AS42)=0,"",MAX($AE42:$AS42)) | AW42: =IF(COUNT($AE42:$AS42)=0,"",MIN($AE42:$AS42)) | AX42: =IF(COUNT($AE42:$AS42)=0,"",PERCENTILE($AE42:$AS42,0.75))
T43: =IF(COUNT(E43:S43)=0,"",SUM(E43:S43)) | U43: =IF(COUNT(E43:S43)=0,"",SUMSQ(E43:S43)) | V43: =IF(COUNT(E43:S43)=0,"",AVERAGE(E43:S43)) | W43: =IF(COUNT(E43:S43)=0,"",STDEVP(E43:S43)) | X43: =IF(COUNT(E43:S43)=0,"",V43-1*W43) | Y43: =IF(COUNT(E43:S43)=0,"",V43+1*W43) | Z43: =IF(COUNT(E43:S43)=0,"",SUM(IF(AND(E43>X43,E43<Y43),E43,0),IF(AND(F43>X43,F43<Y43),F43,0),IF(AND(G43>X43,G43<Y43),G43,0),IF(AND(H43>X43,H43<Y43),H43,0),IF(AND(I43>X43,I43<Y43),I43,0),IF(AND(J43>X43,J43<Y43),J43,0),IF(AND(K43>X43,K43<Y43),K43,0),IF(AND(L43>X43,L43<Y43),L43,0),IF(AND(M43>X43,M43<Y43),M43,0),IF(AND(N43>X43,N43<Y43),N43,0),IF(AND(O43>X43,O43<Y43),O43,0),IF(AND(P43>X43,P43<Y43),P43,0),IF(AND(Q43>X43,Q43<Y43),Q43,0),IF(AND(R43>X43,R43<Y43),R43,0),IF(AND(S43>X43,S43<Y43),S43,0))/SUM(IF(AND(E43>X43,E43<Y43,E43<>0),1,0),IF(AND(F43>X43,F43<Y43,F43<>0),1,0),IF(AND(G43>X43,G43<Y43,G43<>0),1,0),IF(AND(H43>X43,H43<Y43,H43<>0),1,0),IF(AND(I43>X43,I43<Y43,I43<>0),1,0),IF(AND(J43>X43,J43<Y43,J43<>0),1,0),IF(AND(K43>X43,K43<Y43,K43<>0),1,0),IF(AND(L43>X43,L43<Y43,L43<>0),1,0),IF(AND(M43>X43,M43<Y43,M43<>0),1,0),IF(AND(N43>X43,N43<Y43,N43<>0),1,0),IF(AND(O43>X43,O43<Y43,O43<>0),1,0),IF(AND(P43>X43,P43<Y43,P43<>0),1,0),IF(AND(Q43>X43,Q43<Y43,Q43<>0),1,0),IF(AND(R43>X43,R43<Y43,R43<>0),1,0),IF(AND(S43>X43,S43<Y43,S43<>0),1,0))) | AA43: =IF(COUNT(E43:S43)=0,"",SUM(IF(AND(E43>X43,E43<Y43),E43,0),IF(AND(F43>X43,F43<Y43),F43,0),IF(AND(G43>X43,G43<Y43),G43,0),IF(AND(H43>X43,H43<Y43),H43,0),IF(AND(I43>X43,I43<Y43),I43,0),IF(AND(J43>X43,J43<Y43),J43,0),IF(AND(K43>X43,K43<Y43),K43,0),IF(AND(L43>X43,L43<Y43),L43,0),IF(AND(M43>X43,M43<Y43),M43,0),IF(AND(N43>X43,N43<Y43),N43,0),IF(AND(O43>X43,O43<Y43),O43,0),IF(AND(P43>X43,P43<Y43),P43,0),IF(AND(Q43>X43,Q43<Y43),Q43,0),IF(AND(R43>X43,R43<Y43),R43,0),IF(AND(S43>X43,S43<Y43),S43,0))) | AB43: =IF(COUNT(E43:S43)=0,"",SUMSQ(IF(AND(E43>X43,E43<Y43),E43,0),IF(AND(F43>X43,F43<Y43),F43,0),IF(AND(G43>X43,G43<Y43),G43,0),IF(AND(H43>X43,H43<Y43),H43,0),IF(AND(I43>X43,I43<Y43),I43,0),IF(AND(J43>X43,J43<Y43),J43,0),IF(AND(K43>X43,K43<Y43),K43,0),IF(AND(L43>X43,L43<Y43),L43,0),IF(AND(M43>X43,M43<Y43),M43,0),IF(AND(N43>X43,N43<Y43),N43,0),IF(AND(O43>X43,O43<Y43),O43,0),IF(AND(P43>X43,P43<Y43),P43,0),IF(AND(Q43>X43,Q43<Y43),Q43,0),IF(AND(R43>X43,R43<Y43),R43,0),IF(AND(S43>X43,S43<Y43),S43,0))) | AC43: =IF(COUNT(E43:S43)=0,"",POWER(40*SQRT(SUM(IF(AND(E43>X43,E43<Y43),1,0),IF(AND(F43>X43,F43<Y43),1,0),IF(AND(G43>X43,G43<Y43),1,0),IF(AND(H43>X43,H43<Y43),1,0),IF(AND(I43>X43,I43<Y43),1,0),IF(AND(J43>X43,J43<Y43),1,0),IF(AND(K43>X43,K43<Y43),1,0),IF(AND(L43>X43,L43<Y43),1,0),IF(AND(M43>X43,M43<Y43),1,0),IF(AND(N43>X43,N43<Y43),1,0),IF(AND(O43>X43,O43<Y43),1,0),IF(AND(P43>X43,P43<Y43),1,0),IF(AND(Q43>X43,Q43<Y43),1,0),IF(AND(R43>X43,R43<Y43),1,0),IF(AND(S43>X43,S43<Y43),1,0))*AB43-POWER(AA43,2))/AA43,2)) | AD43: 38 | AE43: =IF(SUM(INDIRECT(CHAR(COLUMN()+38)&(ROW()-5)*8-2&":"&CHAR(COLUMN()+38)&(ROW()-5)*8+5))=0,"",SUM(INDIRECT(CHAR(COLUMN()+38)&(ROW()-5)*8-2&":"&CHAR(COLUMN()+38)&(ROW()-5)*8+5))/INDIRECT("C"&(ROW()-5)*8-2)) | AF43: =IF(SUM(INDIRECT(CHAR(COLUMN()+38)&(ROW()-5)*8-2&":"&CHAR(COLUMN()+38)&(ROW()-5)*8+5))=0,"",SUM(INDIRECT(CHAR(COLUMN()+38)&(ROW()-5)*8-2&":"&CHAR(COLUMN()+38)&(ROW()-5)*8+5))/INDIRECT("C"&(ROW()-5)*8-2)) | AG43: =IF(SUM(INDIRECT(CHAR(COLUMN()+38)&(ROW()-5)*8-2&":"&CHAR(COLUMN()+38)&(ROW()-5)*8+5))=0,"",SUM(INDIRECT(CHAR(COLUMN()+38)&(ROW()-5)*8-2&":"&CHAR(COLUMN()+38)&(ROW()-5)*8+5))/INDIRECT("C"&(ROW()-5)*8-2)) | AH43: =IF(SUM(INDIRECT(CHAR(COLUMN()+38)&(ROW()-5)*8-2&":"&CHAR(COLUMN()+38)&(ROW()-5)*8+5))=0,"",SUM(INDIRECT(CHAR(COLUMN()+38)&(ROW()-5)*8-2&":"&CHAR(COLUMN()+38)&(ROW()-5)*8+5))/INDIRECT("C"&(ROW()-5)*8-2)) | AI43: =IF(SUM(INDIRECT(CHAR(COLUMN()+38)&(ROW()-5)*8-2&":"&CHAR(COLUMN()+38)&(ROW()-5)*8+5))=0,"",SUM(INDIRECT(CHAR(COLUMN()+38)&(ROW()-5)*8-2&":"&CHAR(COLUMN()+38)&(ROW()-5)*8+5))/INDIRECT("C"&(ROW()-5)*8-2)) | AJ43: =IF(SUM(INDIRECT(CHAR(COLUMN()+38)&(ROW()-5)*8-2&":"&CHAR(COLUMN()+38)&(ROW()-5)*8+5))=0,"",SUM(INDIRECT(CHAR(COLUMN()+38)&(ROW()-5)*8-2&":"&CHAR(COLUMN()+38)&(ROW()-5)*8+5))/INDIRECT("C"&(ROW()-5)*8-2)) | AK43: =IF(SUM(INDIRECT(CHAR(COLUMN()+38)&(ROW()-5)*8-2&":"&CHAR(COLUMN()+38)&(ROW()-5)*8+5))=0,"",SUM(INDIRECT(CHAR(COLUMN()+38)&(ROW()-5)*8-2&":"&CHAR(COLUMN()+38)&(ROW()-5)*8+5))/INDIRECT("C"&(ROW()-5)*8-2)) | AL43: =IF(SUM(INDIRECT(CHAR(COLUMN()+38)&(ROW()-5)*8-2&":"&CHAR(COLUMN()+38)&(ROW()-5)*8+5))=0,"",SUM(INDIRECT(CHAR(COLUMN()+38)&(ROW()-5)*8-2&":"&CHAR(COLUMN()+38)&(ROW()-5)*8+5))/INDIRECT("C"&(ROW()-5)*8-2)) | ... AS43: =IF(SUM(INDIRECT(CHAR(COLUMN()+38)&(ROW()-5)*8-2&":"&CHAR(COLUMN()+38)&(ROW()-5)*8+5))=0,"",SUM(INDIRECT(CHAR(COLUMN()+38)&(ROW()-5)*8-2&":"&CHAR(COLUMN()+38)&(ROW()-5)*8+5))/INDIRECT("C"&(ROW()-5)*8-2)) | AT43: 38 | AU43: =IF(COUNT($AE43:$AS43)=0,"",PERCENTILE($AE43:$AS43,0.25)) | AV43: =IF(COUNT($AE43:$AS43)=0,"",MAX($AE43:$AS43)) | AW43: =IF(COUNT($AE43:$AS43)=0,"",MIN($AE43:$AS43)) | AX43: =IF(COUNT($AE43:$AS43)=0,"",PERCENTILE($AE43:$AS43,0.75))
T44: =IF(COUNT(E44:S44)=0,"",SUM(E44:S44)) | U44: =IF(COUNT(E44:S44)=0,"",SUMSQ(E44:S44)) | V44: =IF(COUNT(E44:S44)=0,"",AVERAGE(E44:S44)) | W44: =IF(COUNT(E44:S44)=0,"",STDEVP(E44:S44)) | X44: =IF(COUNT(E44:S44)=0,"",V44-1*W44) | Y44: =IF(COUNT(E44:S44)=0,"",V44+1*W44) | Z44: =IF(COUNT(E44:S44)=0,"",SUM(IF(AND(E44>X44,E44<Y44),E44,0),IF(AND(F44>X44,F44<Y44),F44,0),IF(AND(G44>X44,G44<Y44),G44,0),IF(AND(H44>X44,H44<Y44),H44,0),IF(AND(I44>X44,I44<Y44),I44,0),IF(AND(J44>X44,J44<Y44),J44,0),IF(AND(K44>X44,K44<Y44),K44,0),IF(AND(L44>X44,L44<Y44),L44,0),IF(AND(M44>X44,M44<Y44),M44,0),IF(AND(N44>X44,N44<Y44),N44,0),IF(AND(O44>X44,O44<Y44),O44,0),IF(AND(P44>X44,P44<Y44),P44,0),IF(AND(Q44>X44,Q44<Y44),Q44,0),IF(AND(R44>X44,R44<Y44),R44,0),IF(AND(S44>X44,S44<Y44),S44,0))/SUM(IF(AND(E44>X44,E44<Y44,E44<>0),1,0),IF(AND(F44>X44,F44<Y44,F44<>0),1,0),IF(AND(G44>X44,G44<Y44,G44<>0),1,0),IF(AND(H44>X44,H44<Y44,H44<>0),1,0),IF(AND(I44>X44,I44<Y44,I44<>0),1,0),IF(AND(J44>X44,J44<Y44,J44<>0),1,0),IF(AND(K44>X44,K44<Y44,K44<>0),1,0),IF(AND(L44>X44,L44<Y44,L44<>0),1,0),IF(AND(M44>X44,M44<Y44,M44<>0),1,0),IF(AND(N44>X44,N44<Y44,N44<>0),1,0),IF(AND(O44>X44,O44<Y44,O44<>0),1,0),IF(AND(P44>X44,P44<Y44,P44<>0),1,0),IF(AND(Q44>X44,Q44<Y44,Q44<>0),1,0),IF(AND(R44>X44,R44<Y44,R44<>0),1,0),IF(AND(S44>X44,S44<Y44,S44<>0),1,0))) | AA44: =IF(COUNT(E44:S44)=0,"",SUM(IF(AND(E44>X44,E44<Y44),E44,0),IF(AND(F44>X44,F44<Y44),F44,0),IF(AND(G44>X44,G44<Y44),G44,0),IF(AND(H44>X44,H44<Y44),H44,0),IF(AND(I44>X44,I44<Y44),I44,0),IF(AND(J44>X44,J44<Y44),J44,0),IF(AND(K44>X44,K44<Y44),K44,0),IF(AND(L44>X44,L44<Y44),L44,0),IF(AND(M44>X44,M44<Y44),M44,0),IF(AND(N44>X44,N44<Y44),N44,0),IF(AND(O44>X44,O44<Y44),O44,0),IF(AND(P44>X44,P44<Y44),P44,0),IF(AND(Q44>X44,Q44<Y44),Q44,0),IF(AND(R44>X44,R44<Y44),R44,0),IF(AND(S44>X44,S44<Y44),S44,0))) | AB44: =IF(COUNT(E44:S44)=0,"",SUMSQ(IF(AND(E44>X44,E44<Y44),E44,0),IF(AND(F44>X44,F44<Y44),F44,0),IF(AND(G44>X44,G44<Y44),G44,0),IF(AND(H44>X44,H44<Y44),H44,0),IF(AND(I44>X44,I44<Y44),I44,0),IF(AND(J44>X44,J44<Y44),J44,0),IF(AND(K44>X44,K44<Y44),K44,0),IF(AND(L44>X44,L44<Y44),L44,0),IF(AND(M44>X44,M44<Y44),M44,0),IF(AND(N44>X44,N44<Y44),N44,0),IF(AND(O44>X44,O44<Y44),O44,0),IF(AND(P44>X44,P44<Y44),P44,0),IF(AND(Q44>X44,Q44<Y44),Q44,0),IF(AND(R44>X44,R44<Y44),R44,0),IF(AND(S44>X44,S44<Y44),S44,0))) | AC44: =IF(COUNT(E44:S44)=0,"",POWER(40*SQRT(SUM(IF(AND(E44>X44,E44<Y44),1,0),IF(AND(F44>X44,F44<Y44),1,0),IF(AND(G44>X44,G44<Y44),1,0),IF(AND(H44>X44,H44<Y44),1,0),IF(AND(I44>X44,I44<Y44),1,0),IF(AND(J44>X44,J44<Y44),1,0),IF(AND(K44>X44,K44<Y44),1,0),IF(AND(L44>X44,L44<Y44),1,0),IF(AND(M44>X44,M44<Y44),1,0),IF(AND(N44>X44,N44<Y44),1,0),IF(AND(O44>X44,O44<Y44),1,0),IF(AND(P44>X44,P44<Y44),1,0),IF(AND(Q44>X44,Q44<Y44),1,0),IF(AND(R44>X44,R44<Y44),1,0),IF(AND(S44>X44,S44<Y44),1,0))*AB44-POWER(AA44,2))/AA44,2)) | AD44: 39 | AE44: =IF(SUM(INDIRECT(CHAR(COLUMN()+38)&(ROW()-5)*8-2&":"&CHAR(COLUMN()+38)&(ROW()-5)*8+5))=0,"",SUM(INDIRECT(CHAR(COLUMN()+38)&(ROW()-5)*8-2&":"&CHAR(COLUMN()+38)&(ROW()-5)*8+5))/INDIRECT("C"&(ROW()-5)*8-2)) | AF44: =IF(SUM(INDIRECT(CHAR(COLUMN()+38)&(ROW()-5)*8-2&":"&CHAR(COLUMN()+38)&(ROW()-5)*8+5))=0,"",SUM(INDIRECT(CHAR(COLUMN()+38)&(ROW()-5)*8-2&":"&CHAR(COLUMN()+38)&(ROW()-5)*8+5))/INDIRECT("C"&(ROW()-5)*8-2)) | AG44: =IF(SUM(INDIRECT(CHAR(COLUMN()+38)&(ROW()-5)*8-2&":"&CHAR(COLUMN()+38)&(ROW()-5)*8+5))=0,"",SUM(INDIRECT(CHAR(COLUMN()+38)&(ROW()-5)*8-2&":"&CHAR(COLUMN()+38)&(ROW()-5)*8+5))/INDIRECT("C"&(ROW()-5)*8-2)) | AH44: =IF(SUM(INDIRECT(CHAR(COLUMN()+38)&(ROW()-5)*8-2&":"&CHAR(COLUMN()+38)&(ROW()-5)*8+5))=0,"",SUM(INDIRECT(CHAR(COLUMN()+38)&(ROW()-5)*8-2&":"&CHAR(COLUMN()+38)&(ROW()-5)*8+5))/INDIRECT("C"&(ROW()-5)*8-2)) | AI44: =IF(SUM(INDIRECT(CHAR(COLUMN()+38)&(ROW()-5)*8-2&":"&CHAR(COLUMN()+38)&(ROW()-5)*8+5))=0,"",SUM(INDIRECT(CHAR(COLUMN()+38)&(ROW()-5)*8-2&":"&CHAR(COLUMN()+38)&(ROW()-5)*8+5))/INDIRECT("C"&(ROW()-5)*8-2)) | AJ44: =IF(SUM(INDIRECT(CHAR(COLUMN()+38)&(ROW()-5)*8-2&":"&CHAR(COLUMN()+38)&(ROW()-5)*8+5))=0,"",SUM(INDIRECT(CHAR(COLUMN()+38)&(ROW()-5)*8-2&":"&CHAR(COLUMN()+38)&(ROW()-5)*8+5))/INDIRECT("C"&(ROW()-5)*8-2)) | AK44: =IF(SUM(INDIRECT(CHAR(COLUMN()+38)&(ROW()-5)*8-2&":"&CHAR(COLUMN()+38)&(ROW()-5)*8+5))=0,"",SUM(INDIRECT(CHAR(COLUMN()+38)&(ROW()-5)*8-2&":"&CHAR(COLUMN()+38)&(ROW()-5)*8+5))/INDIRECT("C"&(ROW()-5)*8-2)) | AL44: =IF(SUM(INDIRECT(CHAR(COLUMN()+38)&(ROW()-5)*8-2&":"&CHAR(COLUMN()+38)&(ROW()-5)*8+5))=0,"",SUM(INDIRECT(CHAR(COLUMN()+38)&(ROW()-5)*8-2&":"&CHAR(COLUMN()+38)&(ROW()-5)*8+5))/INDIRECT("C"&(ROW()-5)*8-2)) | ... AS44: =IF(SUM(INDIRECT(CHAR(COLUMN()+38)&(ROW()-5)*8-2&":"&CHAR(COLUMN()+38)&(ROW()-5)*8+5))=0,"",SUM(INDIRECT(CHAR(COLUMN()+38)&(ROW()-5)*8-2&":"&CHAR(COLUMN()+38)&(ROW()-5)*8+5))/INDIRECT("C"&(ROW()-5)*8-2)) | AT44: 39 | AU44: =IF(COUNT($AE44:$AS44)=0,"",PERCENTILE($AE44:$AS44,0.25)) | AV44: =IF(COUNT($AE44:$AS44)=0,"",MAX($AE44:$AS44)) | AW44: =IF(COUNT($AE44:$AS44)=0,"",MIN($AE44:$AS44)) | AX44: =IF(COUNT($AE44:$AS44)=0,"",PERCENTILE($AE44:$AS44,0.75))
T45: =IF(COUNT(E45:S45)=0,"",SUM(E45:S45)) | U45: =IF(COUNT(E45:S45)=0,"",SUMSQ(E45:S45)) | V45: =IF(COUNT(E45:S45)=0,"",AVERAGE(E45:S45)) | W45: =IF(COUNT(E45:S45)=0,"",STDEVP(E45:S45)) | X45: =IF(COUNT(E45:S45)=0,"",V45-1*W45) | Y45: =IF(COUNT(E45:S45)=0,"",V45+1*W45) | AA45: =IF(COUNT(E45:S45)=0,"",SUM(IF(AND(E45>X45,E45<Y45),E45,0),IF(AND(F45>X45,F45<Y45),F45,0),IF(AND(G45>X45,G45<Y45),G45,0),IF(AND(H45>X45,H45<Y45),H45,0),IF(AND(I45>X45,I45<Y45),I45,0),IF(AND(J45>X45,J45<Y45),J45,0),IF(AND(K45>X45,K45<Y45),K45,0),IF(AND(L45>X45,L45<Y45),L45,0),IF(AND(M45>X45,M45<Y45),M45,0),IF(AND(N45>X45,N45<Y45),N45,0),IF(AND(O45>X45,O45<Y45),O45,0),IF(AND(P45>X45,P45<Y45),P45,0),IF(AND(Q45>X45,Q45<Y45),Q45,0),IF(AND(R45>X45,R45<Y45),R45,0),IF(AND(S45>X45,S45<Y45),S45,0))) | AB45: =IF(COUNT(E45:S45)=0,"",SUMSQ(IF(AND(E45>X45,E45<Y45),E45,0),IF(AND(F45>X45,F45<Y45),F45,0),IF(AND(G45>X45,G45<Y45),G45,0),IF(AND(H45>X45,H45<Y45),H45,0),IF(AND(I45>X45,I45<Y45),I45,0),IF(AND(J45>X45,J45<Y45),J45,0),IF(AND(K45>X45,K45<Y45),K45,0),IF(AND(L45>X45,L45<Y45),L45,0),IF(AND(M45>X45,M45<Y45),M45,0),IF(AND(N45>X45,N45<Y45),N45,0),IF(AND(O45>X45,O45<Y45),O45,0),IF(AND(P45>X45,P45<Y45),P45,0),IF(AND(Q45>X45,Q45<Y45),Q45,0),IF(AND(R45>X45,R45<Y45),R45,0),IF(AND(S45>X45,S45<Y45),S45,0))) | AC45: =IF(COUNT(E45:S45)=0,"",POWER(40*SQRT(SUM(IF(AND(E45>X45,E45<Y45),1,0),IF(AND(F45>X45,F45<Y45),1,0),IF(AND(G45>X45,G45<Y45),1,0),IF(AND(H45>X45,H45<Y45),1,0),IF(AND(I45>X45,I45<Y45),1,0),IF(AND(J45>X45,J45<Y45),1,0),IF(AND(K45>X45,K45<Y45),1,0),IF(AND(L45>X45,L45<Y45),1,0),IF(AND(M45>X45,M45<Y45),1,0),IF(AND(N45>X45,N45<Y45),1,0),IF(AND(O45>X45,O45<Y45),1,0),IF(AND(P45>X45,P45<Y45),1,0),IF(AND(Q45>X45,Q45<Y45),1,0),IF(AND(R45>X45,R45<Y45),1,0),IF(AND(S45>X45,S45<Y45),1,0))*AB45-POWER(AA45,2))/AA45,2)) | AD45: 40 | AE45: =IF(SUM(INDIRECT(CHAR(COLUMN()+38)&(ROW()-5)*8-2&":"&CHAR(COLUMN()+38)&(ROW()-5)*8+5))=0,"",SUM(INDIRECT(CHAR(COLUMN()+38)&(ROW()-5)*8-2&":"&CHAR(COLUMN()+38)&(ROW()-5)*8+5))/INDIRECT("C"&(ROW()-5)*8-2)) | AF45: =IF(SUM(INDIRECT(CHAR(COLUMN()+38)&(ROW()-5)*8-2&":"&CHAR(COLUMN()+38)&(ROW()-5)*8+5))=0,"",SUM(INDIRECT(CHAR(COLUMN()+38)&(ROW()-5)*8-2&":"&CHAR(COLUMN()+38)&(ROW()-5)*8+5))/INDIRECT("C"&(ROW()-5)*8-2)) | AG45: =IF(SUM(INDIRECT(CHAR(COLUMN()+38)&(ROW()-5)*8-2&":"&CHAR(COLUMN()+38)&(ROW()-5)*8+5))=0,"",SUM(INDIRECT(CHAR(COLUMN()+38)&(ROW()-5)*8-2&":"&CHAR(COLUMN()+38)&(ROW()-5)*8+5))/INDIRECT("C"&(ROW()-5)*8-2)) | AH45: =IF(SUM(INDIRECT(CHAR(COLUMN()+38)&(ROW()-5)*8-2&":"&CHAR(COLUMN()+38)&(ROW()-5)*8+5))=0,"",SUM(INDIRECT(CHAR(COLUMN()+38)&(ROW()-5)*8-2&":"&CHAR(COLUMN()+38)&(ROW()-5)*8+5))/INDIRECT("C"&(ROW()-5)*8-2)) | AI45: =IF(SUM(INDIRECT(CHAR(COLUMN()+38)&(ROW()-5)*8-2&":"&CHAR(COLUMN()+38)&(ROW()-5)*8+5))=0,"",SUM(INDIRECT(CHAR(COLUMN()+38)&(ROW()-5)*8-2&":"&CHAR(COLUMN()+38)&(ROW()-5)*8+5))/INDIRECT("C"&(ROW()-5)*8-2)) | AJ45: =IF(SUM(INDIRECT(CHAR(COLUMN()+38)&(ROW()-5)*8-2&":"&CHAR(COLUMN()+38)&(ROW()-5)*8+5))=0,"",SUM(INDIRECT(CHAR(COLUMN()+38)&(ROW()-5)*8-2&":"&CHAR(COLUMN()+38)&(ROW()-5)*8+5))/INDIRECT("C"&(ROW()-5)*8-2)) | AK45: =IF(SUM(INDIRECT(CHAR(COLUMN()+38)&(ROW()-5)*8-2&":"&CHAR(COLUMN()+38)&(ROW()-5)*8+5))=0,"",SUM(INDIRECT(CHAR(COLUMN()+38)&(ROW()-5)*8-2&":"&CHAR(COLUMN()+38)&(ROW()-5)*8+5))/INDIRECT("C"&(ROW()-5)*8-2)) | AL45: =IF(SUM(INDIRECT(CHAR(COLUMN()+38)&(ROW()-5)*8-2&":"&CHAR(COLUMN()+38)&(ROW()-5)*8+5))=0,"",SUM(INDIRECT(CHAR(COLUMN()+38)&(ROW()-5)*8-2&":"&CHAR(COLUMN()+38)&(ROW()-5)*8+5))/INDIRECT("C"&(ROW()-5)*8-2)) | ... AS45: =IF(SUM(INDIRECT(CHAR(COLUMN()+38)&(ROW()-5)*8-2&":"&CHAR(COLUMN()+38)&(ROW()-5)*8+5))=0,"",SUM(INDIRECT(CHAR(COLUMN()+38)&(ROW()-5)*8-2&":"&CHAR(COLUMN()+38)&(ROW()-5)*8+5))/INDIRECT("C"&(ROW()-5)*8-2)) | AT45: 40 | AU45: =IF(COUNT($AE45:$AS45)=0,"",PERCENTILE($AE45:$AS45,0.25)) | AV45: =IF(COUNT($AE45:$AS45)=0,"",MAX($AE45:$AS45)) | AW45: =IF(COUNT($AE45:$AS45)=0,"",MIN($AE45:$AS45)) | AX45: =IF(COUNT($AE45:$AS45)=0,"",PERCENTILE($AE45:$AS45,0.75))
