Workbook

Sheet 使用说明
A1: 工时测量与负荷山积自动化模板
A3: 用途 | B3: 用于录入工序、采样时间、自动计算标准工时和工序负荷，并自动维护山积分析。
A4: 怎么加工序 | B4: 直接在“工序测量”表格最后一行的下一行继续录入。Excel Table 会自动扩表，公式会自动续接。
A5: 为什么别再手插普通行 | B5: 旧表的公式和图表基于固定区域，手插普通行容易打断引用。这个新模板改成“表格驱动”，建议只在表尾续写。
A6: 图表更新 | B6: 山积图预设覆盖 140 个工序行。继续在工序表中录入时，图表会显示新增工序。
A7: 录入建议 | B7: 先填参数，再填工序名称、动作说明、人员和测量值。
A8: 状态与波动风险规则
A9: 状态按负荷ST/TT判断：>100%为超节拍，70%~100%为正常，<70%为负荷低；波动风险按最大CT/TT保守判断：>100%为高，95%~100%为中，<95%为低。

Sheet 参数设置
A1: 参数设置
A2: 参数 | B2: 数值 | C2: 说明
A3: 计划单班产量(pcs/班) | C3: 由用户自行填写，用于计算目标节拍 TT
A4: 班次工时(H/班) | B4: 11 | C4: 单班可用工时
A5: 稼动率 | B5: 1 | C5: 有效生产时间比例
A6: 宽放率 | B6: 0.05 | C6: 疲劳、生理、管理等综合宽放
A7: 熟练系数 | B7: 0 | C7: 评比系数组成项，默认 0
A8: 努力系数 | B8: 0 | C8: 评比系数组成项，默认 0
A9: 工作环境系数 | B9: 0 | C9: 评比系数组成项，默认 0
A10: 一致性系数 | B10: 0 | C10: 评比系数组成项，默认 0
A11: 综合评比系数 | B11: =SUM(B7:B10) -> 0 | C11: 熟练系数、努力系数、工作环境系数、一致性系数四项合计
A12: 目标节拍TT(s) | B12: =IFERROR(B4*3600*B5/B3,"") | C12: 单班可用秒数除以计划单班产量

Sheet 工序测量
A1: 工序测量
A2: 工序号 | B2: 工序名称 | C2: 测量1 | D2: 测量2 | E2: 测量3 | F2: 测量4 | G2: 测量5 | H2: 人员 | I2: 平均实测(s) | J2: 标准工时(s) | K2: 负荷ST(s) | L2: TT基准(s) | M2: 状态 | N2: 最大CT(s) | O2: 波动风险 | P2: 备注 | Q2: 负荷ST_正常显示 | R2: 负荷ST_超TT显示
A3: =ROW()-ROW(tblProcess[#Headers]) -> 1 | H3: =IF(OR(tblProcess[[#This Row],[工序名称]]<>"",COUNT(tblProcess[[#This Row],[测量1]]:tblProcess[[#This Row],[测量5]])>0),1,"") | I3: =IF(COUNT(tblProcess[[#This Row],[测量1]]:tblProcess[[#This Row],[测量5]])=0,"",AVERAGE(tblProcess[[#This Row],[测量1]]:tblProcess[[#This Row],[测量5]])) | J3: =IF(tblProcess[[#This Row],[平均实测(s)]]="","",tblProcess[[#This Row],[平均实测(s)]]*(1+参数设置!$B$11)*(1+参数设置!$B$6)) | K3: =IF(OR(tblProcess[[#This Row],[标准工时(s)]]="",tblProcess[[#This Row],[人员]]=""),"",tblProcess[[#This Row],[标准工时(s)]]/tblProcess[[#This Row],[人员]]) | L3: =IF(tblProcess[[#This Row],[工序号]]="","",参数设置!$B$12) | M3: =IF(OR(tblProcess[[#This Row],[负荷ST(s)]]="",tblProcess[[#This Row],[TT基准(s)]]="",tblProcess[[#This Row],[TT基准(s)]]=0),"",IF(tblProcess[[#This Row],[负荷ST(s)]]/tblProcess[[#This Row],[TT基准(s)]]>1,"超节拍",IF(tblProcess[[#This Row],[负荷ST(s)]]/tblProcess[[#This Row],[TT基准(s)]]<0.7,"负荷低","正常"))) | N3: =IF(COUNT(tblProcess[[#This Row],[测量1]]:tblProcess[[#This Row],[测量5]])=0,"",MAX(tblProcess[[#This Row],[测量1]]:tblProcess[[#This Row],[测量5]])) | O3: =IF(OR(tblProcess[[#This Row],[最大CT(s)]]="",tblProcess[[#This Row],[TT基准(s)]]="",tblProcess[[#This Row],[TT基准(s)]]=0),"",IF(tblProcess[[#This Row],[最大CT(s)]]/tblProcess[[#This Row],[TT基准(s)]]>1,"高",IF(tblProcess[[#This Row],[最大CT(s)]]/tblProcess[[#This Row],[TT基准(s)]]>=0.95,"中","低"))) | Q3: =IF(OR(tblProcess[[#This Row],[负荷ST(s)]]="",tblProcess[[#This Row],[TT基准(s)]]=""),0,IF(tblProcess[[#This Row],[负荷ST(s)]]<=tblProcess[[#This Row],[TT基准(s)]],tblProcess[[#This Row],[负荷ST(s)]],0)) -> 0 | R3: =IF(OR(tblProcess[[#This Row],[负荷ST(s)]]="",tblProcess[[#This Row],[TT基准(s)]]=""),0,IF(tblProcess[[#This Row],[负荷ST(s)]]>tblProcess[[#This Row],[TT基准(s)]],tblProcess[[#This Row],[负荷ST(s)]],0)) -> 0
A4: =ROW()-ROW(tblProcess[#Headers]) -> 2 | H4: =IF(OR(tblProcess[[#This Row],[工序名称]]<>"",COUNT(tblProcess[[#This Row],[测量1]]:tblProcess[[#This Row],[测量5]])>0),1,"") | I4: =IF(COUNT(tblProcess[[#This Row],[测量1]]:tblProcess[[#This Row],[测量5]])=0,"",AVERAGE(tblProcess[[#This Row],[测量1]]:tblProcess[[#This Row],[测量5]])) | J4: =IF(tblProcess[[#This Row],[平均实测(s)]]="","",tblProcess[[#This Row],[平均实测(s)]]*(1+参数设置!$B$11)*(1+参数设置!$B$6)) | K4: =IF(OR(tblProcess[[#This Row],[标准工时(s)]]="",tblProcess[[#This Row],[人员]]=""),"",tblProcess[[#This Row],[标准工时(s)]]/tblProcess[[#This Row],[人员]]) | L4: =IF(tblProcess[[#This Row],[工序号]]="","",参数设置!$B$12) | M4: =IF(OR(tblProcess[[#This Row],[负荷ST(s)]]="",tblProcess[[#This Row],[TT基准(s)]]="",tblProcess[[#This Row],[TT基准(s)]]=0),"",IF(tblProcess[[#This Row],[负荷ST(s)]]/tblProcess[[#This Row],[TT基准(s)]]>1,"超节拍",IF(tblProcess[[#This Row],[负荷ST(s)]]/tblProcess[[#This Row],[TT基准(s)]]<0.7,"负荷低","正常"))) | N4: =IF(COUNT(tblProcess[[#This Row],[测量1]]:tblProcess[[#This Row],[测量5]])=0,"",MAX(tblProcess[[#This Row],[测量1]]:tblProcess[[#This Row],[测量5]])) | O4: =IF(OR(tblProcess[[#This Row],[最大CT(s)]]="",tblProcess[[#This Row],[TT基准(s)]]="",tblProcess[[#This Row],[TT基准(s)]]=0),"",IF(tblProcess[[#This Row],[最大CT(s)]]/tblProcess[[#This Row],[TT基准(s)]]>1,"高",IF(tblProcess[[#This Row],[最大CT(s)]]/tblProcess[[#This Row],[TT基准(s)]]>=0.95,"中","低"))) | Q4: =IF(OR(tblProcess[[#This Row],[负荷ST(s)]]="",tblProcess[[#This Row],[TT基准(s)]]=""),0,IF(tblProcess[[#This Row],[负荷ST(s)]]<=tblProcess[[#This Row],[TT基准(s)]],tblProcess[[#This Row],[负荷ST(s)]],0)) -> 0 | R4: =IF(OR(tblProcess[[#This Row],[负荷ST(s)]]="",tblProcess[[#This Row],[TT基准(s)]]=""),0,IF(tblProcess[[#This Row],[负荷ST(s)]]>tblProcess[[#This Row],[TT基准(s)]],tblProcess[[#This Row],[负荷ST(s)]],0)) -> 0
A5: =ROW()-ROW(tblProcess[#Headers]) -> 3 | H5: =IF(OR(tblProcess[[#This Row],[工序名称]]<>"",COUNT(tblProcess[[#This Row],[测量1]]:tblProcess[[#This Row],[测量5]])>0),1,"") | I5: =IF(COUNT(tblProcess[[#This Row],[测量1]]:tblProcess[[#This Row],[测量5]])=0,"",AVERAGE(tblProcess[[#This Row],[测量1]]:tblProcess[[#This Row],[测量5]])) | J5: =IF(tblProcess[[#This Row],[平均实测(s)]]="","",tblProcess[[#This Row],[平均实测(s)]]*(1+参数设置!$B$11)*(1+参数设置!$B$6)) | K5: =IF(OR(tblProcess[[#This Row],[标准工时(s)]]="",tblProcess[[#This Row],[人员]]=""),"",tblProcess[[#This Row],[标准工时(s)]]/tblProcess[[#This Row],[人员]]) | L5: =IF(tblProcess[[#This Row],[工序号]]="","",参数设置!$B$12) | M5: =IF(OR(tblProcess[[#This Row],[负荷ST(s)]]="",tblProcess[[#This Row],[TT基准(s)]]="",tblProcess[[#This Row],[TT基准(s)]]=0),"",IF(tblProcess[[#This Row],[负荷ST(s)]]/tblProcess[[#This Row],[TT基准(s)]]>1,"超节拍",IF(tblProcess[[#This Row],[负荷ST(s)]]/tblProcess[[#This Row],[TT基准(s)]]<0.7,"负荷低","正常"))) | N5: =IF(COUNT(tblProcess[[#This Row],[测量1]]:tblProcess[[#This Row],[测量5]])=0,"",MAX(tblProcess[[#This Row],[测量1]]:tblProcess[[#This Row],[测量5]])) | O5: =IF(OR(tblProcess[[#This Row],[最大CT(s)]]="",tblProcess[[#This Row],[TT基准(s)]]="",tblProcess[[#This Row],[TT基准(s)]]=0),"",IF(tblProcess[[#This Row],[最大CT(s)]]/tblProcess[[#This Row],[TT基准(s)]]>1,"高",IF(tblProcess[[#This Row],[最大CT(s)]]/tblProcess[[#This Row],[TT基准(s)]]>=0.95,"中","低"))) | Q5: =IF(OR(tblProcess[[#This Row],[负荷ST(s)]]="",tblProcess[[#This Row],[TT基准(s)]]=""),0,IF(tblProcess[[#This Row],[负荷ST(s)]]<=tblProcess[[#This Row],[TT基准(s)]],tblProcess[[#This Row],[负荷ST(s)]],0)) -> 0 | R5: =IF(OR(tblProcess[[#This Row],[负荷ST(s)]]="",tblProcess[[#This Row],[TT基准(s)]]=""),0,IF(tblProcess[[#This Row],[负荷ST(s)]]>tblProcess[[#This Row],[TT基准(s)]],tblProcess[[#This Row],[负荷ST(s)]],0)) -> 0
A6: =ROW()-ROW(tblProcess[#Headers]) -> 4 | H6: =IF(OR(tblProcess[[#This Row],[工序名称]]<>"",COUNT(tblProcess[[#This Row],[测量1]]:tblProcess[[#This Row],[测量5]])>0),1,"") | I6: =IF(COUNT(tblProcess[[#This Row],[测量1]]:tblProcess[[#This Row],[测量5]])=0,"",AVERAGE(tblProcess[[#This Row],[测量1]]:tblProcess[[#This Row],[测量5]])) | J6: =IF(tblProcess[[#This Row],[平均实测(s)]]="","",tblProcess[[#This Row],[平均实测(s)]]*(1+参数设置!$B$11)*(1+参数设置!$B$6)) | K6: =IF(OR(tblProcess[[#This Row],[标准工时(s)]]="",tblProcess[[#This Row],[人员]]=""),"",tblProcess[[#This Row],[标准工时(s)]]/tblProcess[[#This Row],[人员]]) | L6: =IF(tblProcess[[#This Row],[工序号]]="","",参数设置!$B$12) | M6: =IF(OR(tblProcess[[#This Row],[负荷ST(s)]]="",tblProcess[[#This Row],[TT基准(s)]]="",tblProcess[[#This Row],[TT基准(s)]]=0),"",IF(tblProcess[[#This Row],[负荷ST(s)]]/tblProcess[[#This Row],[TT基准(s)]]>1,"超节拍",IF(tblProcess[[#This Row],[负荷ST(s)]]/tblProcess[[#This Row],[TT基准(s)]]<0.7,"负荷低","正常"))) | N6: =IF(COUNT(tblProcess[[#This Row],[测量1]]:tblProcess[[#This Row],[测量5]])=0,"",MAX(tblProcess[[#This Row],[测量1]]:tblProcess[[#This Row],[测量5]])) | O6: =IF(OR(tblProcess[[#This Row],[最大CT(s)]]="",tblProcess[[#This Row],[TT基准(s)]]="",tblProcess[[#This Row],[TT基准(s)]]=0),"",IF(tblProcess[[#This Row],[最大CT(s)]]/tblProcess[[#This Row],[TT基准(s)]]>1,"高",IF(tblProcess[[#This Row],[最大CT(s)]]/tblProcess[[#This Row],[TT基准(s)]]>=0.95,"中","低"))) | Q6: =IF(OR(tblProcess[[#This Row],[负荷ST(s)]]="",tblProcess[[#This Row],[TT基准(s)]]=""),0,IF(tblProcess[[#This Row],[负荷ST(s)]]<=tblProcess[[#This Row],[TT基准(s)]],tblProcess[[#This Row],[负荷ST(s)]],0)) -> 0 | R6: =IF(OR(tblProcess[[#This Row],[负荷ST(s)]]="",tblProcess[[#This Row],[TT基准(s)]]=""),0,IF(tblProcess[[#This Row],[负荷ST(s)]]>tblProcess[[#This Row],[TT基准(s)]],tblProcess[[#This Row],[负荷ST(s)]],0)) -> 0
A7: =ROW()-ROW(tblProcess[#Headers]) -> 5 | H7: =IF(OR(tblProcess[[#This Row],[工序名称]]<>"",COUNT(tblProcess[[#This Row],[测量1]]:tblProcess[[#This Row],[测量5]])>0),1,"") | I7: =IF(COUNT(tblProcess[[#This Row],[测量1]]:tblProcess[[#This Row],[测量5]])=0,"",AVERAGE(tblProcess[[#This Row],[测量1]]:tblProcess[[#This Row],[测量5]])) | J7: =IF(tblProcess[[#This Row],[平均实测(s)]]="","",tblProcess[[#This Row],[平均实测(s)]]*(1+参数设置!$B$11)*(1+参数设置!$B$6)) | K7: =IF(OR(tblProcess[[#This Row],[标准工时(s)]]="",tblProcess[[#This Row],[人员]]=""),"",tblProcess[[#This Row],[标准工时(s)]]/tblProcess[[#This Row],[人员]]) | L7: =IF(tblProcess[[#This Row],[工序号]]="","",参数设置!$B$12) | M7: =IF(OR(tblProcess[[#This Row],[负荷ST(s)]]="",tblProcess[[#This Row],[TT基准(s)]]="",tblProcess[[#This Row],[TT基准(s)]]=0),"",IF(tblProcess[[#This Row],[负荷ST(s)]]/tblProcess[[#This Row],[TT基准(s)]]>1,"超节拍",IF(tblProcess[[#This Row],[负荷ST(s)]]/tblProcess[[#This Row],[TT基准(s)]]<0.7,"负荷低","正常"))) | N7: =IF(COUNT(tblProcess[[#This Row],[测量1]]:tblProcess[[#This Row],[测量5]])=0,"",MAX(tblProcess[[#This Row],[测量1]]:tblProcess[[#This Row],[测量5]])) | O7: =IF(OR(tblProcess[[#This Row],[最大CT(s)]]="",tblProcess[[#This Row],[TT基准(s)]]="",tblProcess[[#This Row],[TT基准(s)]]=0),"",IF(tblProcess[[#This Row],[最大CT(s)]]/tblProcess[[#This Row],[TT基准(s)]]>1,"高",IF(tblProcess[[#This Row],[最大CT(s)]]/tblProcess[[#This Row],[TT基准(s)]]>=0.95,"中","低"))) | Q7: =IF(OR(tblProcess[[#This Row],[负荷ST(s)]]="",tblProcess[[#This Row],[TT基准(s)]]=""),0,IF(tblProcess[[#This Row],[负荷ST(s)]]<=tblProcess[[#This Row],[TT基准(s)]],tblProcess[[#This Row],[负荷ST(s)]],0)) -> 0 | R7: =IF(OR(tblProcess[[#This Row],[负荷ST(s)]]="",tblProcess[[#This Row],[TT基准(s)]]=""),0,IF(tblProcess[[#This Row],[负荷ST(s)]]>tblProcess[[#This Row],[TT基准(s)]],tblProcess[[#This Row],[负荷ST(s)]],0)) -> 0
A8: =ROW()-ROW(tblProcess[#Headers]) -> 6 | H8: =IF(OR(tblProcess[[#This Row],[工序名称]]<>"",COUNT(tblProcess[[#This Row],[测量1]]:tblProcess[[#This Row],[测量5]])>0),1,"") | I8: =IF(COUNT(tblProcess[[#This Row],[测量1]]:tblProcess[[#This Row],[测量5]])=0,"",AVERAGE(tblProcess[[#This Row],[测量1]]:tblProcess[[#This Row],[测量5]])) | J8: =IF(tblProcess[[#This Row],[平均实测(s)]]="","",tblProcess[[#This Row],[平均实测(s)]]*(1+参数设置!$B$11)*(1+参数设置!$B$6)) | K8: =IF(OR(tblProcess[[#This Row],[标准工时(s)]]="",tblProcess[[#This Row],[人员]]=""),"",tblProcess[[#This Row],[标准工时(s)]]/tblProcess[[#This Row],[人员]]) | L8: =IF(tblProcess[[#This Row],[工序号]]="","",参数设置!$B$12) | M8: =IF(OR(tblProcess[[#This Row],[负荷ST(s)]]="",tblProcess[[#This Row],[TT基准(s)]]="",tblProcess[[#This Row],[TT基准(s)]]=0),"",IF(tblProcess[[#This Row],[负荷ST(s)]]/tblProcess[[#This Row],[TT基准(s)]]>1,"超节拍",IF(tblProcess[[#This Row],[负荷ST(s)]]/tblProcess[[#This Row],[TT基准(s)]]<0.7,"负荷低","正常"))) | N8: =IF(COUNT(tblProcess[[#This Row],[测量1]]:tblProcess[[#This Row],[测量5]])=0,"",MAX(tblProcess[[#This Row],[测量1]]:tblProcess[[#This Row],[测量5]])) | O8: =IF(OR(tblProcess[[#This Row],[最大CT(s)]]="",tblProcess[[#This Row],[TT基准(s)]]="",tblProcess[[#This Row],[TT基准(s)]]=0),"",IF(tblProcess[[#This Row],[最大CT(s)]]/tblProcess[[#This Row],[TT基准(s)]]>1,"高",IF(tblProcess[[#This Row],[最大CT(s)]]/tblProcess[[#This Row],[TT基准(s)]]>=0.95,"中","低"))) | Q8: =IF(OR(tblProcess[[#This Row],[负荷ST(s)]]="",tblProcess[[#This Row],[TT基准(s)]]=""),0,IF(tblProcess[[#This Row],[负荷ST(s)]]<=tblProcess[[#This Row],[TT基准(s)]],tblProcess[[#This Row],[负荷ST(s)]],0)) -> 0 | R8: =IF(OR(tblProcess[[#This Row],[负荷ST(s)]]="",tblProcess[[#This Row],[TT基准(s)]]=""),0,IF(tblProcess[[#This Row],[负荷ST(s)]]>tblProcess[[#This Row],[TT基准(s)]],tblProcess[[#This Row],[负荷ST(s)]],0)) -> 0
A9: =ROW()-ROW(tblProcess[#Headers]) -> 7 | H9: =IF(OR(tblProcess[[#This Row],[工序名称]]<>"",COUNT(tblProcess[[#This Row],[测量1]]:tblProcess[[#This Row],[测量5]])>0),1,"") | I9: =IF(COUNT(tblProcess[[#This Row],[测量1]]:tblProcess[[#This Row],[测量5]])=0,"",AVERAGE(tblProcess[[#This Row],[测量1]]:tblProcess[[#This Row],[测量5]])) | J9: =IF(tblProcess[[#This Row],[平均实测(s)]]="","",tblProcess[[#This Row],[平均实测(s)]]*(1+参数设置!$B$11)*(1+参数设置!$B$6)) | K9: =IF(OR(tblProcess[[#This Row],[标准工时(s)]]="",tblProcess[[#This Row],[人员]]=""),"",tblProcess[[#This Row],[标准工时(s)]]/tblProcess[[#This Row],[人员]]) | L9: =IF(tblProcess[[#This Row],[工序号]]="","",参数设置!$B$12) | M9: =IF(OR(tblProcess[[#This Row],[负荷ST(s)]]="",tblProcess[[#This Row],[TT基准(s)]]="",tblProcess[[#This Row],[TT基准(s)]]=0),"",IF(tblProcess[[#This Row],[负荷ST(s)]]/tblProcess[[#This Row],[TT基准(s)]]>1,"超节拍",IF(tblProcess[[#This Row],[负荷ST(s)]]/tblProcess[[#This Row],[TT基准(s)]]<0.7,"负荷低","正常"))) | N9: =IF(COUNT(tblProcess[[#This Row],[测量1]]:tblProcess[[#This Row],[测量5]])=0,"",MAX(tblProcess[[#This Row],[测量1]]:tblProcess[[#This Row],[测量5]])) | O9: =IF(OR(tblProcess[[#This Row],[最大CT(s)]]="",tblProcess[[#This Row],[TT基准(s)]]="",tblProcess[[#This Row],[TT基准(s)]]=0),"",IF(tblProcess[[#This Row],[最大CT(s)]]/tblProcess[[#This Row],[TT基准(s)]]>1,"高",IF(tblProcess[[#This Row],[最大CT(s)]]/tblProcess[[#This Row],[TT基准(s)]]>=0.95,"中","低"))) | Q9: =IF(OR(tblProcess[[#This Row],[负荷ST(s)]]="",tblProcess[[#This Row],[TT基准(s)]]=""),0,IF(tblProcess[[#This Row],[负荷ST(s)]]<=tblProcess[[#This Row],[TT基准(s)]],tblProcess[[#This Row],[负荷ST(s)]],0)) -> 0 | R9: =IF(OR(tblProcess[[#This Row],[负荷ST(s)]]="",tblProcess[[#This Row],[TT基准(s)]]=""),0,IF(tblProcess[[#This Row],[负荷ST(s)]]>tblProcess[[#This Row],[TT基准(s)]],tblProcess[[#This Row],[负荷ST(s)]],0)) -> 0
A10: =ROW()-ROW(tblProcess[#Headers]) -> 8 | H10: =IF(OR(tblProcess[[#This Row],[工序名称]]<>"",COUNT(tblProcess[[#This Row],[测量1]]:tblProcess[[#This Row],[测量5]])>0),1,"") | I10: =IF(COUNT(tblProcess[[#This Row],[测量1]]:tblProcess[[#This Row],[测量5]])=0,"",AVERAGE(tblProcess[[#This Row],[测量1]]:tblProcess[[#This Row],[测量5]])) | J10: =IF(tblProcess[[#This Row],[平均实测(s)]]="","",tblProcess[[#This Row],[平均实测(s)]]*(1+参数设置!$B$11)*(1+参数设置!$B$6)) | K10: =IF(OR(tblProcess[[#This Row],[标准工时(s)]]="",tblProcess[[#This Row],[人员]]=""),"",tblProcess[[#This Row],[标准工时(s)]]/tblProcess[[#This Row],[人员]]) | L10: =IF(tblProcess[[#This Row],[工序号]]="","",参数设置!$B$12) | M10: =IF(OR(tblProcess[[#This Row],[负荷ST(s)]]="",tblProcess[[#This Row],[TT基准(s)]]="",tblProcess[[#This Row],[TT基准(s)]]=0),"",IF(tblProcess[[#This Row],[负荷ST(s)]]/tblProcess[[#This Row],[TT基准(s)]]>1,"超节拍",IF(tblProcess[[#This Row],[负荷ST(s)]]/tblProcess[[#This Row],[TT基准(s)]]<0.7,"负荷低","正常"))) | N10: =IF(COUNT(tblProcess[[#This Row],[测量1]]:tblProcess[[#This Row],[测量5]])=0,"",MAX(tblProcess[[#This Row],[测量1]]:tblProcess[[#This Row],[测量5]])) | O10: =IF(OR(tblProcess[[#This Row],[最大CT(s)]]="",tblProcess[[#This Row],[TT基准(s)]]="",tblProcess[[#This Row],[TT基准(s)]]=0),"",IF(tblProcess[[#This Row],[最大CT(s)]]/tblProcess[[#This Row],[TT基准(s)]]>1,"高",IF(tblProcess[[#This Row],[最大CT(s)]]/tblProcess[[#This Row],[TT基准(s)]]>=0.95,"中","低"))) | Q10: =IF(OR(tblProcess[[#This Row],[负荷ST(s)]]="",tblProcess[[#This Row],[TT基准(s)]]=""),0,IF(tblProcess[[#This Row],[负荷ST(s)]]<=tblProcess[[#This Row],[TT基准(s)]],tblProcess[[#This Row],[负荷ST(s)]],0)) -> 0 | R10: =IF(OR(tblProcess[[#This Row],[负荷ST(s)]]="",tblProcess[[#This Row],[TT基准(s)]]=""),0,IF(tblProcess[[#This Row],[负荷ST(s)]]>tblProcess[[#This Row],[TT基准(s)]],tblProcess[[#This Row],[负荷ST(s)]],0)) -> 0
A11: =ROW()-ROW(tblProcess[#Headers]) -> 9 | H11: =IF(OR(tblProcess[[#This Row],[工序名称]]<>"",COUNT(tblProcess[[#This Row],[测量1]]:tblProcess[[#This Row],[测量5]])>0),1,"") | I11: =IF(COUNT(tblProcess[[#This Row],[测量1]]:tblProcess[[#This Row],[测量5]])=0,"",AVERAGE(tblProcess[[#This Row],[测量1]]:tblProcess[[#This Row],[测量5]])) | J11: =IF(tblProcess[[#This Row],[平均实测(s)]]="","",tblProcess[[#This Row],[平均实测(s)]]*(1+参数设置!$B$11)*(1+参数设置!$B$6)) | K11: =IF(OR(tblProcess[[#This Row],[标准工时(s)]]="",tblProcess[[#This Row],[人员]]=""),"",tblProcess[[#This Row],[标准工时(s)]]/tblProcess[[#This Row],[人员]]) | L11: =IF(tblProcess[[#This Row],[工序号]]="","",参数设置!$B$12) | M11: =IF(OR(tblProcess[[#This Row],[负荷ST(s)]]="",tblProcess[[#This Row],[TT基准(s)]]="",tblProcess[[#This Row],[TT基准(s)]]=0),"",IF(tblProcess[[#This Row],[负荷ST(s)]]/tblProcess[[#This Row],[TT基准(s)]]>1,"超节拍",IF(tblProcess[[#This Row],[负荷ST(s)]]/tblProcess[[#This Row],[TT基准(s)]]<0.7,"负荷低","正常"))) | N11: =IF(COUNT(tblProcess[[#This Row],[测量1]]:tblProcess[[#This Row],[测量5]])=0,"",MAX(tblProcess[[#This Row],[测量1]]:tblProcess[[#This Row],[测量5]])) | O11: =IF(OR(tblProcess[[#This Row],[最大CT(s)]]="",tblProcess[[#This Row],[TT基准(s)]]="",tblProcess[[#This Row],[TT基准(s)]]=0),"",IF(tblProcess[[#This Row],[最大CT(s)]]/tblProcess[[#This Row],[TT基准(s)]]>1,"高",IF(tblProcess[[#This Row],[最大CT(s)]]/tblProcess[[#This Row],[TT基准(s)]]>=0.95,"中","低"))) | Q11: =IF(OR(tblProcess[[#This Row],[负荷ST(s)]]="",tblProcess[[#This Row],[TT基准(s)]]=""),0,IF(tblProcess[[#This Row],[负荷ST(s)]]<=tblProcess[[#This Row],[TT基准(s)]],tblProcess[[#This Row],[负荷ST(s)]],0)) -> 0 | R11: =IF(OR(tblProcess[[#This Row],[负荷ST(s)]]="",tblProcess[[#This Row],[TT基准(s)]]=""),0,IF(tblProcess[[#This Row],[负荷ST(s)]]>tblProcess[[#This Row],[TT基准(s)]],tblProcess[[#This Row],[负荷ST(s)]],0)) -> 0
A12: =ROW()-ROW(tblProcess[#Headers]) -> 10 | H12: =IF(OR(tblProcess[[#This Row],[工序名称]]<>"",COUNT(tblProcess[[#This Row],[测量1]]:tblProcess[[#This Row],[测量5]])>0),1,"") | I12: =IF(COUNT(tblProcess[[#This Row],[测量1]]:tblProcess[[#This Row],[测量5]])=0,"",AVERAGE(tblProcess[[#This Row],[测量1]]:tblProcess[[#This Row],[测量5]])) | J12: =IF(tblProcess[[#This Row],[平均实测(s)]]="","",tblProcess[[#This Row],[平均实测(s)]]*(1+参数设置!$B$11)*(1+参数设置!$B$6)) | K12: =IF(OR(tblProcess[[#This Row],[标准工时(s)]]="",tblProcess[[#This Row],[人员]]=""),"",tblProcess[[#This Row],[标准工时(s)]]/tblProcess[[#This Row],[人员]]) | L12: =IF(tblProcess[[#This Row],[工序号]]="","",参数设置!$B$12) | M12: =IF(OR(tblProcess[[#This Row],[负荷ST(s)]]="",tblProcess[[#This Row],[TT基准(s)]]="",tblProcess[[#This Row],[TT基准(s)]]=0),"",IF(tblProcess[[#This Row],[负荷ST(s)]]/tblProcess[[#This Row],[TT基准(s)]]>1,"超节拍",IF(tblProcess[[#This Row],[负荷ST(s)]]/tblProcess[[#This Row],[TT基准(s)]]<0.7,"负荷低","正常"))) | N12: =IF(COUNT(tblProcess[[#This Row],[测量1]]:tblProcess[[#This Row],[测量5]])=0,"",MAX(tblProcess[[#This Row],[测量1]]:tblProcess[[#This Row],[测量5]])) | O12: =IF(OR(tblProcess[[#This Row],[最大CT(s)]]="",tblProcess[[#This Row],[TT基准(s)]]="",tblProcess[[#This Row],[TT基准(s)]]=0),"",IF(tblProcess[[#This Row],[最大CT(s)]]/tblProcess[[#This Row],[TT基准(s)]]>1,"高",IF(tblProcess[[#This Row],[最大CT(s)]]/tblProcess[[#This Row],[TT基准(s)]]>=0.95,"中","低"))) | Q12: =IF(OR(tblProcess[[#This Row],[负荷ST(s)]]="",tblProcess[[#This Row],[TT基准(s)]]=""),0,IF(tblProcess[[#This Row],[负荷ST(s)]]<=tblProcess[[#This Row],[TT基准(s)]],tblProcess[[#This Row],[负荷ST(s)]],0)) -> 0 | R12: =IF(OR(tblProcess[[#This Row],[负荷ST(s)]]="",tblProcess[[#This Row],[TT基准(s)]]=""),0,IF(tblProcess[[#This Row],[负荷ST(s)]]>tblProcess[[#This Row],[TT基准(s)]],tblProcess[[#This Row],[负荷ST(s)]],0)) -> 0

Sheet 山积分析
A1: 负荷山积图
B2: 柱形 = 负荷ST；折线 = TT基准。图表随工序测量表实际输入行数自动更新。
A3: 线平衡率 | B3: =IFERROR(SUM(tblProcess[负荷ST(s)])/(MAX(tblProcess[负荷ST(s)])*COUNT(tblProcess[负荷ST(s)])),"")
