Workbook

Sheet 使用说明
A1: 工时测量与负荷山积自动化模板
A3: 用途 | B3: 用于录入工序、采样时间、自动计算标准工时和工序负荷，并自动维护山积分析。
A4: 怎么加工序 | B4: 直接在“工序测量”表格最后一行的下一行继续录入。Excel Table 会自动扩表，公式会自动续接。
A5: 为什么别再手插普通行 | B5: 旧表的公式和图表基于固定区域，手插普通行容易打断引用。这个新模板改成“表格驱动”，建议只在表尾续写。
A6: 图表更新 | B6: 山积图预设覆盖 140 个工序行。继续在工序表中录入时，图表会显示新增工序。
A7: 录入建议 | B7: 先填参数，再填工序名称、动作说明、人员和测量值。

Sheet 参数设置
A1: 参数设置
A2: 参数 | B2: 数值 | C2: 说明
A3: 计划单班产量(pcs/班) | C3: 由用户自行填写，用于计算目标节拍 TT
A4: 班次工时(H/班) | B4: 11 | C4: 单班可用工时
A5: 稼动率 | B5: 1 | C5: 有效生产时间比例
A6: 宽放率 | B6: 0.05 | C6: 疲劳、生理、管理等综合宽放
A7: 熟练系数 | B7: 0 | C7: 评比系数组成项，默认 0
A8: 努力系数 | B8: 0 | C8: 评比系数组成项，默认 0
A9: 工作环境系数 | B9: 0 | C9: 评比系数组成项，默认 0
A10: 一致性系数 | B10: 0 | C10: 评比系数组成项，默认 0
A11: 综合评比系数 | B11: =SUM(B7:B10) -> 0 | C11: 熟练系数、努力系数、工作环境系数、一致性系数四项合计
A12: 目标节拍TT(s) | B12: =IFERROR(B4*3600*B5/B3,"") | C12: 单班可用秒数除以计划单班产量

Sheet 工序测量
A1: 工序测量
A2: 工序号 | B2: 工序名称 | C2: 作业要素 | D2: 人员 | E2: 测量1 | F2: 测量2 | G2: 测量3 | H2: 测量4 | I2: 测量5 | J2: 平均实测(s) | K2: 标准工时(s) | L2: 负荷ST(s) | M2: TT基准(s) | N2: 状态 | O2: 备注
A3: 1 | D3: 1 | J3: =IF(COUNT(E3:I3)=0,"",AVERAGE(E3:I3)) | K3: =IF(J3="","",J3*(1+参数设置!$B$11)*(1+参数设置!$B$6)) | L3: =IF(OR(K3="",D3=""),"",K3/D3) | M3: =IF(A3="","",参数设置!$B$12) | N3: =IF(L3="","",IF(L3>M3,"超节拍",IF(L3>=M3*0.9,"接近上限","正常")))
A4: 2 | D4: 1 | J4: =IF(COUNT(E4:I4)=0,"",AVERAGE(E4:I4)) | K4: =IF(J4="","",J4*(1+参数设置!$B$11)*(1+参数设置!$B$6)) | L4: =IF(OR(K4="",D4=""),"",K4/D4) | M4: =IF(A4="","",参数设置!$B$12) | N4: =IF(L4="","",IF(L4>M4,"超节拍",IF(L4>=M4*0.9,"接近上限","正常")))
A5: 3 | D5: 1 | J5: =IF(COUNT(E5:I5)=0,"",AVERAGE(E5:I5)) | K5: =IF(J5="","",J5*(1+参数设置!$B$11)*(1+参数设置!$B$6)) | L5: =IF(OR(K5="",D5=""),"",K5/D5) | M5: =IF(A5="","",参数设置!$B$12) | N5: =IF(L5="","",IF(L5>M5,"超节拍",IF(L5>=M5*0.9,"接近上限","正常")))
A6: 4 | D6: 1 | J6: =IF(COUNT(E6:I6)=0,"",AVERAGE(E6:I6)) | K6: =IF(J6="","",J6*(1+参数设置!$B$11)*(1+参数设置!$B$6)) | L6: =IF(OR(K6="",D6=""),"",K6/D6) | M6: =IF(A6="","",参数设置!$B$12) | N6: =IF(L6="","",IF(L6>M6,"超节拍",IF(L6>=M6*0.9,"接近上限","正常")))
A7: 5 | D7: 1 | J7: =IF(COUNT(E7:I7)=0,"",AVERAGE(E7:I7)) | K7: =IF(J7="","",J7*(1+参数设置!$B$11)*(1+参数设置!$B$6)) | L7: =IF(OR(K7="",D7=""),"",K7/D7) | M7: =IF(A7="","",参数设置!$B$12) | N7: =IF(L7="","",IF(L7>M7,"超节拍",IF(L7>=M7*0.9,"接近上限","正常")))
A8: 6 | D8: 1 | J8: =IF(COUNT(E8:I8)=0,"",AVERAGE(E8:I8)) | K8: =IF(J8="","",J8*(1+参数设置!$B$11)*(1+参数设置!$B$6)) | L8: =IF(OR(K8="",D8=""),"",K8/D8) | M8: =IF(A8="","",参数设置!$B$12) | N8: =IF(L8="","",IF(L8>M8,"超节拍",IF(L8>=M8*0.9,"接近上限","正常")))
A9: 7 | D9: 1 | J9: =IF(COUNT(E9:I9)=0,"",AVERAGE(E9:I9)) | K9: =IF(J9="","",J9*(1+参数设置!$B$11)*(1+参数设置!$B$6)) | L9: =IF(OR(K9="",D9=""),"",K9/D9) | M9: =IF(A9="","",参数设置!$B$12) | N9: =IF(L9="","",IF(L9>M9,"超节拍",IF(L9>=M9*0.9,"接近上限","正常")))
A10: 8 | D10: 1 | J10: =IF(COUNT(E10:I10)=0,"",AVERAGE(E10:I10)) | K10: =IF(J10="","",J10*(1+参数设置!$B$11)*(1+参数设置!$B$6)) | L10: =IF(OR(K10="",D10=""),"",K10/D10) | M10: =IF(A10="","",参数设置!$B$12) | N10: =IF(L10="","",IF(L10>M10,"超节拍",IF(L10>=M10*0.9,"接近上限","正常")))
A11: 9 | D11: 1 | J11: =IF(COUNT(E11:I11)=0,"",AVERAGE(E11:I11)) | K11: =IF(J11="","",J11*(1+参数设置!$B$11)*(1+参数设置!$B$6)) | L11: =IF(OR(K11="",D11=""),"",K11/D11) | M11: =IF(A11="","",参数设置!$B$12) | N11: =IF(L11="","",IF(L11>M11,"超节拍",IF(L11>=M11*0.9,"接近上限","正常")))
A12: 10 | D12: 1 | J12: =IF(COUNT(E12:I12)=0,"",AVERAGE(E12:I12)) | K12: =IF(J12="","",J12*(1+参数设置!$B$11)*(1+参数设置!$B$6)) | L12: =IF(OR(K12="",D12=""),"",K12/D12) | M12: =IF(A12="","",参数设置!$B$12) | N12: =IF(L12="","",IF(L12>M12,"超节拍",IF(L12>=M12*0.9,"接近上限","正常")))

Sheet 山积分析
A1: 负荷山积图
A3: 说明 | B3: 柱形 = 负荷ST；折线 = TT基准。图表预设覆盖工序测量表前 140 个工序行。 | D3: 线平衡率 | E3: =IFERROR(SUM(工序测量!L3:L142)/(MAX(工序测量!L3:L142)*COUNT(工序测量!L3:L142)),"")
